# bunny-head.obj, converted from G:\Course\CG-2025-Sample\Homework4-优秀作业\Homework4-优秀作业\08_马天开\data\BunnyHead.usda
# vertices are in the file's own space, USD transform baked in
v -0.081719 0.029656 -0.152501
v -0.018406 -0.024220 -0.178431
v -0.013469 -0.012000 -0.162994
v -0.034393 -0.000982 -0.172367
v -0.084314 0.003710 -0.109573
v -0.042234 -0.004180 -0.172116
v -0.063308 -0.013839 -0.156606
v -0.076904 -0.026931 -0.167080
v -0.072254 0.051670 -0.115396
v -0.037857 0.001424 -0.170101
v -0.050242 0.009394 -0.157737
v -0.021217 -0.004692 -0.158879
v -0.056473 0.008179 -0.157784
v -0.039088 -0.011925 -0.168720
v -0.036996 0.001326 -0.168993
v -0.067217 -0.013734 -0.161713
v -0.026468 -0.008081 -0.181043
v -0.075983 0.049217 -0.138208
v -0.063876 -0.020064 -0.161401
v -0.088065 0.000574 -0.124968
v -0.041504 0.003277 -0.167485
v -0.064457 -0.005118 -0.153429
v -0.072666 0.051668 -0.130056
v -0.076481 -0.008938 -0.148274
v -0.087240 -0.000178 -0.119672
v -0.043720 0.002343 -0.168227
v -0.079004 0.053149 -0.128505
v -0.079779 0.050990 -0.134489
v -0.059130 0.034490 -0.150397
v -0.065692 0.038161 -0.149618
v -0.069373 -0.009191 -0.160618
v -0.045226 0.020378 -0.129355
v -0.080901 0.052155 -0.125587
v -0.029996 -0.005236 -0.178111
v -0.063939 0.034481 -0.152627
v -0.079088 -0.041373 -0.170445
v -0.091079 0.040142 -0.115060
v -0.077004 0.024535 -0.155213
v -0.025374 -0.001480 -0.158400
v -0.067819 0.030234 -0.154544
v -0.032597 -0.002595 -0.174987
v -0.078641 -0.028388 -0.163872
v -0.061996 -0.004326 -0.147615
v -0.042121 0.001075 -0.128251
v -0.081264 0.025898 -0.153812
v -0.061898 -0.008773 -0.122971
v -0.089385 0.017522 -0.099024
v -0.073880 0.053396 -0.120916
v -0.074034 0.044995 -0.144069
v -0.054057 -0.002487 -0.156716
v -0.047311 0.006074 -0.162960
v -0.084123 0.024731 -0.108321
v -0.074294 -0.015534 -0.163569
v -0.094297 0.019225 -0.126177
v -0.077256 0.043123 -0.145659
v -0.068531 0.020998 -0.156300
v -0.074472 0.050689 -0.135075
v -0.034023 -0.003727 -0.175971
v -0.075406 -0.026793 -0.168391
v -0.061896 -0.019019 -0.154242
v -0.072647 0.046977 -0.140989
v -0.093644 0.018662 -0.117894
v -0.078081 0.052137 -0.123519
v -0.026581 -0.004196 -0.155677
v -0.082472 -0.002324 -0.116241
v -0.086161 0.018245 -0.108386
v -0.086723 0.003554 -0.099917
v -0.075718 0.053087 -0.125227
v -0.077057 0.052462 -0.131935
v -0.061121 0.022517 -0.155697
v -0.088892 0.009570 -0.099209
v -0.083490 0.000758 -0.107247
v -0.070113 0.052714 -0.117903
v -0.035526 -0.004868 -0.175956
v -0.070831 0.053275 -0.122544
v -0.049020 0.031581 -0.117713
v -0.057685 0.012983 -0.155617
v -0.028399 -0.007847 -0.180706
v -0.076566 0.051489 -0.116740
v -0.086227 0.002210 -0.114668
v -0.089495 0.014235 -0.095632
v -0.067132 -0.006203 -0.157094
v -0.073697 0.014360 -0.156130
v -0.068940 -0.001972 -0.156528
v -0.008983 -0.022683 -0.169264
v -0.073019 0.022419 -0.156021
v -0.064760 -0.002037 -0.153116
v -0.078436 0.048329 -0.139280
v -0.055369 0.016161 -0.154425
v -0.094244 0.023568 -0.122074
v -0.069438 -0.017219 -0.164799
v -0.085237 0.024538 -0.110774
v -0.072653 -0.018212 -0.165679
v -0.073001 0.053035 -0.118267
v -0.068466 -0.008336 -0.134981
v -0.074684 -0.009048 -0.107861
v -0.064959 -0.012595 -0.158520
v -0.078932 0.035152 -0.150931
v -0.074114 0.038338 -0.099443
v -0.072142 0.037523 -0.105367
v -0.051840 0.007142 -0.160620
v -0.054201 0.034844 -0.114517
v -0.069382 0.037508 -0.108658
v -0.067691 0.038018 -0.107341
v -0.063782 0.037580 -0.110373
v -0.043724 0.005771 -0.161914
v -0.062830 -0.009237 -0.151895
v -0.059196 0.036235 -0.113208
v -0.072146 -0.007759 -0.134864
v -0.019409 -0.020995 -0.170411
v -0.055530 -0.001960 -0.149055
v -0.052277 0.033769 -0.117751
v -0.063954 0.038484 -0.146947
v -0.031358 -0.004674 -0.153622
v -0.056802 0.031740 -0.145147
v -0.050980 0.027585 -0.134866
v -0.019712 -0.013021 -0.168291
v -0.057335 0.040231 -0.123401
v -0.054173 0.037576 -0.123379
v -0.042764 0.005202 -0.157275
v -0.034070 -0.013787 -0.161490
v -0.066299 0.050616 -0.123371
v -0.045301 0.007204 -0.156951
v -0.030072 -0.006360 -0.172583
v -0.034508 0.001650 -0.154475
v -0.059937 0.040771 -0.127262
v -0.036752 0.004186 -0.158021
v -0.037885 0.000247 -0.161997
v -0.022048 -0.012095 -0.183486
v -0.024365 -0.009831 -0.180968
v -0.044882 0.007645 -0.150530
v -0.067504 0.048036 -0.114241
v -0.016258 -0.009693 -0.160313
v -0.063926 -0.040730 -0.167924
v -0.041665 0.004541 -0.149961
v -0.035203 -0.002681 -0.164936
v -0.039938 0.001602 -0.149228
v -0.046989 0.026986 -0.126008
v -0.029265 -0.002104 -0.161404
v -0.068701 0.043042 -0.144635
v -0.056070 0.029868 -0.150007
v -0.041804 0.006455 -0.155821
v -0.068369 0.052438 -0.122893
v -0.018383 -0.017136 -0.185437
v -0.059375 0.040548 -0.119982
v -0.026292 -0.000518 -0.159634
v -0.049508 0.030259 -0.129495
v -0.064205 0.048008 -0.122439
v -0.065424 0.041309 -0.140113
v -0.049350 0.011274 -0.149135
v -0.069761 0.048265 -0.134429
v -0.056917 0.039427 -0.126235
v -0.058299 0.032937 -0.138855
v -0.064348 0.046650 -0.126281
v -0.057031 0.036495 -0.115620
v -0.030134 -0.007359 -0.170113
v -0.037077 0.001610 -0.159864
v -0.056033 0.031971 -0.137311
v -0.067676 0.043868 -0.141503
v -0.024366 -0.011720 -0.176933
v -0.013253 -0.014120 -0.166272
v -0.017969 -0.018103 -0.180780
v -0.062146 0.036701 -0.135998
v -0.032800 0.002196 -0.159487
v -0.066702 0.045481 -0.132106
v -0.041601 0.003537 -0.159780
v -0.016531 -0.009248 -0.163250
v -0.017892 -0.006707 -0.161138
v -0.031356 0.001913 -0.158099
v -0.058260 0.032441 -0.140995
v -0.066817 0.051490 -0.119515
v -0.068090 0.051151 -0.116471
v -0.061296 0.037138 -0.145200
v -0.062763 0.036679 -0.137780
v -0.015815 -0.018654 -0.175049
v -0.092269 0.017017 -0.114752
v -0.063713 0.038007 -0.112743
v -0.061096 0.039654 -0.117017
v -0.055517 0.036598 -0.129561
v -0.040802 0.003745 -0.164361
v -0.010987 -0.016048 -0.166212
v -0.030351 -0.005329 -0.164482
v -0.065600 0.042319 -0.113295
v -0.078225 -0.002502 -0.149625
v -0.046095 0.009003 -0.152969
v -0.052369 0.018935 -0.146829
v -0.021592 -0.006862 -0.157634
v -0.089481 0.025061 -0.138400
v -0.053217 0.032978 -0.132220
v -0.037777 0.004370 -0.155519
v -0.090549 0.021681 -0.135119
v -0.063367 0.041670 -0.130371
v -0.052116 0.020510 -0.141799
v -0.054731 0.028980 -0.142672
v -0.047657 0.025524 -0.130775
v -0.011447 -0.019603 -0.171311
v -0.036647 -0.000282 -0.166401
v -0.046654 0.007802 -0.159178
v -0.045570 0.005651 -0.146636
v -0.064287 0.039946 -0.134636
v -0.061129 0.038916 -0.131783
v -0.047844 0.028833 -0.122151
v -0.049537 0.031778 -0.124913
v -0.071135 0.047854 -0.138177
v -0.062442 0.036966 -0.140848
v -0.062165 -0.017838 -0.156668
v -0.063603 0.042572 -0.115715
v -0.049666 0.032163 -0.120638
v -0.029177 -0.005624 -0.176200
v -0.058203 0.036919 -0.132710
v -0.054726 0.037451 -0.120713
v -0.019926 -0.009990 -0.164897
v -0.055860 0.037253 -0.117743
v -0.063757 -0.050156 -0.159122
v -0.018528 -0.017044 -0.176532
v -0.077721 0.048156 -0.113559
v -0.053078 0.028266 -0.137547
v -0.062991 0.045236 -0.119995
v -0.065398 0.048736 -0.117520
v -0.061946 -0.056648 -0.164792
v -0.022876 -0.013431 -0.173928
v -0.051942 0.034588 -0.125660
v -0.031582 -0.005732 -0.166419
v -0.022602 -0.006072 -0.162504
v -0.012894 -0.022625 -0.178790
v -0.024939 -0.011330 -0.170311
v -0.048469 0.008366 -0.145596
v -0.023344 -0.003186 -0.161035
v -0.092595 0.026803 -0.119438
v -0.074315 -0.006670 -0.137617
v -0.092499 0.029256 -0.121315
v -0.077378 -0.014134 -0.157643
v -0.092907 0.036523 -0.123070
v -0.061511 0.043063 -0.123736
v -0.068145 0.050149 -0.127487
v -0.020617 -0.014299 -0.182376
v -0.050718 0.011817 -0.152763
v -0.060010 0.035450 -0.142845
v -0.058603 0.033809 -0.146372
v -0.075918 -0.016842 -0.149977
v -0.090254 0.037720 -0.113663
v -0.090594 0.010277 -0.113731
v -0.062542 -0.057822 -0.176795
v -0.011092 -0.025996 -0.179921
v -0.062263 -0.022579 -0.152199
v -0.011184 -0.016152 -0.164500
v -0.062373 -0.028997 -0.153130
v -0.009249 -0.028270 -0.177259
v -0.081269 0.029441 -0.108794
v -0.035101 -0.000133 -0.152034
v -0.014223 -0.013349 -0.161674
v -0.048664 0.006806 -0.136385
v -0.009584 -0.028391 -0.174261
v -0.053832 0.025067 -0.149817
v -0.083818 0.028524 -0.111091
v -0.062514 -0.052788 -0.172131
v -0.062346 -0.007660 -0.147455
v -0.049423 0.008973 -0.142835
v -0.082762 0.044221 -0.111623
v -0.052166 0.017449 -0.150137
v -0.063617 -0.020170 -0.148014
v -0.051493 0.023662 -0.137964
v -0.061518 -0.060632 -0.175174
v -0.062682 -0.045714 -0.167441
v -0.053342 0.024261 -0.144012
v -0.008696 -0.026709 -0.172916
v -0.063070 -0.042952 -0.158975
v -0.085911 0.007658 -0.109688
v -0.088195 0.017509 -0.103146
v -0.061954 -0.052621 -0.168653
v -0.090558 0.016141 -0.112760
v -0.088469 0.012679 -0.111243
v -0.093576 0.026213 -0.124746
v -0.093190 0.037914 -0.120199
v -0.009230 -0.024198 -0.173145
v -0.036993 -0.002037 -0.150639
v -0.061880 -0.025806 -0.160004
v -0.076538 -0.012899 -0.153449
v -0.083159 0.003076 -0.146743
v -0.087056 0.009765 -0.105628
v -0.071448 -0.055479 -0.181053
v -0.085632 -0.002734 -0.124611
v -0.091822 0.036459 -0.127473
v -0.062425 -0.049667 -0.163666
v -0.071169 -0.027591 -0.147402
v -0.050365 0.001953 -0.137158
v -0.050493 0.016292 -0.141599
v -0.061407 -0.058266 -0.172688
v -0.074853 -0.027753 -0.149931
v -0.074227 -0.038240 -0.164370
v -0.009785 -0.024757 -0.169285
v -0.089578 0.003523 -0.120783
v -0.062312 -0.040624 -0.163711
v -0.048434 0.013245 -0.137550
v -0.089313 0.030459 -0.136530
v -0.074230 -0.025167 -0.156527
v -0.048024 0.004250 -0.144266
v -0.092020 0.035843 -0.116115
v -0.062059 -0.033785 -0.156978
v -0.009702 -0.019360 -0.167389
v -0.029460 -0.001191 -0.155503
v -0.086396 0.005982 -0.104794
v -0.054911 0.028439 -0.146623
v -0.090822 0.006100 -0.122769
v -0.093040 0.011217 -0.120264
v -0.011243 -0.018241 -0.164575
v -0.051108 0.014279 -0.145202
v -0.092737 0.032693 -0.120731
v -0.062279 -0.014673 -0.151666
v -0.091044 0.021730 -0.141999
v -0.074004 -0.053916 -0.178185
v -0.061769 -0.034046 -0.160680
v -0.049747 0.005294 -0.141125
v -0.090950 0.017371 -0.138954
v -0.072455 -0.053535 -0.176107
v -0.075863 -0.009021 -0.150713
v -0.085270 0.001394 -0.102678
v -0.077026 -0.004617 -0.113968
v -0.085149 0.002481 -0.139655
v -0.063313 -0.032895 -0.165033
v -0.061591 -0.025946 -0.156816
v -0.044843 0.001711 -0.146294
v -0.064124 -0.058730 -0.179536
v -0.067070 -0.056619 -0.180727
v -0.064794 -0.055883 -0.178853
v -0.064371 -0.049226 -0.172962
v -0.070382 -0.053173 -0.180712
v -0.075269 0.034374 -0.152329
v -0.062116 0.018034 -0.156008
v -0.056011 0.025369 -0.153817
v -0.037278 -0.000866 -0.172891
v -0.074159 -0.050795 -0.179873
v -0.079040 0.015142 -0.155374
v -0.072506 0.029589 -0.154595
v -0.067738 -0.050376 -0.177289
v -0.059576 0.026373 -0.154724
v -0.077383 0.030895 -0.153466
v -0.081497 0.019697 -0.154731
v -0.072223 -0.005424 -0.158967
v -0.013709 -0.025550 -0.184912
v -0.043465 0.022519 -0.124511
v -0.069104 0.001637 -0.155595
v -0.073748 0.002349 -0.155393
v -0.068192 -0.045366 -0.174398
v -0.060053 0.032888 -0.152804
v -0.072777 -0.048209 -0.178545
v -0.076596 -0.047118 -0.177532
v -0.086368 0.011981 -0.109065
v -0.049105 0.019314 -0.136669
v -0.042931 0.009270 -0.129284
v -0.065320 0.000914 -0.153903
v -0.092675 0.011890 -0.117019
v -0.065740 0.026018 -0.155653
v -0.086562 0.008433 -0.142492
v -0.070732 0.006906 -0.155700
v -0.044286 0.020795 -0.126066
v -0.070222 0.036719 -0.151435
v -0.015211 -0.022057 -0.184636
v -0.017271 -0.019978 -0.186996
v -0.083561 0.007681 -0.152559
v -0.088130 0.005679 -0.097541
v -0.088399 0.010641 -0.138990
v -0.067781 0.014276 -0.156145
v -0.088746 0.007148 -0.136256
v -0.077207 -0.018973 -0.156400
v -0.093176 0.023362 -0.118210
v -0.066547 -0.042128 -0.171711
v -0.069136 -0.039013 -0.172478
v -0.075391 -0.052402 -0.179528
v -0.023299 -0.017923 -0.183243
v -0.061642 0.011100 -0.155820
v -0.043046 0.016842 -0.127851
v -0.088631 0.007934 -0.094881
v -0.091715 0.030809 -0.117100
v -0.072084 -0.041930 -0.174998
v -0.069541 0.033866 -0.153085
v -0.040081 0.019607 -0.126284
v -0.072823 -0.015655 -0.145106
v -0.085270 0.023291 -0.105518
v -0.076051 -0.006272 -0.111038
v -0.086538 0.025875 -0.151548
v -0.054642 0.012612 -0.155230
v -0.089408 0.030925 -0.143528
v -0.020891 -0.015037 -0.185953
v -0.070864 -0.009732 -0.161365
v -0.070920 -0.032764 -0.171367
v -0.054454 0.022505 -0.152977
v -0.089319 0.013418 -0.099547
v -0.075429 -0.032880 -0.170956
v -0.092241 0.041202 -0.118168
v -0.056628 0.029629 -0.152706
v -0.057265 0.019322 -0.155063
v -0.074108 -0.037987 -0.173557
v -0.066096 0.007156 -0.155325
v -0.080768 -0.001531 -0.143014
v -0.091758 0.017791 -0.143346
v -0.086825 0.015521 -0.152808
v -0.065808 -0.030559 -0.167643
v -0.078217 -0.033564 -0.168740
v -0.072567 0.041714 -0.147532
v -0.079791 -0.006628 -0.103517
v -0.076655 0.007969 -0.155098
v -0.075260 0.039176 -0.149386
v -0.025920 -0.013541 -0.182728
v -0.067984 -0.031627 -0.169748
v -0.059582 0.007921 -0.156233
v -0.090759 0.026008 -0.142234
v -0.046548 0.016890 -0.133208
v -0.024107 -0.011545 -0.183809
v -0.085330 0.020378 -0.153399
v -0.047766 0.022874 -0.133020
v -0.063542 -0.025913 -0.163321
v -0.066605 -0.020671 -0.164774
v -0.068504 -0.023960 -0.167320
v -0.072759 -0.027013 -0.169659
v -0.045078 0.011146 -0.131244
v -0.052420 0.012927 -0.153101
v -0.070360 -0.026144 -0.169070
v -0.093281 0.013505 -0.126911
v -0.087405 0.013646 -0.105940
v -0.062099 0.030837 -0.154067
v -0.045852 0.027665 -0.120730
v -0.089607 0.029309 -0.139711
v -0.053323 0.016214 -0.152735
v -0.033674 -0.008180 -0.177744
v -0.074489 -0.002595 -0.156494
v -0.046756 0.008121 -0.132843
v -0.084970 0.012654 -0.153223
v -0.088761 0.021079 -0.097037
v -0.038671 -0.012358 -0.160702
v -0.076890 -0.006957 -0.130419
v -0.066916 -0.008908 -0.122789
v -0.085856 0.027415 -0.097025
v -0.080379 0.033646 -0.097801
v -0.087406 0.022020 -0.102052
v -0.075729 0.036071 -0.103540
v -0.051815 0.001749 -0.163926
v -0.078849 0.050623 -0.118674
v -0.075537 -0.010439 -0.159771
v -0.080050 0.048762 -0.116704
v -0.082404 0.049365 -0.121866
v -0.092238 0.040787 -0.124885
v -0.085919 0.039850 -0.142634
v -0.089431 0.027695 -0.147306
v -0.085986 0.034827 -0.146709
v -0.083299 0.033741 -0.149608
v -0.088764 0.046560 -0.119449
v -0.077693 -0.041479 -0.173680
v -0.078936 0.039463 -0.148172
v -0.086605 0.046783 -0.132268
v -0.092654 0.041630 -0.120840
v -0.089771 0.043023 -0.129049
v -0.083702 -0.003730 -0.122264
v -0.081455 0.052118 -0.130122
v -0.078598 -0.046608 -0.174416
v -0.082228 0.040600 -0.145138
v -0.091132 0.044115 -0.122821
v -0.046076 0.000737 -0.168197
v -0.087829 0.035708 -0.143515
v -0.086991 0.042317 -0.138123
v -0.083804 0.050440 -0.125611
v -0.088564 0.045393 -0.116245
v -0.083883 0.049114 -0.133315
v -0.076003 -0.018021 -0.163613
v -0.083799 0.028038 -0.102907
v -0.088252 0.046141 -0.126927
v -0.079127 0.032051 -0.106199
v -0.088206 0.023744 -0.094486
v -0.089110 0.037659 -0.138514
v -0.021416 -0.021733 -0.179777
v -0.060484 0.004334 -0.155680
v -0.086389 0.048412 -0.121685
v -0.074084 -0.032610 -0.149877
v -0.083837 0.044894 -0.139279
v -0.086154 0.048564 -0.127356
v -0.076424 -0.009035 -0.157363
v -0.084151 0.050484 -0.129550
v -0.081704 0.030940 -0.101672
v -0.086253 0.025414 -0.101068
v -0.080945 0.047359 -0.139036
v -0.088361 0.026044 -0.149967
v -0.083578 0.049177 -0.120526
v -0.014656 -0.025973 -0.174565
v -0.073790 -0.007885 -0.120167
v -0.088366 0.005823 -0.113619
v -0.077697 -0.043118 -0.170279
v -0.043793 -0.007303 -0.169555
v -0.077587 -0.050221 -0.177179
v -0.075641 -0.026908 -0.159304
v -0.072303 -0.041544 -0.151867
v -0.089560 0.004546 -0.128517
v -0.076987 -0.002297 -0.153694
v -0.070122 -0.051174 -0.168826
v -0.048070 -0.008408 -0.124930
v -0.073387 -0.029944 -0.154634
v -0.080066 0.000605 -0.150396
v -0.083109 -0.003293 -0.102654
v -0.075428 -0.014394 -0.152012
v -0.091004 0.021507 -0.148857
v -0.039520 -0.007575 -0.173859
v -0.089641 0.034142 -0.138419
v -0.092601 0.025184 -0.130187
v -0.092281 0.029752 -0.127621
v -0.090200 0.005675 -0.116575
v -0.071724 -0.021568 -0.146174
v -0.057521 0.004162 -0.158776
v -0.080959 -0.002019 -0.109267
v -0.077650 -0.016599 -0.156580
v -0.078876 0.003988 -0.153470
v -0.073503 -0.044792 -0.168719
v -0.079130 -0.035506 -0.167366
v -0.067684 -0.055466 -0.165336
v -0.032748 -0.011627 -0.177599
v -0.088875 0.020087 -0.151694
v -0.077153 -0.047868 -0.173787
v -0.078578 -0.031826 -0.164206
v -0.087041 0.000912 -0.130589
v -0.090009 0.005922 -0.132781
v -0.092233 0.015431 -0.131954
v -0.048640 -0.005059 -0.164725
v -0.086795 0.004558 -0.138507
v -0.092990 0.019919 -0.130923
v -0.091282 0.024689 -0.133119
v -0.090242 0.014149 -0.135760
v -0.061569 -0.061679 -0.170849
v -0.066070 -0.058644 -0.165578
v -0.024540 -0.018727 -0.180059
v -0.016132 -0.026037 -0.182988
v -0.089146 0.025953 -0.136505
v -0.090377 0.031083 -0.132525
v -0.090795 0.020563 -0.138552
v -0.094238 0.022201 -0.126154
v -0.090337 0.038139 -0.131198
v -0.065510 -0.055600 -0.158573
v -0.077410 -0.020755 -0.162605
v -0.048580 -0.002526 -0.166892
v -0.076923 -0.009079 -0.153514
v -0.067751 -0.053982 -0.157348
v -0.055474 0.001376 -0.160502
v -0.066643 -0.056843 -0.160409
v -0.078200 -0.024000 -0.160732
v -0.068383 -0.054209 -0.159802
v -0.070872 -0.007956 -0.116116
v -0.069781 -0.049418 -0.159386
v -0.078700 -0.042720 -0.173139
v -0.083212 0.004213 -0.150721
v -0.087439 0.002397 -0.133749
v -0.073243 -0.035704 -0.152313
v -0.074551 -0.047551 -0.172187
v -0.074982 -0.018974 -0.154078
v -0.091556 0.010638 -0.131963
v -0.073679 -0.020236 -0.147860
v -0.091310 0.016270 -0.148486
v -0.090850 0.014809 -0.146256
v -0.068544 -0.057188 -0.175130
v -0.090206 0.013035 -0.149478
v -0.074578 -0.028648 -0.151640
v -0.089491 0.012488 -0.143926
v -0.077388 -0.004354 -0.146564
v -0.072896 -0.034109 -0.158350
v -0.076041 -0.021420 -0.156631
v -0.090012 0.015753 -0.150833
v -0.071157 -0.045361 -0.163351
v -0.071351 -0.042183 -0.157271
v -0.073548 -0.035288 -0.161208
v -0.062359 -0.061486 -0.175448
v -0.078579 -0.004603 -0.140501
v -0.091161 0.015674 -0.141444
v -0.074639 -0.007150 -0.143985
v -0.083448 -0.001687 -0.133933
v -0.075805 -0.019881 -0.151345
v -0.074924 -0.019397 -0.152730
v -0.088586 0.009878 -0.146059
v -0.085610 0.006598 -0.147125
v -0.087511 0.010152 -0.150615
v -0.074610 -0.014172 -0.147278
v -0.091490 0.022277 -0.145432
v -0.094380 0.017904 -0.121839
v -0.089698 0.013775 -0.139713
v -0.077135 -0.005582 -0.151512
v -0.051121 -0.002664 -0.163741
v -0.086443 -0.001486 -0.127674
v -0.069606 -0.050189 -0.154908
v -0.082732 0.001253 -0.141969
v -0.072618 -0.010987 -0.143681
v -0.077677 -0.036777 -0.166110
v -0.071057 -0.045779 -0.154769
v -0.092332 0.009159 -0.125239
v -0.018686 -0.020249 -0.186896
v -0.060459 -0.011355 -0.117556
v -0.017766 -0.023049 -0.185723
v -0.015451 -0.024796 -0.185976
v -0.013220 -0.027519 -0.183972
v -0.063117 0.002973 -0.154254
v -0.011097 -0.028042 -0.182023
v -0.056996 0.000602 -0.157417
v -0.058698 -0.000658 -0.151373
v -0.012172 -0.029061 -0.181251
v -0.061114 0.001000 -0.153052
v -0.013691 -0.028126 -0.179147
v -0.061994 -0.001630 -0.150281
v -0.059467 -0.001889 -0.147440
v -0.060254 -0.003791 -0.143391
v -0.068136 -0.058816 -0.180061
v -0.056215 -0.002803 -0.141392
v -0.060127 -0.009379 -0.120414
v -0.053199 -0.001658 -0.136729
v -0.047290 0.001691 -0.130554
v -0.054388 -0.003992 -0.134049
v -0.050539 -0.001087 -0.133367
v -0.067788 -0.058191 -0.180889
v -0.048982 -0.001323 -0.129806
v -0.053590 -0.007347 -0.124375
v -0.065047 -0.059759 -0.179991
v -0.052124 -0.004119 -0.129298
v -0.045334 0.001582 -0.128915
v -0.063021 -0.060394 -0.178110
v -0.050793 -0.004818 -0.127165
v -0.046459 -0.004884 -0.127240
v -0.027597 -0.018170 -0.169798
v -0.023456 -0.018823 -0.168247
v -0.065156 -0.007685 -0.140345
v -0.033620 -0.011025 -0.156915
v -0.084747 0.039488 -0.110783
v -0.082507 -0.004680 -0.127655
v -0.042819 -0.010338 -0.162202
v -0.065594 -0.060505 -0.176657
v -0.034151 -0.013313 -0.174428
v -0.050342 -0.005193 -0.155462
v -0.061084 -0.007225 -0.133862
v -0.061081 -0.059192 -0.168338
v -0.067945 -0.009511 -0.114936
v -0.071048 -0.044679 -0.151611
v -0.056572 -0.007189 -0.124803
v -0.079238 -0.005674 -0.120554
v -0.079335 -0.006118 -0.125607
v -0.056896 -0.005627 -0.133987
v -0.044854 -0.008673 -0.157460
v -0.050077 -0.003642 -0.149977
v -0.053993 -0.001109 -0.144987
v -0.027113 -0.018539 -0.173322
v -0.065060 -0.008090 -0.134521
v -0.075829 -0.005809 -0.142446
v -0.037292 -0.013627 -0.164491
v -0.019819 -0.017609 -0.165095
v -0.063921 -0.008549 -0.127742
v -0.045643 -0.007297 -0.154669
v -0.056992 -0.002240 -0.143119
v -0.080651 -0.004440 -0.131199
v -0.056544 -0.006201 -0.128509
v -0.067391 -0.008730 -0.118897
v -0.068535 -0.007805 -0.139294
v -0.010244 -0.029539 -0.178958
v -0.075273 -0.008024 -0.126801
v -0.087360 0.042049 -0.112483
v -0.064250 -0.057041 -0.160450
v -0.023854 -0.014504 -0.161645
v -0.075996 -0.006558 -0.117141
v -0.039161 -0.010581 -0.157189
v -0.063429 -0.061412 -0.171854
v -0.070595 -0.008763 -0.129948
v -0.079739 -0.004148 -0.136069
v -0.030980 -0.016241 -0.166347
v -0.088090 0.018516 -0.111355
v -0.072036 0.045361 -0.111079
v -0.033360 -0.015449 -0.169864
v -0.045752 -0.008178 -0.163408
v -0.071395 -0.008594 -0.124688
v -0.021163 -0.021977 -0.174919
v -0.081206 -0.000883 -0.112051
v -0.068876 0.039005 -0.110222
v -0.087773 0.037144 -0.111814
v -0.084341 0.046513 -0.113880
v -0.073796 0.039217 -0.108956
v -0.080895 0.037910 -0.109672
v -0.089823 0.032845 -0.113872
v -0.078450 0.042518 -0.109888
v -0.075824 0.037129 -0.107949
v -0.073110 -0.028748 -0.148472
v -0.089804 0.042772 -0.114981
v -0.069087 0.045320 -0.112050
v -0.071812 -0.034639 -0.148613
v -0.091189 0.024706 -0.115889
v -0.088828 0.023874 -0.113592
v -0.071303 0.049445 -0.113254
v -0.077209 0.034738 -0.107159
v -0.074898 0.050776 -0.114589
v -0.080469 0.046643 -0.113580
v -0.088979 0.028446 -0.114509
v -0.082711 0.048519 -0.116490
v -0.085230 0.030417 -0.112007
v -0.085645 0.034235 -0.111317
v -0.079940 0.034120 -0.109167
v -0.068603 -0.040051 -0.149923
v -0.085176 0.048139 -0.117068
v -0.075165 0.046707 -0.111543
v -0.065284 -0.049866 -0.155924
v -0.066468 -0.031579 -0.148715
v -0.062096 -0.058386 -0.163883
v -0.063275 -0.032222 -0.152457
v -0.043756 -0.002143 -0.147734
v -0.065697 -0.018975 -0.145616
v -0.066714 -0.049097 -0.153588
v -0.010483 -0.021746 -0.166683
v -0.062745 -0.059398 -0.163975
v -0.070413 -0.008459 -0.141292
v -0.061530 -0.006273 -0.140376
v -0.011452 -0.026845 -0.172206
v -0.063731 -0.060104 -0.165770
v -0.028219 -0.010999 -0.157581
v -0.018471 -0.011170 -0.159677
v -0.066701 -0.045266 -0.152368
v -0.049896 -0.001861 -0.146709
v -0.031450 -0.007680 -0.154605
v -0.067448 -0.051594 -0.155077
v -0.010907 -0.029246 -0.176493
v -0.072084 -0.039266 -0.149656
v -0.064231 -0.025900 -0.148778
v -0.063057 -0.007491 -0.143417
v -0.053043 -0.000474 -0.140926
v -0.039269 -0.006620 -0.152052
v -0.064797 -0.036186 -0.152106
v -0.064400 -0.054256 -0.158344
v -0.066178 -0.009377 -0.142183
v -0.067751 -0.023333 -0.146052
v -0.064732 -0.040465 -0.154101
v -0.024266 -0.007851 -0.156877
v -0.015723 -0.016397 -0.163123
v -0.070888 -0.014908 -0.144046
v -0.044342 -0.005686 -0.151138
v -0.062897 -0.013099 -0.146948
v -0.063755 -0.011396 -0.144289
v -0.068215 -0.014984 -0.143909
v -0.050271 0.001515 -0.143366
v -0.028536 -0.014786 -0.162085
v -0.065811 -0.012585 -0.143591
v -0.056179 -0.004067 -0.137744
v -0.068867 -0.028740 -0.147233
v -0.060965 -0.060839 -0.170021
v -0.013895 -0.021897 -0.167872
v -0.069413 -0.044539 -0.151218
vn -0.824891 -0.550680 0.127693
vn -0.824891 -0.550680 0.127693
vn -0.824891 -0.550680 0.127693
vn -0.968900 -0.068146 -0.237886
vn -0.968900 -0.068146 -0.237886
vn -0.968900 -0.068146 -0.237886
vn 0.385722 0.421148 -0.820885
vn 0.385722 0.421148 -0.820885
vn 0.385722 0.421148 -0.820885
vn 0.783592 0.260576 -0.563989
vn 0.783592 0.260576 -0.563989
vn 0.783592 0.260576 -0.563989
vn 0.298099 -0.313912 0.901441
vn 0.298099 -0.313912 0.901441
vn 0.298099 -0.313912 0.901441
vn -0.536665 0.148345 -0.830653
vn -0.536665 0.148345 -0.830653
vn -0.536665 0.148345 -0.830653
vn 0.067680 0.424977 -0.902670
vn 0.067680 0.424977 -0.902670
vn 0.067680 0.424977 -0.902670
vn 0.810227 0.309478 -0.497750
vn 0.810227 0.309478 -0.497750
vn 0.810227 0.309478 -0.497750
vn 0.715755 0.328078 -0.616490
vn 0.715755 0.328078 -0.616490
vn 0.715755 0.328078 -0.616490
vn 0.380773 0.274197 -0.883079
vn 0.380773 0.274197 -0.883079
vn 0.380773 0.274197 -0.883079
vn 0.637844 0.177521 -0.749427
vn 0.637844 0.177521 -0.749427
vn 0.637844 0.177521 -0.749427
vn 0.067237 0.739513 -0.669776
vn 0.067237 0.739513 -0.669776
vn 0.067237 0.739513 -0.669776
vn 0.121749 0.407764 -0.904934
vn 0.121749 0.407764 -0.904934
vn 0.121749 0.407764 -0.904934
vn 0.116367 0.316780 -0.941334
vn 0.116367 0.316780 -0.941334
vn 0.116367 0.316780 -0.941334
vn -0.858997 -0.027444 -0.511245
vn -0.858997 -0.027444 -0.511245
vn -0.858997 -0.027444 -0.511245
vn -0.970147 -0.104374 0.218911
vn -0.970147 -0.104374 0.218911
vn -0.970147 -0.104374 0.218911
vn -0.152234 -0.088496 -0.984375
vn -0.152234 -0.088496 -0.984375
vn -0.152234 -0.088496 -0.984375
vn -0.382672 -0.894809 -0.229955
vn -0.382672 -0.894809 -0.229955
vn -0.382672 -0.894809 -0.229955
vn -0.951233 -0.108747 -0.288668
vn -0.951233 -0.108747 -0.288668
vn -0.951233 -0.108747 -0.288668
vn -0.575161 0.411239 -0.707158
vn -0.575161 0.411239 -0.707158
vn -0.575161 0.411239 -0.707158
vn 0.537990 0.248831 -0.805388
vn 0.537990 0.248831 -0.805388
vn 0.537990 0.248831 -0.805388
vn -0.161634 0.051929 -0.985483
vn -0.161634 0.051929 -0.985483
vn -0.161634 0.051929 -0.985483
vn -0.950439 -0.132740 -0.281150
vn -0.950439 -0.132740 -0.281150
vn -0.950439 -0.132740 -0.281150
vn 0.271942 0.450382 -0.850414
vn 0.271942 0.450382 -0.850414
vn 0.271942 0.450382 -0.850414
vn -0.381554 0.262949 -0.886157
vn -0.381554 0.262949 -0.886157
vn -0.381554 0.262949 -0.886157
vn 0.689649 0.372932 -0.620730
vn 0.689649 0.372932 -0.620730
vn 0.689649 0.372932 -0.620730
vn 0.781485 0.161255 -0.602725
vn 0.781485 0.161255 -0.602725
vn 0.781485 0.161255 -0.602725
vn 0.808390 0.375880 -0.453011
vn 0.808390 0.375880 -0.453011
vn 0.808390 0.375880 -0.453011
vn -0.778660 -0.446711 -0.440611
vn -0.778660 -0.446711 -0.440611
vn -0.778660 -0.446711 -0.440611
vn 0.101245 0.508059 -0.855351
vn 0.101245 0.508059 -0.855351
vn 0.101245 0.508059 -0.855351
vn -0.545875 0.259244 -0.796752
vn -0.545875 0.259244 -0.796752
vn -0.545875 0.259244 -0.796752
vn -0.990832 -0.134817 0.008790
vn -0.990832 -0.134817 0.008790
vn -0.990832 -0.134817 0.008790
vn -0.372208 0.386157 -0.844005
vn -0.372208 0.386157 -0.844005
vn -0.372208 0.386157 -0.844005
vn -0.699255 -0.112602 0.705948
vn -0.699255 -0.112602 0.705948
vn -0.699255 -0.112602 0.705948
vn 0.561392 0.763857 -0.318373
vn 0.561392 0.763857 -0.318373
vn 0.561392 0.763857 -0.318373
vn 0.548343 0.432712 -0.715598
vn 0.548343 0.432712 -0.715598
vn 0.548343 0.432712 -0.715598
vn -0.956077 0.113374 0.270301
vn -0.956077 0.113374 0.270301
vn -0.956077 0.113374 0.270301
vn -0.411250 0.910517 0.042811
vn -0.411250 0.910517 0.042811
vn -0.411250 0.910517 0.042811
vn -0.196064 0.934090 -0.298386
vn -0.196064 0.934090 -0.298386
vn -0.196064 0.934090 -0.298386
vn -0.203237 0.926303 -0.317265
vn -0.203237 0.926303 -0.317265
vn -0.203237 0.926303 -0.317265
vn -0.097644 0.189610 -0.976992
vn -0.097644 0.189610 -0.976992
vn -0.097644 0.189610 -0.976992
vn -0.394487 0.495073 -0.774134
vn -0.394487 0.495073 -0.774134
vn -0.394487 0.495073 -0.774134
vn -0.105805 0.811249 -0.575048
vn -0.105805 0.811249 -0.575048
vn -0.105805 0.811249 -0.575048
vn 0.552786 0.056681 -0.831393
vn 0.552786 0.056681 -0.831393
vn 0.552786 0.056681 -0.831393
vn -0.775885 -0.098421 0.623150
vn -0.775885 -0.098421 0.623150
vn -0.775885 -0.098421 0.623150
vn 0.552415 0.337989 -0.761972
vn 0.552415 0.337989 -0.761972
vn 0.552415 0.337989 -0.761972
vn -0.158492 0.961501 0.224492
vn -0.158492 0.961501 0.224492
vn -0.158492 0.961501 0.224492
vn -0.332050 0.699763 -0.632514
vn -0.332050 0.699763 -0.632514
vn -0.332050 0.699763 -0.632514
vn 0.301715 0.289771 -0.908296
vn 0.301715 0.289771 -0.908296
vn 0.301715 0.289771 -0.908296
vn -0.414869 0.392528 -0.820857
vn -0.414869 0.392528 -0.820857
vn -0.414869 0.392528 -0.820857
vn -0.888668 -0.221908 -0.401281
vn -0.888668 -0.221908 -0.401281
vn -0.888668 -0.221908 -0.401281
vn 0.052559 -0.996671 -0.062325
vn 0.052559 -0.996671 -0.062325
vn 0.052559 -0.996671 -0.062325
vn 0.165881 0.439962 -0.882563
vn 0.165881 0.439962 -0.882563
vn 0.165881 0.439962 -0.882563
vn -0.213685 0.948916 0.232157
vn -0.213685 0.948916 0.232157
vn -0.213685 0.948916 0.232157
vn 0.137290 0.983354 -0.119027
vn 0.137290 0.983354 -0.119027
vn 0.137290 0.983354 -0.119027
vn -0.091331 0.859468 -0.502964
vn -0.091331 0.859468 -0.502964
vn -0.091331 0.859468 -0.502964
vn 0.782600 0.161420 -0.601233
vn 0.782600 0.161420 -0.601233
vn 0.782600 0.161420 -0.601233
vn -0.983714 -0.165834 -0.069321
vn -0.983714 -0.165834 -0.069321
vn -0.983714 -0.165834 -0.069321
vn 0.717698 0.319885 -0.618533
vn 0.717698 0.319885 -0.618533
vn 0.717698 0.319885 -0.618533
vn -0.042224 0.884436 -0.464746
vn -0.042224 0.884436 -0.464746
vn -0.042224 0.884436 -0.464746
vn -0.123733 0.757451 -0.641061
vn -0.123733 0.757451 -0.641061
vn -0.123733 0.757451 -0.641061
vn -0.033199 0.805684 -0.591415
vn -0.033199 0.805684 -0.591415
vn -0.033199 0.805684 -0.591415
vn 0.411256 0.524010 -0.745843
vn 0.411256 0.524010 -0.745843
vn 0.411256 0.524010 -0.745843
vn 0.310334 0.281736 -0.907919
vn 0.310334 0.281736 -0.907919
vn 0.310334 0.281736 -0.907919
vn -0.378866 0.909403 0.171600
vn -0.378866 0.909403 0.171600
vn -0.378866 0.909403 0.171600
vn 0.232391 0.963051 -0.136117
vn 0.232391 0.963051 -0.136117
vn 0.232391 0.963051 -0.136117
vn 0.064694 0.890815 -0.449737
vn 0.064694 0.890815 -0.449737
vn 0.064694 0.890815 -0.449737
vn 0.525302 0.097367 0.845327
vn 0.525302 0.097367 0.845327
vn 0.525302 0.097367 0.845327
vn -0.964487 -0.107230 -0.241384
vn -0.964487 -0.107230 -0.241384
vn -0.964487 -0.107230 -0.241384
vn -0.944629 -0.280268 -0.170663
vn -0.944629 -0.280268 -0.170663
vn -0.944629 -0.280268 -0.170663
vn -0.912497 -0.265333 -0.311364
vn -0.912497 -0.265333 -0.311364
vn -0.912497 -0.265333 -0.311364
vn -0.304023 0.925232 0.226969
vn -0.304023 0.925232 0.226969
vn -0.304023 0.925232 0.226969
vn 0.286117 0.915880 -0.281605
vn 0.286117 0.915880 -0.281605
vn 0.286117 0.915880 -0.281605
vn -0.102130 0.655172 -0.748545
vn -0.102130 0.655172 -0.748545
vn -0.102130 0.655172 -0.748545
vn -0.840751 -0.534855 -0.084067
vn -0.840751 -0.534855 -0.084067
vn -0.840751 -0.534855 -0.084067
vn 0.357073 -0.920450 -0.158969
vn 0.357073 -0.920450 -0.158969
vn 0.357073 -0.920450 -0.158969
vn 0.001148 0.997405 -0.071981
vn 0.001148 0.997405 -0.071981
vn 0.001148 0.997405 -0.071981
vn 0.088418 0.969407 -0.228980
vn 0.088418 0.969407 -0.228980
vn 0.088418 0.969407 -0.228980
vn 0.171103 0.857409 -0.485359
vn 0.171103 0.857409 -0.485359
vn 0.171103 0.857409 -0.485359
vn -0.066633 0.710070 -0.700971
vn -0.066633 0.710070 -0.700971
vn -0.066633 0.710070 -0.700971
vn -0.156560 0.875569 0.457021
vn -0.156560 0.875569 0.457021
vn -0.156560 0.875569 0.457021
vn 0.855873 -0.504884 -0.112132
vn 0.855873 -0.504884 -0.112132
vn 0.855873 -0.504884 -0.112132
vn -0.199064 -0.886878 0.416919
vn -0.199064 -0.886878 0.416919
vn -0.199064 -0.886878 0.416919
vn 0.080620 0.821276 -0.564806
vn 0.080620 0.821276 -0.564806
vn 0.080620 0.821276 -0.564806
vn -0.123973 -0.915173 0.383522
vn -0.123973 -0.915173 0.383522
vn -0.123973 -0.915173 0.383522
vn 0.698646 -0.175701 0.693558
vn 0.698646 -0.175701 0.693558
vn 0.698646 -0.175701 0.693558
vn 0.094585 0.990117 0.103548
vn 0.094585 0.990117 0.103548
vn 0.094585 0.990117 0.103548
vn 0.680735 -0.586412 -0.438999
vn 0.680735 -0.586412 -0.438999
vn 0.680735 -0.586412 -0.438999
vn 0.048028 0.906867 0.418672
vn 0.048028 0.906867 0.418672
vn 0.048028 0.906867 0.418672
vn 0.096819 0.989783 0.104666
vn 0.096819 0.989783 0.104666
vn 0.096819 0.989783 0.104666
vn 0.219613 0.772409 -0.595949
vn 0.219613 0.772409 -0.595949
vn 0.219613 0.772409 -0.595949
vn -0.893145 -0.404409 -0.196839
vn -0.893145 -0.404409 -0.196839
vn -0.893145 -0.404409 -0.196839
vn -0.735959 -0.172157 0.654771
vn -0.735959 -0.172157 0.654771
vn -0.735959 -0.172157 0.654771
vn -0.175383 0.972771 -0.151517
vn -0.175383 0.972771 -0.151517
vn -0.175383 0.972771 -0.151517
vn 0.237067 0.874100 -0.423968
vn 0.237067 0.874100 -0.423968
vn 0.237067 0.874100 -0.423968
vn -0.937060 0.069660 -0.342149
vn -0.937060 0.069660 -0.342149
vn -0.937060 0.069660 -0.342149
vn -0.713945 -0.688755 0.126093
vn -0.713945 -0.688755 0.126093
vn -0.713945 -0.688755 0.126093
vn 0.917205 -0.127079 0.377605
vn 0.917205 -0.127079 0.377605
vn 0.917205 -0.127079 0.377605
vn 0.883648 0.227709 0.409041
vn 0.883648 0.227709 0.409041
vn 0.883648 0.227709 0.409041
vn -0.999716 0.019921 -0.013064
vn -0.999716 0.019921 -0.013064
vn -0.999716 0.019921 -0.013064
vn 0.086686 -0.697627 0.711198
vn 0.086686 -0.697627 0.711198
vn 0.086686 -0.697627 0.711198
vn -0.999677 0.023613 -0.009380
vn -0.999677 0.023613 -0.009380
vn -0.999677 0.023613 -0.009380
vn 0.858466 -0.279120 0.430264
vn 0.858466 -0.279120 0.430264
vn 0.858466 -0.279120 0.430264
vn 0.564205 0.733917 -0.378204
vn 0.564205 0.733917 -0.378204
vn 0.564205 0.733917 -0.378204
vn 0.419250 0.798223 -0.432515
vn 0.419250 0.798223 -0.432515
vn 0.419250 0.798223 -0.432515
vn 0.759038 0.596705 0.260394
vn 0.759038 0.596705 0.260394
vn 0.759038 0.596705 0.260394
vn 0.862805 0.190331 -0.468339
vn 0.862805 0.190331 -0.468339
vn 0.862805 0.190331 -0.468339
vn -0.473462 -0.831434 0.290778
vn -0.473462 -0.831434 0.290778
vn -0.473462 -0.831434 0.290778
vn -0.363860 -0.776590 0.514310
vn -0.363860 -0.776590 0.514310
vn -0.363860 -0.776590 0.514310
vn 0.863395 0.173297 0.473832
vn 0.863395 0.173297 0.473832
vn 0.863395 0.173297 0.473832
vn 0.598885 -0.776294 -0.196736
vn 0.598885 -0.776294 -0.196736
vn 0.598885 -0.776294 -0.196736
vn -0.959424 0.281045 -0.022771
vn -0.959424 0.281045 -0.022771
vn -0.959424 0.281045 -0.022771
vn -0.885601 0.003427 -0.464433
vn -0.885601 0.003427 -0.464433
vn -0.885601 0.003427 -0.464433
vn -0.875637 -0.456677 0.157182
vn -0.875637 -0.456677 0.157182
vn -0.875637 -0.456677 0.157182
vn -0.639239 -0.718718 0.273529
vn -0.639239 -0.718718 0.273529
vn -0.639239 -0.718718 0.273529
vn 0.397409 0.246562 -0.883897
vn 0.397409 0.246562 -0.883897
vn 0.397409 0.246562 -0.883897
vn 0.979771 -0.094384 0.176465
vn 0.979771 -0.094384 0.176465
vn 0.979771 -0.094384 0.176465
vn -0.153487 -0.536649 0.829728
vn -0.153487 -0.536649 0.829728
vn -0.153487 -0.536649 0.829728
vn 0.024770 -0.998046 -0.057361
vn 0.024770 -0.998046 -0.057361
vn 0.024770 -0.998046 -0.057361
vn 0.223309 -0.972138 -0.071284
vn 0.223309 -0.972138 -0.071284
vn 0.223309 -0.972138 -0.071284
vn 0.169948 -0.294940 0.940281
vn 0.169948 -0.294940 0.940281
vn 0.169948 -0.294940 0.940281
vn 0.804134 0.364642 -0.469472
vn 0.804134 0.364642 -0.469472
vn 0.804134 0.364642 -0.469472
vn 0.991588 0.118393 -0.052316
vn 0.991588 0.118393 -0.052316
vn 0.991588 0.118393 -0.052316
vn 0.268023 -0.258056 0.928208
vn 0.268023 -0.258056 0.928208
vn 0.268023 -0.258056 0.928208
vn -0.240580 0.430498 -0.869938
vn -0.240580 0.430498 -0.869938
vn -0.240580 0.430498 -0.869938
vn 0.172753 -0.683294 0.709412
vn 0.172753 -0.683294 0.709412
vn 0.172753 -0.683294 0.709412
vn 0.491693 -0.272567 0.827010
vn 0.491693 -0.272567 0.827010
vn 0.491693 -0.272567 0.827010
vn -0.967982 -0.055956 -0.244702
vn -0.967982 -0.055956 -0.244702
vn -0.967982 -0.055956 -0.244702
vn -0.151703 0.754833 -0.638133
vn -0.151703 0.754833 -0.638133
vn -0.151703 0.754833 -0.638133
vn 0.388543 -0.780696 -0.489437
vn 0.388543 -0.780696 -0.489437
vn 0.388543 -0.780696 -0.489437
vn -0.074619 -0.494466 0.865988
vn -0.074619 -0.494466 0.865988
vn -0.074619 -0.494466 0.865988
vn 0.212648 0.874267 -0.436392
vn 0.212648 0.874267 -0.436392
vn 0.212648 0.874267 -0.436392
vn -0.754311 -0.620217 -0.215284
vn -0.754311 -0.620217 -0.215284
vn -0.754311 -0.620217 -0.215284
vn 0.368673 0.369995 -0.852751
vn 0.368673 0.369995 -0.852751
vn 0.368673 0.369995 -0.852751
vn -0.148830 -0.674136 0.723458
vn -0.148830 -0.674136 0.723458
vn -0.148830 -0.674136 0.723458
vn 0.250339 -0.499786 0.829183
vn 0.250339 -0.499786 0.829183
vn 0.250339 -0.499786 0.829183
vn 0.514129 0.853676 -0.083123
vn 0.514129 0.853676 -0.083123
vn 0.514129 0.853676 -0.083123
vn -0.868777 -0.395941 -0.297417
vn -0.868777 -0.395941 -0.297417
vn -0.868777 -0.395941 -0.297417
vn 0.895295 0.384595 0.224798
vn 0.895295 0.384595 0.224798
vn 0.895295 0.384595 0.224798
vn -0.908494 -0.415241 0.047043
vn -0.908494 -0.415241 0.047043
vn -0.908494 -0.415241 0.047043
vn 0.442420 -0.293310 0.847487
vn 0.442420 -0.293310 0.847487
vn 0.442420 -0.293310 0.847487
vn 0.177732 0.922656 -0.342224
vn 0.177732 0.922656 -0.342224
vn 0.177732 0.922656 -0.342224
vn 0.201182 0.877279 -0.435783
vn 0.201182 0.877279 -0.435783
vn 0.201182 0.877279 -0.435783
vn -0.115767 0.771588 -0.625499
vn -0.115767 0.771588 -0.625499
vn -0.115767 0.771588 -0.625499
vn -0.997276 -0.062364 -0.039383
vn -0.997276 -0.062364 -0.039383
vn -0.997276 -0.062364 -0.039383
vn 0.935462 0.007192 0.353353
vn 0.935462 0.007192 0.353353
vn 0.935462 0.007192 0.353353
vn 0.996507 0.058813 0.059279
vn 0.996507 0.058813 0.059279
vn 0.996507 0.058813 0.059279
vn 0.988817 -0.060022 -0.136523
vn 0.988817 -0.060022 -0.136523
vn 0.988817 -0.060022 -0.136523
vn 0.771575 -0.304022 0.558786
vn 0.771575 -0.304022 0.558786
vn 0.771575 -0.304022 0.558786
vn 0.521396 0.167721 0.836669
vn 0.521396 0.167721 0.836669
vn 0.521396 0.167721 0.836669
vn -0.434927 0.024343 -0.900137
vn -0.434927 0.024343 -0.900137
vn -0.434927 0.024343 -0.900137
vn 0.318872 0.924216 -0.210108
vn 0.318872 0.924216 -0.210108
vn 0.318872 0.924216 -0.210108
vn -0.086104 0.761262 -0.642703
vn -0.086104 0.761262 -0.642703
vn -0.086104 0.761262 -0.642703
vn 0.350259 0.916956 -0.191077
vn 0.350259 0.916956 -0.191077
vn 0.350259 0.916956 -0.191077
vn -0.857727 -0.261326 -0.442734
vn -0.857727 -0.261326 -0.442734
vn -0.857727 -0.261326 -0.442734
vn 0.735528 0.615615 0.282873
vn 0.735528 0.615615 0.282873
vn 0.735528 0.615615 0.282873
vn 0.124194 0.861021 -0.493173
vn 0.124194 0.861021 -0.493173
vn 0.124194 0.861021 -0.493173
vn 0.615830 0.666876 -0.419559
vn 0.615830 0.666876 -0.419559
vn 0.615830 0.666876 -0.419559
vn -0.326915 0.942319 0.071838
vn -0.326915 0.942319 0.071838
vn -0.326915 0.942319 0.071838
vn 0.748346 0.589014 0.305027
vn 0.748346 0.589014 0.305027
vn 0.748346 0.589014 0.305027
vn 0.633279 0.084259 -0.769323
vn 0.633279 0.084259 -0.769323
vn 0.633279 0.084259 -0.769323
vn 0.306767 -0.289754 0.906607
vn 0.306767 -0.289754 0.906607
vn 0.306767 -0.289754 0.906607
vn -0.859555 -0.310978 0.405535
vn -0.859555 -0.310978 0.405535
vn -0.859555 -0.310978 0.405535
vn -0.954913 -0.184454 -0.232634
vn -0.954913 -0.184454 -0.232634
vn -0.954913 -0.184454 -0.232634
vn 0.634872 0.763702 -0.117032
vn 0.634872 0.763702 -0.117032
vn 0.634872 0.763702 -0.117032
vn -0.886879 -0.414618 -0.203809
vn -0.886879 -0.414618 -0.203809
vn -0.886879 -0.414618 -0.203809
vn -0.688567 -0.129838 0.713455
vn -0.688567 -0.129838 0.713455
vn -0.688567 -0.129838 0.713455
vn -0.300474 0.150869 -0.941782
vn -0.300474 0.150869 -0.941782
vn -0.300474 0.150869 -0.941782
vn -0.353454 -0.801112 0.483001
vn -0.353454 -0.801112 0.483001
vn -0.353454 -0.801112 0.483001
vn 0.723161 -0.219676 0.654814
vn 0.723161 -0.219676 0.654814
vn 0.723161 -0.219676 0.654814
vn 0.013778 -0.997480 -0.069591
vn 0.013778 -0.997480 -0.069591
vn 0.013778 -0.997480 -0.069591
vn 0.911996 -0.150396 0.381634
vn 0.911996 -0.150396 0.381634
vn 0.911996 -0.150396 0.381634
vn -0.969331 0.170371 0.177119
vn -0.969331 0.170371 0.177119
vn -0.969331 0.170371 0.177119
vn -0.184032 -0.858755 0.478197
vn -0.184032 -0.858755 0.478197
vn -0.184032 -0.858755 0.478197
vn -0.207827 -0.854016 0.476933
vn -0.207827 -0.854016 0.476933
vn -0.207827 -0.854016 0.476933
vn 0.445824 0.297582 -0.844207
vn 0.445824 0.297582 -0.844207
vn 0.445824 0.297582 -0.844207
vn 0.496114 0.762635 -0.415040
vn 0.496114 0.762635 -0.415040
vn 0.496114 0.762635 -0.415040
vn 0.155416 -0.485477 0.860325
vn 0.155416 -0.485477 0.860325
vn 0.155416 -0.485477 0.860325
vn 0.771356 0.576296 0.269986
vn 0.771356 0.576296 0.269986
vn 0.771356 0.576296 0.269986
vn 0.601566 0.706976 -0.371892
vn 0.601566 0.706976 -0.371892
vn 0.601566 0.706976 -0.371892
vn -0.979912 -0.198782 -0.016047
vn -0.979912 -0.198782 -0.016047
vn -0.979912 -0.198782 -0.016047
vn -0.959310 -0.107263 -0.261187
vn -0.959310 -0.107263 -0.261187
vn -0.959310 -0.107263 -0.261187
vn 0.824522 0.483684 -0.293619
vn 0.824522 0.483684 -0.293619
vn 0.824522 0.483684 -0.293619
vn 0.477773 0.462443 -0.746914
vn 0.477773 0.462443 -0.746914
vn 0.477773 0.462443 -0.746914
vn 0.988700 -0.016414 0.149008
vn 0.988700 -0.016414 0.149008
vn 0.988700 -0.016414 0.149008
vn 0.787742 -0.595670 -0.156973
vn 0.787742 -0.595670 -0.156973
vn 0.787742 -0.595670 -0.156973
vn 0.773624 -0.584349 -0.245036
vn 0.773624 -0.584349 -0.245036
vn 0.773624 -0.584349 -0.245036
vn 0.593263 0.279328 -0.754993
vn 0.593263 0.279328 -0.754993
vn 0.593263 0.279328 -0.754993
vn 0.947482 0.062354 0.313673
vn 0.947482 0.062354 0.313673
vn 0.947482 0.062354 0.313673
vn -0.873419 0.016556 -0.486688
vn -0.873419 0.016556 -0.486688
vn -0.873419 0.016556 -0.486688
vn 0.387549 -0.224731 0.894037
vn 0.387549 -0.224731 0.894037
vn 0.387549 -0.224731 0.894037
vn 0.108114 -0.389152 0.914807
vn 0.108114 -0.389152 0.914807
vn 0.108114 -0.389152 0.914807
vn 0.397732 0.053696 -0.915929
vn 0.397732 0.053696 -0.915929
vn 0.397732 0.053696 -0.915929
vn -0.492030 0.052801 -0.868975
vn -0.492030 0.052801 -0.868975
vn -0.492030 0.052801 -0.868975
vn -0.874519 -0.473978 -0.102772
vn -0.874519 -0.473978 -0.102772
vn -0.874519 -0.473978 -0.102772
vn 0.552900 -0.314113 0.771774
vn 0.552900 -0.314113 0.771774
vn 0.552900 -0.314113 0.771774
vn 0.708488 -0.271854 0.651260
vn 0.708488 -0.271854 0.651260
vn 0.708488 -0.271854 0.651260
vn -0.985409 -0.099671 0.137968
vn -0.985409 -0.099671 0.137968
vn -0.985409 -0.099671 0.137968
vn 0.593015 -0.805089 -0.012839
vn 0.593015 -0.805089 -0.012839
vn 0.593015 -0.805089 -0.012839
vn 0.010732 -0.279007 0.960229
vn 0.010732 -0.279007 0.960229
vn 0.010732 -0.279007 0.960229
vn -0.958036 0.011240 -0.286426
vn -0.958036 0.011240 -0.286426
vn -0.958036 0.011240 -0.286426
vn 0.778135 0.568772 0.266465
vn 0.778135 0.568772 0.266465
vn 0.778135 0.568772 0.266465
vn -0.341088 0.485342 -0.805048
vn -0.341088 0.485342 -0.805048
vn -0.341088 0.485342 -0.805048
vn 0.483687 0.827456 0.285242
vn 0.483687 0.827456 0.285242
vn 0.483687 0.827456 0.285242
vn 0.357870 -0.914907 0.186744
vn 0.357870 -0.914907 0.186744
vn 0.357870 -0.914907 0.186744
vn -0.093746 -0.848209 0.521300
vn -0.093746 -0.848209 0.521300
vn -0.093746 -0.848209 0.521300
vn 0.522397 0.849021 -0.079153
vn 0.522397 0.849021 -0.079153
vn 0.522397 0.849021 -0.079153
vn 0.157121 0.589631 -0.792243
vn 0.157121 0.589631 -0.792243
vn 0.157121 0.589631 -0.792243
vn 0.925525 0.190569 -0.327240
vn 0.925525 0.190569 -0.327240
vn 0.925525 0.190569 -0.327240
vn 0.424494 0.847714 -0.318097
vn 0.424494 0.847714 -0.318097
vn 0.424494 0.847714 -0.318097
vn 0.910948 0.399780 0.101729
vn 0.910948 0.399780 0.101729
vn 0.910948 0.399780 0.101729
vn 0.464136 0.821587 -0.331018
vn 0.464136 0.821587 -0.331018
vn 0.464136 0.821587 -0.331018
vn 0.522361 0.805503 -0.279829
vn 0.522361 0.805503 -0.279829
vn 0.522361 0.805503 -0.279829
vn 0.575050 0.743104 -0.342220
vn 0.575050 0.743104 -0.342220
vn 0.575050 0.743104 -0.342220
vn 0.163823 0.651672 -0.740598
vn 0.163823 0.651672 -0.740598
vn 0.163823 0.651672 -0.740598
vn 0.208995 0.671802 0.710636
vn 0.208995 0.671802 0.710636
vn 0.208995 0.671802 0.710636
vn -0.068575 -0.780098 0.621888
vn -0.068575 -0.780098 0.621888
vn -0.068575 -0.780098 0.621888
vn 0.647231 0.757567 -0.084760
vn 0.647231 0.757567 -0.084760
vn 0.647231 0.757567 -0.084760
vn 0.759982 0.560505 -0.329030
vn 0.759982 0.560505 -0.329030
vn 0.759982 0.560505 -0.329030
vn 0.459671 0.764892 -0.451268
vn 0.459671 0.764892 -0.451268
vn 0.459671 0.764892 -0.451268
vn 0.669077 0.511710 0.538970
vn 0.669077 0.511710 0.538970
vn 0.669077 0.511710 0.538970
vn 0.696782 0.620133 0.360458
vn 0.696782 0.620133 0.360458
vn 0.696782 0.620133 0.360458
vn 0.584476 0.755077 -0.297064
vn 0.584476 0.755077 -0.297064
vn 0.584476 0.755077 -0.297064
vn 0.022044 0.422152 -0.906257
vn 0.022044 0.422152 -0.906257
vn 0.022044 0.422152 -0.906257
vn 0.785296 0.618153 -0.034616
vn 0.785296 0.618153 -0.034616
vn 0.785296 0.618153 -0.034616
vn 0.735331 0.651116 -0.187980
vn 0.735331 0.651116 -0.187980
vn 0.735331 0.651116 -0.187980
vn 0.852017 0.513354 0.102641
vn 0.852017 0.513354 0.102641
vn 0.852017 0.513354 0.102641
vn 0.848092 0.507032 0.153811
vn 0.848092 0.507032 0.153811
vn 0.848092 0.507032 0.153811
vn 0.797397 0.559022 -0.227273
vn 0.797397 0.559022 -0.227273
vn 0.797397 0.559022 -0.227273
vn 0.689305 0.617315 -0.379184
vn 0.689305 0.617315 -0.379184
vn 0.689305 0.617315 -0.379184
vn 0.686640 0.607461 -0.399396
vn 0.686640 0.607461 -0.399396
vn 0.686640 0.607461 -0.399396
vn 0.545191 0.310430 0.778717
vn 0.545191 0.310430 0.778717
vn 0.545191 0.310430 0.778717
vn 0.740033 0.378336 0.556069
vn 0.740033 0.378336 0.556069
vn 0.740033 0.378336 0.556069
vn 0.785188 0.591619 -0.182937
vn 0.785188 0.591619 -0.182937
vn 0.785188 0.591619 -0.182937
vn 0.708125 0.338383 0.619723
vn 0.708125 0.338383 0.619723
vn 0.708125 0.338383 0.619723
vn 0.869357 0.354105 0.344714
vn 0.869357 0.354105 0.344714
vn 0.869357 0.354105 0.344714
vn 0.770784 0.488106 -0.409445
vn 0.770784 0.488106 -0.409445
vn 0.770784 0.488106 -0.409445
vn 0.833991 0.509751 -0.211219
vn 0.833991 0.509751 -0.211219
vn 0.833991 0.509751 -0.211219
vn 0.772100 0.628548 -0.093747
vn 0.772100 0.628548 -0.093747
vn 0.772100 0.628548 -0.093747
vn 0.808676 0.522777 -0.269717
vn 0.808676 0.522777 -0.269717
vn 0.808676 0.522777 -0.269717
vn 0.884080 0.459984 0.082571
vn 0.884080 0.459984 0.082571
vn 0.884080 0.459984 0.082571
vn 0.775723 0.508988 -0.373074
vn 0.775723 0.508988 -0.373074
vn 0.775723 0.508988 -0.373074
vn 0.899701 0.429116 -0.079986
vn 0.899701 0.429116 -0.079986
vn 0.899701 0.429116 -0.079986
vn 0.490585 0.787347 -0.373379
vn 0.490585 0.787347 -0.373379
vn 0.490585 0.787347 -0.373379
vn 0.464867 0.309618 0.829479
vn 0.464867 0.309618 0.829479
vn 0.464867 0.309618 0.829479
vn 0.269979 0.946207 0.178337
vn 0.269979 0.946207 0.178337
vn 0.269979 0.946207 0.178337
vn 0.840245 0.433258 -0.326001
vn 0.840245 0.433258 -0.326001
vn 0.840245 0.433258 -0.326001
vn 0.692966 0.381562 0.611726
vn 0.692966 0.381562 0.611726
vn 0.692966 0.381562 0.611726
vn 0.878956 0.472468 -0.064891
vn 0.878956 0.472468 -0.064891
vn 0.878956 0.472468 -0.064891
vn 0.774094 0.481852 0.410605
vn 0.774094 0.481852 0.410605
vn 0.774094 0.481852 0.410605
vn 0.665111 0.514522 0.541197
vn 0.665111 0.514522 0.541197
vn 0.665111 0.514522 0.541197
vn 0.791198 0.610156 -0.041410
vn 0.791198 0.610156 -0.041410
vn 0.791198 0.610156 -0.041410
vn 0.492991 0.813434 -0.308683
vn 0.492991 0.813434 -0.308683
vn 0.492991 0.813434 -0.308683
vn 0.576149 0.691559 -0.435659
vn 0.576149 0.691559 -0.435659
vn 0.576149 0.691559 -0.435659
vn 0.594700 0.692584 -0.408239
vn 0.594700 0.692584 -0.408239
vn 0.594700 0.692584 -0.408239
vn 0.629627 0.614781 -0.474989
vn 0.629627 0.614781 -0.474989
vn 0.629627 0.614781 -0.474989
vn 0.749137 0.606281 -0.266864
vn 0.749137 0.606281 -0.266864
vn 0.749137 0.606281 -0.266864
vn 0.827258 0.544732 0.137515
vn 0.827258 0.544732 0.137515
vn 0.827258 0.544732 0.137515
vn 0.818066 0.571938 -0.060457
vn 0.818066 0.571938 -0.060457
vn 0.818066 0.571938 -0.060457
vn 0.725867 0.362913 0.584304
vn 0.725867 0.362913 0.584304
vn 0.725867 0.362913 0.584304
vn 0.375515 0.916914 0.135120
vn 0.375515 0.916914 0.135120
vn 0.375515 0.916914 0.135120
vn 0.531268 0.811993 0.241705
vn 0.531268 0.811993 0.241705
vn 0.531268 0.811993 0.241705
vn 0.555748 0.788224 -0.264287
vn 0.555748 0.788224 -0.264287
vn 0.555748 0.788224 -0.264287
vn -0.203277 0.615915 -0.761136
vn -0.203277 0.615915 -0.761136
vn -0.203277 0.615915 -0.761136
vn 0.559409 0.337642 0.757007
vn 0.559409 0.337642 0.757007
vn 0.559409 0.337642 0.757007
vn 0.567077 0.650783 -0.504882
vn 0.567077 0.650783 -0.504882
vn 0.567077 0.650783 -0.504882
vn -0.093284 -0.679883 0.727363
vn -0.093284 -0.679883 0.727363
vn -0.093284 -0.679883 0.727363
vn 0.433961 0.767255 0.472226
vn 0.433961 0.767255 0.472226
vn 0.433961 0.767255 0.472226
vn 0.358010 0.776550 0.518459
vn 0.358010 0.776550 0.518459
vn 0.358010 0.776550 0.518459
vn 0.429518 0.764953 0.479959
vn 0.429518 0.764953 0.479959
vn 0.429518 0.764953 0.479959
vn 0.717709 0.695195 0.039965
vn 0.717709 0.695195 0.039965
vn 0.717709 0.695195 0.039965
vn 0.450687 0.874039 -0.181486
vn 0.450687 0.874039 -0.181486
vn 0.450687 0.874039 -0.181486
vn 0.729508 0.669704 0.138978
vn 0.729508 0.669704 0.138978
vn 0.729508 0.669704 0.138978
vn 0.689606 0.625478 0.364996
vn 0.689606 0.625478 0.364996
vn 0.689606 0.625478 0.364996
vn 0.629347 0.752145 0.195451
vn 0.629347 0.752145 0.195451
vn 0.629347 0.752145 0.195451
vn 0.540824 0.818959 -0.191877
vn 0.540824 0.818959 -0.191877
vn 0.540824 0.818959 -0.191877
vn 0.471487 -0.188878 0.861409
vn 0.471487 -0.188878 0.861409
vn 0.471487 -0.188878 0.861409
vn 0.463078 0.460921 0.757041
vn 0.463078 0.460921 0.757041
vn 0.463078 0.460921 0.757041
vn 0.284623 0.698324 -0.656760
vn 0.284623 0.698324 -0.656760
vn 0.284623 0.698324 -0.656760
vn 0.403615 0.768226 0.496914
vn 0.403615 0.768226 0.496914
vn 0.403615 0.768226 0.496914
vn 0.563004 0.782101 0.267104
vn 0.563004 0.782101 0.267104
vn 0.563004 0.782101 0.267104
vn 0.563178 0.783228 0.263411
vn 0.563178 0.783228 0.263411
vn 0.563178 0.783228 0.263411
vn 0.485671 0.756095 -0.438684
vn 0.485671 0.756095 -0.438684
vn 0.485671 0.756095 -0.438684
vn 0.408680 0.801473 -0.436604
vn 0.408680 0.801473 -0.436604
vn 0.408680 0.801473 -0.436604
vn 0.527509 0.763728 -0.372095
vn 0.527509 0.763728 -0.372095
vn 0.527509 0.763728 -0.372095
vn 0.288034 0.716793 -0.635015
vn 0.288034 0.716793 -0.635015
vn 0.288034 0.716793 -0.635015
vn 0.461547 0.734568 -0.497378
vn 0.461547 0.734568 -0.497378
vn 0.461547 0.734568 -0.497378
vn 0.596188 0.773250 -0.215971
vn 0.596188 0.773250 -0.215971
vn 0.596188 0.773250 -0.215971
vn 0.541311 0.783960 -0.303955
vn 0.541311 0.783960 -0.303955
vn 0.541311 0.783960 -0.303955
vn 0.609072 0.775002 -0.168530
vn 0.609072 0.775002 -0.168530
vn 0.609072 0.775002 -0.168530
vn 0.780899 0.624302 0.021051
vn 0.780899 0.624302 0.021051
vn 0.780899 0.624302 0.021051
vn 0.778206 0.627993 0.004363
vn 0.778206 0.627993 0.004363
vn 0.778206 0.627993 0.004363
vn 0.092744 -0.681966 0.725480
vn 0.092744 -0.681966 0.725480
vn 0.092744 -0.681966 0.725480
vn 0.633350 0.755675 0.166805
vn 0.633350 0.755675 0.166805
vn 0.633350 0.755675 0.166805
vn 0.638784 0.759760 -0.121326
vn 0.638784 0.759760 -0.121326
vn 0.638784 0.759760 -0.121326
vn 0.838202 0.538908 0.083639
vn 0.838202 0.538908 0.083639
vn 0.838202 0.538908 0.083639
vn 0.502058 0.363468 0.784748
vn 0.502058 0.363468 0.784748
vn 0.502058 0.363468 0.784748
vn 0.230263 0.616927 -0.752582
vn 0.230263 0.616927 -0.752582
vn 0.230263 0.616927 -0.752582
vn 0.877990 0.140241 -0.457675
vn 0.877990 0.140241 -0.457675
vn 0.877990 0.140241 -0.457675
vn 0.710318 0.654882 -0.258029
vn 0.710318 0.654882 -0.258029
vn 0.710318 0.654882 -0.258029
vn 0.596460 0.671061 -0.440356
vn 0.596460 0.671061 -0.440356
vn 0.596460 0.671061 -0.440356
vn 0.331644 0.721743 -0.607535
vn 0.331644 0.721743 -0.607535
vn 0.331644 0.721743 -0.607535
vn 0.672888 0.514946 0.531086
vn 0.672888 0.514946 0.531086
vn 0.672888 0.514946 0.531086
vn 0.566499 0.690404 -0.449912
vn 0.566499 0.690404 -0.449912
vn 0.566499 0.690404 -0.449912
vn 0.707886 0.693995 0.131407
vn 0.707886 0.693995 0.131407
vn 0.707886 0.693995 0.131407
vn 0.448960 0.845032 -0.290441
vn 0.448960 0.845032 -0.290441
vn 0.448960 0.845032 -0.290441
vn 0.316118 0.717434 -0.620772
vn 0.316118 0.717434 -0.620772
vn 0.316118 0.717434 -0.620772
vn 0.670700 0.696170 -0.255948
vn 0.670700 0.696170 -0.255948
vn 0.670700 0.696170 -0.255948
vn 0.782480 0.611457 -0.117669
vn 0.782480 0.611457 -0.117669
vn 0.782480 0.611457 -0.117669
vn 0.587619 0.603080 0.539442
vn 0.587619 0.603080 0.539442
vn 0.587619 0.603080 0.539442
vn 0.500883 0.865454 0.010308
vn 0.500883 0.865454 0.010308
vn 0.500883 0.865454 0.010308
vn 0.665443 0.683662 0.299653
vn 0.665443 0.683662 0.299653
vn 0.665443 0.683662 0.299653
vn 0.490881 0.850654 -0.188212
vn 0.490881 0.850654 -0.188212
vn 0.490881 0.850654 -0.188212
vn 0.726630 0.672266 0.141660
vn 0.726630 0.672266 0.141660
vn 0.726630 0.672266 0.141660
vn 0.452595 0.845472 0.283433
vn 0.452595 0.845472 0.283433
vn 0.452595 0.845472 0.283433
vn -0.368161 -0.218194 0.903797
vn -0.368161 -0.218194 0.903797
vn -0.368161 -0.218194 0.903797
vn 0.709554 0.681500 0.179138
vn 0.709554 0.681500 0.179138
vn 0.709554 0.681500 0.179138
vn 0.780410 0.623031 -0.052842
vn 0.780410 0.623031 -0.052842
vn 0.780410 0.623031 -0.052842
vn 0.840140 0.530896 -0.110970
vn 0.840140 0.530896 -0.110970
vn 0.840140 0.530896 -0.110970
vn 0.851224 0.519836 -0.072025
vn 0.851224 0.519836 -0.072025
vn 0.851224 0.519836 -0.072025
vn 0.483951 0.646483 0.589789
vn 0.483951 0.646483 0.589789
vn 0.483951 0.646483 0.589789
vn 0.616080 0.780988 -0.102488
vn 0.616080 0.780988 -0.102488
vn 0.616080 0.780988 -0.102488
vn 0.765126 0.567200 0.304740
vn 0.765126 0.567200 0.304740
vn 0.765126 0.567200 0.304740
vn 0.422899 0.800980 -0.423778
vn 0.422899 0.800980 -0.423778
vn 0.422899 0.800980 -0.423778
vn 0.819724 0.568269 0.071571
vn 0.819724 0.568269 0.071571
vn 0.819724 0.568269 0.071571
vn -0.895816 -0.125729 -0.426270
vn -0.895816 -0.125729 -0.426270
vn -0.895816 -0.125729 -0.426270
vn 0.696398 0.670022 0.257101
vn 0.696398 0.670022 0.257101
vn 0.696398 0.670022 0.257101
vn 0.692764 0.657601 -0.296039
vn 0.692764 0.657601 -0.296039
vn 0.692764 0.657601 -0.296039
vn 0.605483 0.748467 -0.270532
vn 0.605483 0.748467 -0.270532
vn 0.605483 0.748467 -0.270532
vn 0.556337 0.829109 0.055380
vn 0.556337 0.829109 0.055380
vn 0.556337 0.829109 0.055380
vn 0.669692 0.564837 -0.482153
vn 0.669692 0.564837 -0.482153
vn 0.669692 0.564837 -0.482153
vn 0.939122 0.319072 0.127448
vn 0.939122 0.319072 0.127448
vn 0.939122 0.319072 0.127448
vn 0.780824 0.598019 0.180797
vn 0.780824 0.598019 0.180797
vn 0.780824 0.598019 0.180797
vn 0.179368 -0.583883 0.791775
vn 0.179368 -0.583883 0.791775
vn 0.179368 -0.583883 0.791775
vn 0.590441 0.797925 -0.121221
vn 0.590441 0.797925 -0.121221
vn 0.590441 0.797925 -0.121221
vn 0.763845 0.644451 -0.034988
vn 0.763845 0.644451 -0.034988
vn 0.763845 0.644451 -0.034988
vn 0.770122 0.606932 -0.196333
vn 0.770122 0.606932 -0.196333
vn 0.770122 0.606932 -0.196333
vn 0.696546 0.653695 -0.295816
vn 0.696546 0.653695 -0.295816
vn 0.696546 0.653695 -0.295816
vn 0.731860 0.519790 -0.440681
vn 0.731860 0.519790 -0.440681
vn 0.731860 0.519790 -0.440681
vn 0.766625 0.621672 -0.160654
vn 0.766625 0.621672 -0.160654
vn 0.766625 0.621672 -0.160654
vn 0.501453 0.714429 0.487992
vn 0.501453 0.714429 0.487992
vn 0.501453 0.714429 0.487992
vn 0.557888 0.819530 -0.130890
vn 0.557888 0.819530 -0.130890
vn 0.557888 0.819530 -0.130890
vn 0.556806 0.829576 0.042092
vn 0.556806 0.829576 0.042092
vn 0.556806 0.829576 0.042092
vn 0.719331 0.522805 -0.457425
vn 0.719331 0.522805 -0.457425
vn 0.719331 0.522805 -0.457425
vn 0.542491 0.838540 0.050531
vn 0.542491 0.838540 0.050531
vn 0.542491 0.838540 0.050531
vn 0.900276 0.414391 -0.133351
vn 0.900276 0.414391 -0.133351
vn 0.900276 0.414391 -0.133351
vn -0.798133 0.196333 0.569594
vn -0.798133 0.196333 0.569594
vn -0.798133 0.196333 0.569594
vn 0.370995 0.927025 0.054663
vn 0.370995 0.927025 0.054663
vn 0.370995 0.927025 0.054663
vn 0.856555 0.491434 -0.157498
vn 0.856555 0.491434 -0.157498
vn 0.856555 0.491434 -0.157498
vn 0.811522 -0.179805 0.555970
vn 0.811522 -0.179805 0.555970
vn 0.811522 -0.179805 0.555970
vn -0.975374 0.111783 0.190132
vn -0.975374 0.111783 0.190132
vn -0.975374 0.111783 0.190132
vn 0.856500 0.508597 -0.087962
vn 0.856500 0.508597 -0.087962
vn 0.856500 0.508597 -0.087962
vn 0.873788 0.485996 -0.017400
vn 0.873788 0.485996 -0.017400
vn 0.873788 0.485996 -0.017400
vn 0.795049 0.427198 -0.430579
vn 0.795049 0.427198 -0.430579
vn 0.795049 0.427198 -0.430579
vn 0.836983 0.545842 0.038934
vn 0.836983 0.545842 0.038934
vn 0.836983 0.545842 0.038934
vn 0.785624 -0.251601 0.565236
vn 0.785624 -0.251601 0.565236
vn 0.785624 -0.251601 0.565236
vn 0.879375 0.475017 -0.032535
vn 0.879375 0.475017 -0.032535
vn 0.879375 0.475017 -0.032535
vn -0.203016 -0.884869 0.419275
vn -0.203016 -0.884869 0.419275
vn -0.203016 -0.884869 0.419275
vn 0.600669 0.791452 -0.113138
vn 0.600669 0.791452 -0.113138
vn 0.600669 0.791452 -0.113138
vn 0.227986 0.883741 -0.408686
vn 0.227986 0.883741 -0.408686
vn 0.227986 0.883741 -0.408686
vn 0.877394 0.410239 -0.248766
vn 0.877394 0.410239 -0.248766
vn 0.877394 0.410239 -0.248766
vn 0.315144 0.844579 -0.432863
vn 0.315144 0.844579 -0.432863
vn 0.315144 0.844579 -0.432863
vn 0.423723 0.798142 -0.428285
vn 0.423723 0.798142 -0.428285
vn 0.423723 0.798142 -0.428285
vn 0.381051 0.804412 -0.455764
vn 0.381051 0.804412 -0.455764
vn 0.381051 0.804412 -0.455764
vn 0.532546 0.469438 0.704289
vn 0.532546 0.469438 0.704289
vn 0.532546 0.469438 0.704289
vn -0.254174 -0.941167 0.222711
vn -0.254174 -0.941167 0.222711
vn -0.254174 -0.941167 0.222711
vn 0.627302 0.725528 -0.283020
vn 0.627302 0.725528 -0.283020
vn 0.627302 0.725528 -0.283020
vn 0.435098 0.719017 0.541945
vn 0.435098 0.719017 0.541945
vn 0.435098 0.719017 0.541945
vn 0.333477 -0.195759 0.922210
vn 0.333477 -0.195759 0.922210
vn 0.333477 -0.195759 0.922210
vn 0.249222 0.623411 -0.741112
vn 0.249222 0.623411 -0.741112
vn 0.249222 0.623411 -0.741112
vn -0.058370 -0.423494 0.904016
vn -0.058370 -0.423494 0.904016
vn -0.058370 -0.423494 0.904016
vn 0.569076 0.805159 -0.166948
vn 0.569076 0.805159 -0.166948
vn 0.569076 0.805159 -0.166948
vn 0.203988 0.533603 -0.820766
vn 0.203988 0.533603 -0.820766
vn 0.203988 0.533603 -0.820766
vn 0.635928 -0.198161 -0.745874
vn 0.635928 -0.198161 -0.745874
vn 0.635928 -0.198161 -0.745874
vn 0.640877 0.761012 -0.100683
vn 0.640877 0.761012 -0.100683
vn 0.640877 0.761012 -0.100683
vn 0.247906 0.681278 -0.688769
vn 0.247906 0.681278 -0.688769
vn 0.247906 0.681278 -0.688769
vn 0.297604 0.721320 -0.625404
vn 0.297604 0.721320 -0.625404
vn 0.297604 0.721320 -0.625404
vn 0.772326 0.597152 0.216615
vn 0.772326 0.597152 0.216615
vn 0.772326 0.597152 0.216615
vn 0.468186 -0.767786 0.437385
vn 0.468186 -0.767786 0.437385
vn 0.468186 -0.767786 0.437385
vn 0.889483 0.359952 -0.281521
vn 0.889483 0.359952 -0.281521
vn 0.889483 0.359952 -0.281521
vn 0.902097 0.424222 0.079100
vn 0.902097 0.424222 0.079100
vn 0.902097 0.424222 0.079100
vn 0.456399 0.469689 -0.755707
vn 0.456399 0.469689 -0.755707
vn 0.456399 0.469689 -0.755707
vn 0.712067 -0.569471 -0.410687
vn 0.712067 -0.569471 -0.410687
vn 0.712067 -0.569471 -0.410687
vn -0.639419 0.211134 -0.739301
vn -0.639419 0.211134 -0.739301
vn -0.639419 0.211134 -0.739301
vn 0.623438 0.631619 -0.460850
vn 0.623438 0.631619 -0.460850
vn 0.623438 0.631619 -0.460850
vn 0.774397 0.579549 0.253835
vn 0.774397 0.579549 0.253835
vn 0.774397 0.579549 0.253835
vn 0.319426 0.696108 -0.642963
vn 0.319426 0.696108 -0.642963
vn 0.319426 0.696108 -0.642963
vn 0.641505 0.757699 0.119847
vn 0.641505 0.757699 0.119847
vn 0.641505 0.757699 0.119847
vn 0.516594 0.853602 -0.067033
vn 0.516594 0.853602 -0.067033
vn 0.516594 0.853602 -0.067033
vn 0.248411 0.622793 -0.741903
vn 0.248411 0.622793 -0.741903
vn 0.248411 0.622793 -0.741903
vn 0.942968 -0.312052 -0.115911
vn 0.942968 -0.312052 -0.115911
vn 0.942968 -0.312052 -0.115911
vn -0.511570 -0.841874 -0.171887
vn -0.511570 -0.841874 -0.171887
vn -0.511570 -0.841874 -0.171887
vn 0.651940 0.657396 0.377894
vn 0.651940 0.657396 0.377894
vn 0.651940 0.657396 0.377894
vn 0.501853 0.839670 -0.207599
vn 0.501853 0.839670 -0.207599
vn 0.501853 0.839670 -0.207599
vn 0.946937 0.215598 -0.238385
vn 0.946937 0.215598 -0.238385
vn 0.946937 0.215598 -0.238385
vn -0.093259 -0.789415 0.606735
vn -0.093259 -0.789415 0.606735
vn -0.093259 -0.789415 0.606735
vn 0.645942 0.756792 0.100120
vn 0.645942 0.756792 0.100120
vn 0.645942 0.756792 0.100120
vn 0.652457 0.730924 -0.200125
vn 0.652457 0.730924 -0.200125
vn 0.652457 0.730924 -0.200125
vn 0.684951 -0.299296 0.664277
vn 0.684951 -0.299296 0.664277
vn 0.684951 -0.299296 0.664277
vn 0.375123 0.910319 0.174933
vn 0.375123 0.910319 0.174933
vn 0.375123 0.910319 0.174933
vn 0.947028 0.183017 -0.263900
vn 0.947028 0.183017 -0.263900
vn 0.947028 0.183017 -0.263900
vn 0.772596 -0.527584 0.353201
vn 0.772596 -0.527584 0.353201
vn 0.772596 -0.527584 0.353201
vn 0.372930 0.905291 -0.203398
vn 0.372930 0.905291 -0.203398
vn 0.372930 0.905291 -0.203398
vn 0.141330 0.477687 -0.867087
vn 0.141330 0.477687 -0.867087
vn 0.141330 0.477687 -0.867087
vn 0.809898 0.584490 0.049367
vn 0.809898 0.584490 0.049367
vn 0.809898 0.584490 0.049367
vn 0.608692 0.759683 -0.228858
vn 0.608692 0.759683 -0.228858
vn 0.608692 0.759683 -0.228858
vn 0.574182 0.806499 -0.140977
vn 0.574182 0.806499 -0.140977
vn 0.574182 0.806499 -0.140977
vn 0.211776 0.670893 0.710671
vn 0.211776 0.670893 0.710671
vn 0.211776 0.670893 0.710671
vn 0.577284 0.680911 0.450670
vn 0.577284 0.680911 0.450670
vn 0.577284 0.680911 0.450670
vn 0.301181 0.890097 -0.342078
vn 0.301181 0.890097 -0.342078
vn 0.301181 0.890097 -0.342078
vn 0.360463 0.575591 -0.734004
vn 0.360463 0.575591 -0.734004
vn 0.360463 0.575591 -0.734004
vn 0.765068 0.605944 0.217951
vn 0.765068 0.605944 0.217951
vn 0.765068 0.605944 0.217951
vn -0.240069 -0.851224 0.466674
vn -0.240069 -0.851224 0.466674
vn -0.240069 -0.851224 0.466674
vn 0.968306 0.244614 -0.050464
vn 0.968306 0.244614 -0.050464
vn 0.968306 0.244614 -0.050464
vn 0.627566 0.181515 0.757108
vn 0.627566 0.181515 0.757108
vn 0.627566 0.181515 0.757108
vn 0.615347 0.774600 0.146095
vn 0.615347 0.774600 0.146095
vn 0.615347 0.774600 0.146095
vn 0.579364 0.799773 0.157163
vn 0.579364 0.799773 0.157163
vn 0.579364 0.799773 0.157163
vn 0.753980 0.637006 0.160429
vn 0.753980 0.637006 0.160429
vn 0.753980 0.637006 0.160429
vn 0.580873 0.775916 -0.246052
vn 0.580873 0.775916 -0.246052
vn 0.580873 0.775916 -0.246052
vn 0.454970 0.888137 0.064923
vn 0.454970 0.888137 0.064923
vn 0.454970 0.888137 0.064923
vn -0.495845 -0.445099 -0.745671
vn -0.495845 -0.445099 -0.745671
vn -0.495845 -0.445099 -0.745671
vn 0.420072 0.878884 -0.226059
vn 0.420072 0.878884 -0.226059
vn 0.420072 0.878884 -0.226059
vn 0.667090 0.185713 0.721458
vn 0.667090 0.185713 0.721458
vn 0.667090 0.185713 0.721458
vn 0.599546 0.694340 0.398041
vn 0.599546 0.694340 0.398041
vn 0.599546 0.694340 0.398041
vn -0.031195 -0.995361 -0.091008
vn -0.031195 -0.995361 -0.091008
vn -0.031195 -0.995361 -0.091008
vn 0.042609 0.742753 -0.668208
vn 0.042609 0.742753 -0.668208
vn 0.042609 0.742753 -0.668208
vn 0.353126 0.846399 -0.398636
vn 0.353126 0.846399 -0.398636
vn 0.353126 0.846399 -0.398636
vn -0.002530 0.582073 -0.813132
vn -0.002530 0.582073 -0.813132
vn -0.002530 0.582073 -0.813132
vn 0.228801 0.619645 -0.750793
vn 0.228801 0.619645 -0.750793
vn 0.228801 0.619645 -0.750793
vn 0.027110 -0.540244 0.841072
vn 0.027110 -0.540244 0.841072
vn 0.027110 -0.540244 0.841072
vn 0.531453 0.772300 0.348008
vn 0.531453 0.772300 0.348008
vn 0.531453 0.772300 0.348008
vn 0.449460 0.885336 0.119021
vn 0.449460 0.885336 0.119021
vn 0.449460 0.885336 0.119021
vn 0.747339 -0.662012 0.056790
vn 0.747339 -0.662012 0.056790
vn 0.747339 -0.662012 0.056790
vn 0.797999 0.554338 0.236447
vn 0.797999 0.554338 0.236447
vn 0.797999 0.554338 0.236447
vn 0.360188 -0.142709 0.921900
vn 0.360188 -0.142709 0.921900
vn 0.360188 -0.142709 0.921900
vn 0.563782 0.308512 0.766139
vn 0.563782 0.308512 0.766139
vn 0.563782 0.308512 0.766139
vn 0.306424 0.745204 -0.592263
vn 0.306424 0.745204 -0.592263
vn 0.306424 0.745204 -0.592263
vn 0.704975 0.692224 0.154389
vn 0.704975 0.692224 0.154389
vn 0.704975 0.692224 0.154389
vn 0.720782 0.682585 0.120627
vn 0.720782 0.682585 0.120627
vn 0.720782 0.682585 0.120627
vn 0.990498 0.129356 -0.046695
vn 0.990498 0.129356 -0.046695
vn 0.990498 0.129356 -0.046695
vn 0.032501 0.898544 -0.437678
vn 0.032501 0.898544 -0.437678
vn 0.032501 0.898544 -0.437678
vn 0.302996 0.493028 -0.815547
vn 0.302996 0.493028 -0.815547
vn 0.302996 0.493028 -0.815547
vn 0.589517 0.577348 0.564924
vn 0.589517 0.577348 0.564924
vn 0.589517 0.577348 0.564924
vn -0.396071 -0.233985 0.887907
vn -0.396071 -0.233985 0.887907
vn -0.396071 -0.233985 0.887907
vn 0.666632 0.739846 0.090714
vn 0.666632 0.739846 0.090714
vn 0.666632 0.739846 0.090714
vn 0.600280 0.791159 -0.117178
vn 0.600280 0.791159 -0.117178
vn 0.600280 0.791159 -0.117178
vn -0.846365 0.265292 -0.461829
vn -0.846365 0.265292 -0.461829
vn -0.846365 0.265292 -0.461829
vn 0.693941 0.693361 -0.194156
vn 0.693941 0.693361 -0.194156
vn 0.693941 0.693361 -0.194156
vn 0.633235 0.668253 -0.390451
vn 0.633235 0.668253 -0.390451
vn 0.633235 0.668253 -0.390451
vn 0.511376 0.757852 -0.405160
vn 0.511376 0.757852 -0.405160
vn 0.511376 0.757852 -0.405160
vn 0.589991 0.312525 -0.744472
vn 0.589991 0.312525 -0.744472
vn 0.589991 0.312525 -0.744472
vn -0.008171 0.582528 -0.812770
vn -0.008171 0.582528 -0.812770
vn -0.008171 0.582528 -0.812770
vn 0.801344 0.577534 0.155891
vn 0.801344 0.577534 0.155891
vn 0.801344 0.577534 0.155891
vn -0.708841 0.059512 0.702854
vn -0.708841 0.059512 0.702854
vn -0.708841 0.059512 0.702854
vn 0.891586 -0.111271 -0.438967
vn 0.891586 -0.111271 -0.438967
vn 0.891586 -0.111271 -0.438967
vn 0.752728 0.618549 0.225383
vn 0.752728 0.618549 0.225383
vn 0.752728 0.618549 0.225383
vn 0.694948 0.688145 -0.208575
vn 0.694948 0.688145 -0.208575
vn 0.694948 0.688145 -0.208575
vn 0.363984 0.851100 0.378345
vn 0.363984 0.851100 0.378345
vn 0.363984 0.851100 0.378345
vn 0.592898 0.783678 0.185259
vn 0.592898 0.783678 0.185259
vn 0.592898 0.783678 0.185259
vn 0.377128 0.902422 -0.208347
vn 0.377128 0.902422 -0.208347
vn 0.377128 0.902422 -0.208347
vn -0.090801 0.962379 -0.256089
vn -0.090801 0.962379 -0.256089
vn -0.090801 0.962379 -0.256089
vn 0.743386 0.641815 -0.188282
vn 0.743386 0.641815 -0.188282
vn 0.743386 0.641815 -0.188282
vn -0.891521 0.295248 -0.343540
vn -0.891521 0.295248 -0.343540
vn -0.891521 0.295248 -0.343540
vn 0.342338 0.727524 -0.594570
vn 0.342338 0.727524 -0.594570
vn 0.342338 0.727524 -0.594570
vn 0.471752 0.801340 -0.367837
vn 0.471752 0.801340 -0.367837
vn 0.471752 0.801340 -0.367837
vn 0.895040 -0.094248 0.435913
vn 0.895040 -0.094248 0.435913
vn 0.895040 -0.094248 0.435913
vn -0.960558 0.019898 -0.277367
vn -0.960558 0.019898 -0.277367
vn -0.960558 0.019898 -0.277367
vn -0.999031 -0.010627 -0.042699
vn -0.999031 -0.010627 -0.042699
vn -0.999031 -0.010627 -0.042699
vn 0.985535 -0.062097 0.157687
vn 0.985535 -0.062097 0.157687
vn 0.985535 -0.062097 0.157687
vn 0.983865 -0.042088 0.173893
vn 0.983865 -0.042088 0.173893
vn 0.983865 -0.042088 0.173893
vn 0.944974 0.039371 -0.324768
vn 0.944974 0.039371 -0.324768
vn 0.944974 0.039371 -0.324768
vn 0.371937 -0.163837 0.913685
vn 0.371937 -0.163837 0.913685
vn 0.371937 -0.163837 0.913685
vn -0.970121 -0.101863 0.220201
vn -0.970121 -0.101863 0.220201
vn -0.970121 -0.101863 0.220201
vn -0.879820 -0.156200 -0.448908
vn -0.879820 -0.156200 -0.448908
vn -0.879820 -0.156200 -0.448908
vn -0.781371 0.318401 0.536731
vn -0.781371 0.318401 0.536731
vn -0.781371 0.318401 0.536731
vn -0.993468 -0.112110 -0.021264
vn -0.993468 -0.112110 -0.021264
vn -0.993468 -0.112110 -0.021264
vn -0.928053 0.293902 -0.228780
vn -0.928053 0.293902 -0.228780
vn -0.928053 0.293902 -0.228780
vn -0.980900 0.183994 -0.063091
vn -0.980900 0.183994 -0.063091
vn -0.980900 0.183994 -0.063091
vn -0.946877 0.112097 -0.301426
vn -0.946877 0.112097 -0.301426
vn -0.946877 0.112097 -0.301426
vn -0.896640 0.125598 -0.424573
vn -0.896640 0.125598 -0.424573
vn -0.896640 0.125598 -0.424573
vn 0.945820 0.068200 -0.317447
vn 0.945820 0.068200 -0.317447
vn 0.945820 0.068200 -0.317447
vn -0.962836 0.055182 -0.264390
vn -0.962836 0.055182 -0.264390
vn -0.962836 0.055182 -0.264390
vn -0.928496 -0.086186 0.361203
vn -0.928496 -0.086186 0.361203
vn -0.928496 -0.086186 0.361203
vn -0.948876 0.271770 0.160550
vn -0.948876 0.271770 0.160550
vn -0.948876 0.271770 0.160550
vn 0.963668 0.187598 -0.190134
vn 0.963668 0.187598 -0.190134
vn 0.963668 0.187598 -0.190134
vn -0.972422 -0.229117 -0.043606
vn -0.972422 -0.229117 -0.043606
vn -0.972422 -0.229117 -0.043606
vn -0.972614 -0.112922 0.203152
vn -0.972614 -0.112922 0.203152
vn -0.972614 -0.112922 0.203152
vn -0.616970 0.267781 -0.740028
vn -0.616970 0.267781 -0.740028
vn -0.616970 0.267781 -0.740028
vn -0.709214 0.252067 -0.658390
vn -0.709214 0.252067 -0.658390
vn -0.709214 0.252067 -0.658390
vn 0.988009 -0.152239 0.025703
vn 0.988009 -0.152239 0.025703
vn 0.988009 -0.152239 0.025703
vn -0.885015 0.269580 -0.379573
vn -0.885015 0.269580 -0.379573
vn -0.885015 0.269580 -0.379573
vn 0.840886 -0.329510 0.429341
vn 0.840886 -0.329510 0.429341
vn 0.840886 -0.329510 0.429341
vn 0.917887 -0.227141 0.325409
vn 0.917887 -0.227141 0.325409
vn 0.917887 -0.227141 0.325409
vn 0.985567 0.093966 -0.140812
vn 0.985567 0.093966 -0.140812
vn 0.985567 0.093966 -0.140812
vn -0.014464 -0.764819 0.644083
vn -0.014464 -0.764819 0.644083
vn -0.014464 -0.764819 0.644083
vn -0.902792 -0.371498 -0.216692
vn -0.902792 -0.371498 -0.216692
vn -0.902792 -0.371498 -0.216692
vn 0.780483 0.516913 -0.351634
vn 0.780483 0.516913 -0.351634
vn 0.780483 0.516913 -0.351634
vn 0.948446 0.207354 -0.239695
vn 0.948446 0.207354 -0.239695
vn 0.948446 0.207354 -0.239695
vn 0.103061 -0.969904 0.220603
vn 0.103061 -0.969904 0.220603
vn 0.103061 -0.969904 0.220603
vn -0.274648 -0.519189 0.809327
vn -0.274648 -0.519189 0.809327
vn -0.274648 -0.519189 0.809327
vn 0.757198 0.188679 0.625341
vn 0.757198 0.188679 0.625341
vn 0.757198 0.188679 0.625341
vn 0.994698 0.067914 -0.077230
vn 0.994698 0.067914 -0.077230
vn 0.994698 0.067914 -0.077230
vn 0.885193 0.206251 -0.417005
vn 0.885193 0.206251 -0.417005
vn 0.885193 0.206251 -0.417005
vn -0.914192 -0.297169 -0.275577
vn -0.914192 -0.297169 -0.275577
vn -0.914192 -0.297169 -0.275577
vn 0.475116 -0.102762 0.873902
vn 0.475116 -0.102762 0.873902
vn 0.475116 -0.102762 0.873902
vn 0.839408 -0.117765 0.530590
vn 0.839408 -0.117765 0.530590
vn 0.839408 -0.117765 0.530590
vn 0.971306 0.194017 -0.137555
vn 0.971306 0.194017 -0.137555
vn 0.971306 0.194017 -0.137555
vn -0.716376 -0.343076 0.607539
vn -0.716376 -0.343076 0.607539
vn -0.716376 -0.343076 0.607539
vn 0.991995 0.012967 0.125611
vn 0.991995 0.012967 0.125611
vn 0.991995 0.012967 0.125611
vn 0.186889 -0.310808 0.931918
vn 0.186889 -0.310808 0.931918
vn 0.186889 -0.310808 0.931918
vn 0.896984 -0.186263 0.400905
vn 0.896984 -0.186263 0.400905
vn 0.896984 -0.186263 0.400905
vn 0.931673 0.059357 -0.358416
vn 0.931673 0.059357 -0.358416
vn 0.931673 0.059357 -0.358416
vn -0.528100 -0.030054 -0.848650
vn -0.528100 -0.030054 -0.848650
vn -0.528100 -0.030054 -0.848650
vn 0.768075 0.519834 -0.373944
vn 0.768075 0.519834 -0.373944
vn 0.768075 0.519834 -0.373944
vn -0.891262 -0.413580 0.186020
vn -0.891262 -0.413580 0.186020
vn -0.891262 -0.413580 0.186020
vn -0.778532 -0.376819 0.501892
vn -0.778532 -0.376819 0.501892
vn -0.778532 -0.376819 0.501892
vn 0.988030 -0.127790 0.086410
vn 0.988030 -0.127790 0.086410
vn 0.988030 -0.127790 0.086410
vn -0.909000 -0.414659 0.042166
vn -0.909000 -0.414659 0.042166
vn -0.909000 -0.414659 0.042166
vn -0.864047 -0.316100 0.391796
vn -0.864047 -0.316100 0.391796
vn -0.864047 -0.316100 0.391796
vn -0.976338 -0.161875 0.143389
vn -0.976338 -0.161875 0.143389
vn -0.976338 -0.161875 0.143389
vn -0.883631 0.273844 0.379744
vn -0.883631 0.273844 0.379744
vn -0.883631 0.273844 0.379744
vn -0.212398 -0.863838 0.456805
vn -0.212398 -0.863838 0.456805
vn -0.212398 -0.863838 0.456805
vn 0.975730 0.029287 0.217010
vn 0.975730 0.029287 0.217010
vn 0.975730 0.029287 0.217010
vn -0.998757 0.006193 -0.049451
vn -0.998757 0.006193 -0.049451
vn -0.998757 0.006193 -0.049451
vn 0.987379 -0.125824 0.096180
vn 0.987379 -0.125824 0.096180
vn 0.987379 -0.125824 0.096180
vn 0.145516 -0.666528 0.731140
vn 0.145516 -0.666528 0.731140
vn 0.145516 -0.666528 0.731140
vn 0.786497 0.540933 -0.298016
vn 0.786497 0.540933 -0.298016
vn 0.786497 0.540933 -0.298016
vn -0.939166 0.105229 -0.326946
vn -0.939166 0.105229 -0.326946
vn -0.939166 0.105229 -0.326946
vn -0.966461 0.247646 -0.068007
vn -0.966461 0.247646 -0.068007
vn -0.966461 0.247646 -0.068007
vn 0.900004 0.262635 -0.347872
vn 0.900004 0.262635 -0.347872
vn 0.900004 0.262635 -0.347872
vn -0.334349 -0.314393 -0.888464
vn -0.334349 -0.314393 -0.888464
vn -0.334349 -0.314393 -0.888464
vn -0.995012 -0.080302 -0.059175
vn -0.995012 -0.080302 -0.059175
vn -0.995012 -0.080302 -0.059175
vn -0.924609 -0.173552 -0.339083
vn -0.924609 -0.173552 -0.339083
vn -0.924609 -0.173552 -0.339083
vn -0.874589 -0.480748 -0.063047
vn -0.874589 -0.480748 -0.063047
vn -0.874589 -0.480748 -0.063047
vn -0.926396 -0.308610 -0.215755
vn -0.926396 -0.308610 -0.215755
vn -0.926396 -0.308610 -0.215755
vn 0.994272 0.099093 -0.040041
vn 0.994272 0.099093 -0.040041
vn 0.994272 0.099093 -0.040041
vn 0.991605 0.119732 -0.048825
vn 0.991605 0.119732 -0.048825
vn 0.991605 0.119732 -0.048825
vn 0.657408 -0.045584 0.752155
vn 0.657408 -0.045584 0.752155
vn 0.657408 -0.045584 0.752155
vn 0.936273 0.302929 -0.177840
vn 0.936273 0.302929 -0.177840
vn 0.936273 0.302929 -0.177840
vn 0.988017 -0.013626 0.153742
vn 0.988017 -0.013626 0.153742
vn 0.988017 -0.013626 0.153742
vn -0.727692 0.327845 -0.602480
vn -0.727692 0.327845 -0.602480
vn -0.727692 0.327845 -0.602480
vn -0.801974 -0.577809 -0.151573
vn -0.801974 -0.577809 -0.151573
vn -0.801974 -0.577809 -0.151573
vn -0.935275 -0.223645 -0.274306
vn -0.935275 -0.223645 -0.274306
vn -0.935275 -0.223645 -0.274306
vn 0.398772 -0.048102 0.915788
vn 0.398772 -0.048102 0.915788
vn 0.398772 -0.048102 0.915788
vn 0.993333 0.075959 -0.086713
vn 0.993333 0.075959 -0.086713
vn 0.993333 0.075959 -0.086713
vn -0.987106 0.102561 -0.122895
vn -0.987106 0.102561 -0.122895
vn -0.987106 0.102561 -0.122895
vn -0.959648 -0.280967 -0.011510
vn -0.959648 -0.280967 -0.011510
vn -0.959648 -0.280967 -0.011510
vn 0.375097 0.439700 0.816068
vn 0.375097 0.439700 0.816068
vn 0.375097 0.439700 0.816068
vn 0.756642 0.189425 0.625788
vn 0.756642 0.189425 0.625788
vn 0.756642 0.189425 0.625788
vn -0.218830 -0.666551 0.712617
vn -0.218830 -0.666551 0.712617
vn -0.218830 -0.666551 0.712617
vn -0.823770 -0.501580 0.264236
vn -0.823770 -0.501580 0.264236
vn -0.823770 -0.501580 0.264236
vn -0.875457 -0.482357 0.030129
vn -0.875457 -0.482357 0.030129
vn -0.875457 -0.482357 0.030129
vn -0.575579 0.739949 0.348115
vn -0.575579 0.739949 0.348115
vn -0.575579 0.739949 0.348115
vn -0.929102 -0.366420 0.050055
vn -0.929102 -0.366420 0.050055
vn -0.929102 -0.366420 0.050055
vn 0.824204 0.404818 -0.395992
vn 0.824204 0.404818 -0.395992
vn 0.824204 0.404818 -0.395992
vn 0.914472 0.193826 -0.355207
vn 0.914472 0.193826 -0.355207
vn 0.914472 0.193826 -0.355207
vn 0.971709 -0.164395 -0.169577
vn 0.971709 -0.164395 -0.169577
vn 0.971709 -0.164395 -0.169577
vn -0.910457 -0.412068 0.035601
vn -0.910457 -0.412068 0.035601
vn -0.910457 -0.412068 0.035601
vn 0.922668 0.153371 -0.353780
vn 0.922668 0.153371 -0.353780
vn 0.922668 0.153371 -0.353780
vn -0.747608 -0.284939 0.599910
vn -0.747608 -0.284939 0.599910
vn -0.747608 -0.284939 0.599910
vn 0.988240 -0.011590 0.152473
vn 0.988240 -0.011590 0.152473
vn 0.988240 -0.011590 0.152473
vn -0.987423 0.073472 0.139992
vn -0.987423 0.073472 0.139992
vn -0.987423 0.073472 0.139992
vn -0.937084 0.287752 -0.197665
vn -0.937084 0.287752 -0.197665
vn -0.937084 0.287752 -0.197665
vn 0.900019 0.186465 -0.393950
vn 0.900019 0.186465 -0.393950
vn 0.900019 0.186465 -0.393950
vn -0.786611 0.330662 -0.521446
vn -0.786611 0.330662 -0.521446
vn -0.786611 0.330662 -0.521446
vn 0.695911 0.581851 0.420901
vn 0.695911 0.581851 0.420901
vn 0.695911 0.581851 0.420901
vn 0.884307 0.329793 -0.330511
vn 0.884307 0.329793 -0.330511
vn 0.884307 0.329793 -0.330511
vn 0.983894 -0.085015 0.157240
vn 0.983894 -0.085015 0.157240
vn 0.983894 -0.085015 0.157240
vn -0.698580 -0.547375 0.460832
vn -0.698580 -0.547375 0.460832
vn -0.698580 -0.547375 0.460832
vn -0.964660 -0.204839 -0.165748
vn -0.964660 -0.204839 -0.165748
vn -0.964660 -0.204839 -0.165748
vn -0.878228 -0.161695 -0.450077
vn -0.878228 -0.161695 -0.450077
vn -0.878228 -0.161695 -0.450077
vn 0.980499 0.137019 0.140879
vn 0.980499 0.137019 0.140879
vn 0.980499 0.137019 0.140879
vn -0.977824 -0.173871 -0.116745
vn -0.977824 -0.173871 -0.116745
vn -0.977824 -0.173871 -0.116745
vn 0.941479 0.152022 -0.300842
vn 0.941479 0.152022 -0.300842
vn 0.941479 0.152022 -0.300842
vn 0.994813 -0.011928 0.101019
vn 0.994813 -0.011928 0.101019
vn 0.994813 -0.011928 0.101019
vn -0.836889 -0.533628 0.121895
vn -0.836889 -0.533628 0.121895
vn -0.836889 -0.533628 0.121895
vn -0.904168 -0.410398 0.118547
vn -0.904168 -0.410398 0.118547
vn -0.904168 -0.410398 0.118547
vn -0.822352 -0.566285 0.055311
vn -0.822352 -0.566285 0.055311
vn -0.822352 -0.566285 0.055311
vn -0.803137 -0.575596 -0.153816
vn -0.803137 -0.575596 -0.153816
vn -0.803137 -0.575596 -0.153816
vn 0.994739 -0.061086 0.082231
vn 0.994739 -0.061086 0.082231
vn 0.994739 -0.061086 0.082231
vn 0.878277 0.478063 -0.009204
vn 0.878277 0.478063 -0.009204
vn 0.878277 0.478063 -0.009204
vn 0.957874 -0.096864 0.270362
vn 0.957874 -0.096864 0.270362
vn 0.957874 -0.096864 0.270362
vn -0.946658 0.080493 0.312024
vn -0.946658 0.080493 0.312024
vn -0.946658 0.080493 0.312024
vn 0.509836 -0.191522 0.838681
vn 0.509836 -0.191522 0.838681
vn 0.509836 -0.191522 0.838681
vn 0.949075 0.303427 -0.084790
vn 0.949075 0.303427 -0.084790
vn 0.949075 0.303427 -0.084790
vn 0.963312 0.211470 -0.165260
vn 0.963312 0.211470 -0.165260
vn 0.963312 0.211470 -0.165260
vn 0.082355 -0.765649 0.637965
vn 0.082355 -0.765649 0.637965
vn 0.082355 -0.765649 0.637965
vn 0.977661 0.131780 -0.163745
vn 0.977661 0.131780 -0.163745
vn 0.977661 0.131780 -0.163745
vn -0.868982 -0.371538 0.326849
vn -0.868982 -0.371538 0.326849
vn -0.868982 -0.371538 0.326849
vn 0.827117 0.324080 -0.459184
vn 0.827117 0.324080 -0.459184
vn 0.827117 0.324080 -0.459184
vn 0.942315 0.333068 -0.033294
vn 0.942315 0.333068 -0.033294
vn 0.942315 0.333068 -0.033294
vn -0.020463 -0.807795 0.589108
vn -0.020463 -0.807795 0.589108
vn -0.020463 -0.807795 0.589108
vn 0.287849 -0.938838 0.189017
vn 0.287849 -0.938838 0.189017
vn 0.287849 -0.938838 0.189017
vn -0.945994 -0.308034 -0.101044
vn -0.945994 -0.308034 -0.101044
vn -0.945994 -0.308034 -0.101044
vn 0.850637 0.329920 -0.409352
vn 0.850637 0.329920 -0.409352
vn 0.850637 0.329920 -0.409352
vn 0.961845 0.213260 -0.171388
vn 0.961845 0.213260 -0.171388
vn 0.961845 0.213260 -0.171388
vn 0.561965 0.495409 0.662394
vn 0.561965 0.495409 0.662394
vn 0.561965 0.495409 0.662394
vn -0.985012 -0.054087 0.163785
vn -0.985012 -0.054087 0.163785
vn -0.985012 -0.054087 0.163785
vn -0.997465 0.041119 0.058079
vn -0.997465 0.041119 0.058079
vn -0.997465 0.041119 0.058079
vn 0.976888 0.206887 -0.053732
vn 0.976888 0.206887 -0.053732
vn 0.976888 0.206887 -0.053732
vn 0.975932 0.214968 -0.036678
vn 0.975932 0.214968 -0.036678
vn 0.975932 0.214968 -0.036678
vn 0.810387 0.294168 -0.506694
vn 0.810387 0.294168 -0.506694
vn 0.810387 0.294168 -0.506694
vn 0.319433 -0.212184 0.923548
vn 0.319433 -0.212184 0.923548
vn 0.319433 -0.212184 0.923548
vn 0.323820 -0.764198 -0.557801
vn 0.323820 -0.764198 -0.557801
vn 0.323820 -0.764198 -0.557801
vn 0.848304 -0.125454 0.514434
vn 0.848304 -0.125454 0.514434
vn 0.848304 -0.125454 0.514434
vn 0.765771 0.531052 -0.362737
vn 0.765771 0.531052 -0.362737
vn 0.765771 0.531052 -0.362737
vn 0.898785 -0.058514 0.434466
vn 0.898785 -0.058514 0.434466
vn 0.898785 -0.058514 0.434466
vn -0.282691 -0.958462 0.037892
vn -0.282691 -0.958462 0.037892
vn -0.282691 -0.958462 0.037892
vn 0.862580 0.313058 -0.397429
vn 0.862580 0.313058 -0.397429
vn 0.862580 0.313058 -0.397429
vn -0.757024 -0.616752 -0.215713
vn -0.757024 -0.616752 -0.215713
vn -0.757024 -0.616752 -0.215713
vn 0.475553 0.508405 0.717895
vn 0.475553 0.508405 0.717895
vn 0.475553 0.508405 0.717895
vn 0.836788 0.329292 -0.437439
vn 0.836788 0.329292 -0.437439
vn 0.836788 0.329292 -0.437439
vn 0.962583 0.232104 -0.139861
vn 0.962583 0.232104 -0.139861
vn 0.962583 0.232104 -0.139861
vn 0.968706 0.228385 -0.097210
vn 0.968706 0.228385 -0.097210
vn 0.968706 0.228385 -0.097210
vn 0.908655 0.337330 -0.246077
vn 0.908655 0.337330 -0.246077
vn 0.908655 0.337330 -0.246077
vn 0.883617 0.138639 -0.447214
vn 0.883617 0.138639 -0.447214
vn 0.883617 0.138639 -0.447214
vn 0.995783 0.020745 -0.089363
vn 0.995783 0.020745 -0.089363
vn 0.995783 0.020745 -0.089363
vn 0.885328 0.324884 -0.332632
vn 0.885328 0.324884 -0.332632
vn 0.885328 0.324884 -0.332632
vn 0.845308 0.167125 -0.507469
vn 0.845308 0.167125 -0.507469
vn 0.845308 0.167125 -0.507469
vn 0.518805 0.462061 -0.719264
vn 0.518805 0.462061 -0.719264
vn 0.518805 0.462061 -0.719264
vn 0.773505 0.314095 -0.550485
vn 0.773505 0.314095 -0.550485
vn 0.773505 0.314095 -0.550485
vn 0.044594 0.363025 -0.930712
vn 0.044594 0.363025 -0.930712
vn 0.044594 0.363025 -0.930712
vn 0.595362 0.351090 -0.722689
vn 0.595362 0.351090 -0.722689
vn 0.595362 0.351090 -0.722689
vn -0.366376 -0.450047 0.814387
vn -0.366376 -0.450047 0.814387
vn -0.366376 -0.450047 0.814387
vn -0.417121 0.455922 -0.786222
vn -0.417121 0.455922 -0.786222
vn -0.417121 0.455922 -0.786222
vn 0.872309 0.281409 -0.399858
vn 0.872309 0.281409 -0.399858
vn 0.872309 0.281409 -0.399858
vn 0.779924 0.138710 -0.610309
vn 0.779924 0.138710 -0.610309
vn 0.779924 0.138710 -0.610309
vn -0.117437 0.423118 -0.898432
vn -0.117437 0.423118 -0.898432
vn -0.117437 0.423118 -0.898432
vn 0.891861 0.201473 -0.404960
vn 0.891861 0.201473 -0.404960
vn 0.891861 0.201473 -0.404960
vn 0.780970 0.385343 -0.491525
vn 0.780970 0.385343 -0.491525
vn 0.780970 0.385343 -0.491525
vn 0.613296 0.501228 -0.610442
vn 0.613296 0.501228 -0.610442
vn 0.613296 0.501228 -0.610442
vn 0.874203 0.195780 -0.444341
vn 0.874203 0.195780 -0.444341
vn 0.874203 0.195780 -0.444341
vn 0.815168 -0.157554 -0.557384
vn 0.815168 -0.157554 -0.557384
vn 0.815168 -0.157554 -0.557384
vn 0.418953 0.827979 -0.372733
vn 0.418953 0.827979 -0.372733
vn 0.418953 0.827979 -0.372733
vn -0.091299 0.200530 -0.975424
vn -0.091299 0.200530 -0.975424
vn -0.091299 0.200530 -0.975424
vn -0.388429 0.260056 -0.884021
vn -0.388429 0.260056 -0.884021
vn -0.388429 0.260056 -0.884021
vn 0.036571 0.383183 -0.922948
vn 0.036571 0.383183 -0.922948
vn 0.036571 0.383183 -0.922948
vn 0.705515 0.341776 -0.620836
vn 0.705515 0.341776 -0.620836
vn 0.705515 0.341776 -0.620836
vn 0.618686 -0.782977 0.064611
vn 0.618686 -0.782977 0.064611
vn 0.618686 -0.782977 0.064611
vn 0.025229 0.421706 -0.906381
vn 0.025229 0.421706 -0.906381
vn 0.025229 0.421706 -0.906381
vn -0.096144 0.719234 -0.688084
vn -0.096144 0.719234 -0.688084
vn -0.096144 0.719234 -0.688084
vn -0.114138 0.370603 -0.921752
vn -0.114138 0.370603 -0.921752
vn -0.114138 0.370603 -0.921752
vn -0.389690 -0.153915 -0.907993
vn -0.389690 -0.153915 -0.907993
vn -0.389690 -0.153915 -0.907993
vn 0.887578 0.405069 -0.219372
vn 0.887578 0.405069 -0.219372
vn 0.887578 0.405069 -0.219372
vn -0.385855 0.217129 -0.896644
vn -0.385855 0.217129 -0.896644
vn -0.385855 0.217129 -0.896644
vn -0.957159 0.281187 0.069143
vn -0.957159 0.281187 0.069143
vn -0.957159 0.281187 0.069143
vn -0.584661 -0.768973 -0.258559
vn -0.584661 -0.768973 -0.258559
vn -0.584661 -0.768973 -0.258559
vn -0.530492 0.050678 0.846174
vn -0.530492 0.050678 0.846174
vn -0.530492 0.050678 0.846174
vn 0.661320 0.750056 -0.008446
vn 0.661320 0.750056 -0.008446
vn 0.661320 0.750056 -0.008446
vn -0.839442 -0.031072 0.542560
vn -0.839442 -0.031072 0.542560
vn -0.839442 -0.031072 0.542560
vn -0.947334 -0.271936 -0.169143
vn -0.947334 -0.271936 -0.169143
vn -0.947334 -0.271936 -0.169143
vn 0.131770 0.421146 -0.897370
vn 0.131770 0.421146 -0.897370
vn 0.131770 0.421146 -0.897370
vn -0.933312 0.064599 -0.353206
vn -0.933312 0.064599 -0.353206
vn -0.933312 0.064599 -0.353206
vn -0.935394 0.068516 -0.346906
vn -0.935394 0.068516 -0.346906
vn -0.935394 0.068516 -0.346906
vn 0.822342 0.526152 -0.216607
vn 0.822342 0.526152 -0.216607
vn 0.822342 0.526152 -0.216607
vn -0.359590 0.463025 -0.810125
vn -0.359590 0.463025 -0.810125
vn -0.359590 0.463025 -0.810125
vn 0.171591 0.074485 -0.982349
vn 0.171591 0.074485 -0.982349
vn 0.171591 0.074485 -0.982349
vn 0.496555 0.124451 -0.859037
vn 0.496555 0.124451 -0.859037
vn 0.496555 0.124451 -0.859037
vn 0.562055 0.572732 -0.596718
vn 0.562055 0.572732 -0.596718
vn 0.562055 0.572732 -0.596718
vn -0.015118 -0.731439 0.681739
vn -0.015118 -0.731439 0.681739
vn -0.015118 -0.731439 0.681739
vn 0.844464 0.110668 -0.524054
vn 0.844464 0.110668 -0.524054
vn 0.844464 0.110668 -0.524054
vn -0.080229 0.465359 -0.881479
vn -0.080229 0.465359 -0.881479
vn -0.080229 0.465359 -0.881479
vn -0.202728 0.527727 -0.824867
vn -0.202728 0.527727 -0.824867
vn -0.202728 0.527727 -0.824867
vn -0.332310 0.570131 -0.751346
vn -0.332310 0.570131 -0.751346
vn -0.332310 0.570131 -0.751346
vn -0.321136 -0.199440 -0.925795
vn -0.321136 -0.199440 -0.925795
vn -0.321136 -0.199440 -0.925795
vn -0.288435 -0.132392 -0.948303
vn -0.288435 -0.132392 -0.948303
vn -0.288435 -0.132392 -0.948303
vn 0.184155 0.027285 -0.982518
vn 0.184155 0.027285 -0.982518
vn 0.184155 0.027285 -0.982518
vn 0.135521 0.191011 -0.972188
vn 0.135521 0.191011 -0.972188
vn 0.135521 0.191011 -0.972188
vn -0.016325 0.196159 -0.980436
vn -0.016325 0.196159 -0.980436
vn -0.016325 0.196159 -0.980436
vn -0.299764 -0.056095 -0.952363
vn -0.299764 -0.056095 -0.952363
vn -0.299764 -0.056095 -0.952363
vn -0.325079 -0.041986 -0.944754
vn -0.325079 -0.041986 -0.944754
vn -0.325079 -0.041986 -0.944754
vn -0.330311 -0.013183 -0.943780
vn -0.330311 -0.013183 -0.943780
vn -0.330311 -0.013183 -0.943780
vn 0.594409 0.312795 -0.740835
vn 0.594409 0.312795 -0.740835
vn 0.594409 0.312795 -0.740835
vn 0.133195 0.217597 -0.966908
vn 0.133195 0.217597 -0.966908
vn 0.133195 0.217597 -0.966908
vn -0.437984 0.198955 -0.876691
vn -0.437984 0.198955 -0.876691
vn -0.437984 0.198955 -0.876691
vn -0.170859 0.053897 -0.983820
vn -0.170859 0.053897 -0.983820
vn -0.170859 0.053897 -0.983820
vn -0.048779 -0.034966 -0.998197
vn -0.048779 -0.034966 -0.998197
vn -0.048779 -0.034966 -0.998197
vn -0.350564 0.351446 -0.868096
vn -0.350564 0.351446 -0.868096
vn -0.350564 0.351446 -0.868096
vn -0.700471 -0.209727 -0.682169
vn -0.700471 -0.209727 -0.682169
vn -0.700471 -0.209727 -0.682169
vn -0.007516 -0.116160 -0.993202
vn -0.007516 -0.116160 -0.993202
vn -0.007516 -0.116160 -0.993202
vn 0.449257 0.279139 -0.848675
vn 0.449257 0.279139 -0.848675
vn 0.449257 0.279139 -0.848675
vn 0.540734 0.314424 -0.780221
vn 0.540734 0.314424 -0.780221
vn 0.540734 0.314424 -0.780221
vn 0.050763 0.277404 -0.959411
vn 0.050763 0.277404 -0.959411
vn 0.050763 0.277404 -0.959411
vn 0.717116 0.254002 -0.649020
vn 0.717116 0.254002 -0.649020
vn 0.717116 0.254002 -0.649020
vn 0.732099 0.243589 -0.636156
vn 0.732099 0.243589 -0.636156
vn 0.732099 0.243589 -0.636156
vn 0.700672 0.338867 -0.627876
vn 0.700672 0.338867 -0.627876
vn 0.700672 0.338867 -0.627876
vn 0.481048 0.389096 -0.785619
vn 0.481048 0.389096 -0.785619
vn 0.481048 0.389096 -0.785619
vn 0.457905 0.407722 -0.789991
vn 0.457905 0.407722 -0.789991
vn 0.457905 0.407722 -0.789991
vn -0.928879 0.253283 0.270243
vn -0.928879 0.253283 0.270243
vn -0.928879 0.253283 0.270243
vn 0.966616 0.182456 -0.179896
vn 0.966616 0.182456 -0.179896
vn 0.966616 0.182456 -0.179896
vn 0.658793 0.419910 -0.624234
vn 0.658793 0.419910 -0.624234
vn 0.658793 0.419910 -0.624234
vn -0.351108 -0.220965 -0.909889
vn -0.351108 -0.220965 -0.909889
vn -0.351108 -0.220965 -0.909889
vn -0.662624 0.127662 -0.737992
vn -0.662624 0.127662 -0.737992
vn -0.662624 0.127662 -0.737992
vn -0.119078 -0.104326 -0.987389
vn -0.119078 -0.104326 -0.987389
vn -0.119078 -0.104326 -0.987389
vn 0.806133 0.273887 -0.524533
vn 0.806133 0.273887 -0.524533
vn 0.806133 0.273887 -0.524533
vn 0.851594 0.353709 -0.386882
vn 0.851594 0.353709 -0.386882
vn 0.851594 0.353709 -0.386882
vn 0.159518 0.733145 -0.661099
vn 0.159518 0.733145 -0.661099
vn 0.159518 0.733145 -0.661099
vn 0.873674 0.384242 -0.298414
vn 0.873674 0.384242 -0.298414
vn 0.873674 0.384242 -0.298414
vn -0.153305 0.253239 -0.955179
vn -0.153305 0.253239 -0.955179
vn -0.153305 0.253239 -0.955179
vn 0.080359 0.004967 -0.996754
vn 0.080359 0.004967 -0.996754
vn 0.080359 0.004967 -0.996754
vn -0.327283 0.048306 -0.943691
vn -0.327283 0.048306 -0.943691
vn -0.327283 0.048306 -0.943691
vn 0.867453 0.300342 -0.396637
vn 0.867453 0.300342 -0.396637
vn 0.867453 0.300342 -0.396637
vn 0.902049 0.360724 -0.237036
vn 0.902049 0.360724 -0.237036
vn 0.902049 0.360724 -0.237036
vn -0.961925 0.217026 -0.166130
vn -0.961925 0.217026 -0.166130
vn -0.961925 0.217026 -0.166130
vn 0.032996 0.385989 -0.921913
vn 0.032996 0.385989 -0.921913
vn 0.032996 0.385989 -0.921913
vn -0.234005 0.508350 -0.828748
vn -0.234005 0.508350 -0.828748
vn -0.234005 0.508350 -0.828748
vn 0.863927 0.405728 -0.298353
vn 0.863927 0.405728 -0.298353
vn 0.863927 0.405728 -0.298353
vn -0.447592 0.271422 -0.852051
vn -0.447592 0.271422 -0.852051
vn -0.447592 0.271422 -0.852051
vn -0.062151 0.225124 -0.972346
vn -0.062151 0.225124 -0.972346
vn -0.062151 0.225124 -0.972346
vn 0.401559 0.044309 -0.914761
vn 0.401559 0.044309 -0.914761
vn 0.401559 0.044309 -0.914761
vn -0.087146 0.384823 -0.918867
vn -0.087146 0.384823 -0.918867
vn -0.087146 0.384823 -0.918867
vn -0.017985 0.137637 -0.990319
vn -0.017985 0.137637 -0.990319
vn -0.017985 0.137637 -0.990319
vn -0.003369 -0.058928 -0.998257
vn -0.003369 -0.058928 -0.998257
vn -0.003369 -0.058928 -0.998257
vn -0.950479 0.200144 -0.237765
vn -0.950479 0.200144 -0.237765
vn -0.950479 0.200144 -0.237765
vn 0.374564 -0.171911 -0.911125
vn 0.374564 -0.171911 -0.911125
vn 0.374564 -0.171911 -0.911125
vn 0.062045 -0.022809 -0.997813
vn 0.062045 -0.022809 -0.997813
vn 0.062045 -0.022809 -0.997813
vn 0.332284 0.818902 -0.467960
vn 0.332284 0.818902 -0.467960
vn 0.332284 0.818902 -0.467960
vn 0.274864 0.290255 -0.916625
vn 0.274864 0.290255 -0.916625
vn 0.274864 0.290255 -0.916625
vn 0.036727 -0.018941 -0.999146
vn 0.036727 -0.018941 -0.999146
vn 0.036727 -0.018941 -0.999146
vn 0.267710 0.443345 -0.855439
vn 0.267710 0.443345 -0.855439
vn 0.267710 0.443345 -0.855439
vn -0.877569 0.098179 -0.469291
vn -0.877569 0.098179 -0.469291
vn -0.877569 0.098179 -0.469291
vn -0.264865 0.151095 -0.952374
vn -0.264865 0.151095 -0.952374
vn -0.264865 0.151095 -0.952374
vn 0.649094 0.258008 -0.715618
vn 0.649094 0.258008 -0.715618
vn 0.649094 0.258008 -0.715618
vn 0.280436 0.137589 -0.949960
vn 0.280436 0.137589 -0.949960
vn 0.280436 0.137589 -0.949960
vn -0.486973 0.442524 -0.753014
vn -0.486973 0.442524 -0.753014
vn -0.486973 0.442524 -0.753014
vn 0.069263 -0.200863 -0.977168
vn 0.069263 -0.200863 -0.977168
vn 0.069263 -0.200863 -0.977168
vn -0.426184 -0.900577 0.085603
vn -0.426184 -0.900577 0.085603
vn -0.426184 -0.900577 0.085603
vn 0.604592 0.291948 -0.741104
vn 0.604592 0.291948 -0.741104
vn 0.604592 0.291948 -0.741104
vn 0.836819 0.027197 -0.546804
vn 0.836819 0.027197 -0.546804
vn 0.836819 0.027197 -0.546804
vn 0.730707 0.137641 -0.668672
vn 0.730707 0.137641 -0.668672
vn 0.730707 0.137641 -0.668672
vn -0.948146 0.317311 0.018251
vn -0.948146 0.317311 0.018251
vn -0.948146 0.317311 0.018251
vn -0.386029 0.429034 -0.816646
vn -0.386029 0.429034 -0.816646
vn -0.386029 0.429034 -0.816646
vn -0.939412 0.080879 0.333113
vn -0.939412 0.080879 0.333113
vn -0.939412 0.080879 0.333113
vn -0.026388 0.607774 -0.793671
vn -0.026388 0.607774 -0.793671
vn -0.026388 0.607774 -0.793671
vn -0.436469 -0.093217 -0.894877
vn -0.436469 -0.093217 -0.894877
vn -0.436469 -0.093217 -0.894877
vn 0.895302 -0.078943 0.438409
vn 0.895302 -0.078943 0.438409
vn 0.895302 -0.078943 0.438409
vn 0.434462 0.480330 -0.761923
vn 0.434462 0.480330 -0.761923
vn 0.434462 0.480330 -0.761923
vn -0.136484 0.024879 -0.990330
vn -0.136484 0.024879 -0.990330
vn -0.136484 0.024879 -0.990330
vn -0.056281 0.018230 -0.998248
vn -0.056281 0.018230 -0.998248
vn -0.056281 0.018230 -0.998248
vn -0.964681 0.021150 -0.262572
vn -0.964681 0.021150 -0.262572
vn -0.964681 0.021150 -0.262572
vn -0.016261 0.506129 -0.862305
vn -0.016261 0.506129 -0.862305
vn -0.016261 0.506129 -0.862305
vn 0.333806 0.936274 0.109386
vn 0.333806 0.936274 0.109386
vn 0.333806 0.936274 0.109386
vn -0.337274 0.446376 -0.828851
vn -0.337274 0.446376 -0.828851
vn -0.337274 0.446376 -0.828851
vn -0.071781 0.486455 -0.870752
vn -0.071781 0.486455 -0.870752
vn -0.071781 0.486455 -0.870752
vn -0.091450 0.520474 -0.848966
vn -0.091450 0.520474 -0.848966
vn -0.091450 0.520474 -0.848966
vn 0.731067 -0.045677 -0.680775
vn 0.731067 -0.045677 -0.680775
vn 0.731067 -0.045677 -0.680775
vn 0.865238 0.254006 -0.432254
vn 0.865238 0.254006 -0.432254
vn 0.865238 0.254006 -0.432254
vn -0.101131 -0.000086 -0.994873
vn -0.101131 -0.000086 -0.994873
vn -0.101131 -0.000086 -0.994873
vn 0.015376 0.503323 -0.863962
vn 0.015376 0.503323 -0.863962
vn 0.015376 0.503323 -0.863962
vn 0.295887 0.829546 -0.473608
vn 0.295887 0.829546 -0.473608
vn 0.295887 0.829546 -0.473608
vn 0.151927 0.248126 -0.956740
vn 0.151927 0.248126 -0.956740
vn 0.151927 0.248126 -0.956740
vn 0.829893 0.388499 -0.400433
vn 0.829893 0.388499 -0.400433
vn 0.829893 0.388499 -0.400433
vn -0.007979 0.123734 -0.992283
vn -0.007979 0.123734 -0.992283
vn -0.007979 0.123734 -0.992283
vn -0.840042 0.393621 -0.373352
vn -0.840042 0.393621 -0.373352
vn -0.840042 0.393621 -0.373352
vn 0.341454 0.851352 0.398259
vn 0.341454 0.851352 0.398259
vn 0.341454 0.851352 0.398259
vn 0.618517 0.222901 -0.753493
vn 0.618517 0.222901 -0.753493
vn 0.618517 0.222901 -0.753493
vn -0.923505 0.204607 -0.324460
vn -0.923505 0.204607 -0.324460
vn -0.923505 0.204607 -0.324460
vn 0.070081 0.053542 -0.996103
vn 0.070081 0.053542 -0.996103
vn 0.070081 0.053542 -0.996103
vn 0.468777 0.464062 -0.751595
vn 0.468777 0.464062 -0.751595
vn 0.468777 0.464062 -0.751595
vn -0.002868 -0.023371 -0.999723
vn -0.002868 -0.023371 -0.999723
vn -0.002868 -0.023371 -0.999723
vn 0.040296 -0.024332 -0.998891
vn 0.040296 -0.024332 -0.998891
vn 0.040296 -0.024332 -0.998891
vn -0.553218 -0.262310 -0.790660
vn -0.553218 -0.262310 -0.790660
vn -0.553218 -0.262310 -0.790660
vn 0.927678 -0.037467 -0.371496
vn 0.927678 -0.037467 -0.371496
vn 0.927678 -0.037467 -0.371496
vn 0.061632 0.093811 -0.993681
vn 0.061632 0.093811 -0.993681
vn 0.061632 0.093811 -0.993681
vn -0.544219 -0.273869 -0.792983
vn -0.544219 -0.273869 -0.792983
vn -0.544219 -0.273869 -0.792983
vn -0.525312 -0.220938 -0.821726
vn -0.525312 -0.220938 -0.821726
vn -0.525312 -0.220938 -0.821726
vn -0.231313 0.244849 -0.941564
vn -0.231313 0.244849 -0.941564
vn -0.231313 0.244849 -0.941564
vn 0.413240 0.319152 -0.852863
vn 0.413240 0.319152 -0.852863
vn 0.413240 0.319152 -0.852863
vn 0.068282 0.426645 -0.901838
vn 0.068282 0.426645 -0.901838
vn 0.068282 0.426645 -0.901838
vn -0.038906 0.356535 -0.933472
vn -0.038906 0.356535 -0.933472
vn -0.038906 0.356535 -0.933472
vn 0.728854 -0.421175 0.539800
vn 0.728854 -0.421175 0.539800
vn 0.728854 -0.421175 0.539800
vn 0.667423 0.297793 -0.682543
vn 0.667423 0.297793 -0.682543
vn 0.667423 0.297793 -0.682543
vn 0.799517 0.549336 -0.242904
vn 0.799517 0.549336 -0.242904
vn 0.799517 0.549336 -0.242904
vn -0.285061 0.284772 -0.915230
vn -0.285061 0.284772 -0.915230
vn -0.285061 0.284772 -0.915230
vn -0.067954 0.593840 -0.801708
vn -0.067954 0.593840 -0.801708
vn -0.067954 0.593840 -0.801708
vn -0.300409 -0.071091 -0.951158
vn -0.300409 -0.071091 -0.951158
vn -0.300409 -0.071091 -0.951158
vn -0.718415 0.074017 -0.691666
vn -0.718415 0.074017 -0.691666
vn -0.718415 0.074017 -0.691666
vn -0.818047 -0.553311 -0.156990
vn -0.818047 -0.553311 -0.156990
vn -0.818047 -0.553311 -0.156990
vn -0.256135 0.598077 -0.759406
vn -0.256135 0.598077 -0.759406
vn -0.256135 0.598077 -0.759406
vn -0.306873 0.402047 -0.862663
vn -0.306873 0.402047 -0.862663
vn -0.306873 0.402047 -0.862663
vn 0.085306 -0.094050 -0.991906
vn 0.085306 -0.094050 -0.991906
vn 0.085306 -0.094050 -0.991906
vn -0.554287 0.053636 -0.830596
vn -0.554287 0.053636 -0.830596
vn -0.554287 0.053636 -0.830596
vn 0.595058 0.312232 -0.740552
vn 0.595058 0.312232 -0.740552
vn 0.595058 0.312232 -0.740552
vn 0.784379 0.171866 -0.595996
vn 0.784379 0.171866 -0.595996
vn 0.784379 0.171866 -0.595996
vn 0.377096 -0.160902 -0.912091
vn 0.377096 -0.160902 -0.912091
vn 0.377096 -0.160902 -0.912091
vn 0.453886 0.366616 -0.812145
vn 0.453886 0.366616 -0.812145
vn 0.453886 0.366616 -0.812145
vn -0.378394 0.360660 -0.852492
vn -0.378394 0.360660 -0.852492
vn -0.378394 0.360660 -0.852492
vn 0.123574 0.318624 -0.939792
vn 0.123574 0.318624 -0.939792
vn 0.123574 0.318624 -0.939792
vn -0.917081 -0.328964 -0.225265
vn -0.917081 -0.328964 -0.225265
vn -0.917081 -0.328964 -0.225265
vn 0.764782 0.297907 -0.571279
vn 0.764782 0.297907 -0.571279
vn 0.764782 0.297907 -0.571279
vn -0.432368 -0.622934 -0.651929
vn -0.432368 -0.622934 -0.651929
vn -0.432368 -0.622934 -0.651929
vn 0.267573 0.133580 -0.954233
vn 0.267573 0.133580 -0.954233
vn 0.267573 0.133580 -0.954233
vn 0.599913 -0.312074 -0.736691
vn 0.599913 -0.312074 -0.736691
vn 0.599913 -0.312074 -0.736691
vn 0.197903 0.752057 -0.628684
vn 0.197903 0.752057 -0.628684
vn 0.197903 0.752057 -0.628684
vn -0.918606 0.107769 0.380195
vn -0.918606 0.107769 0.380195
vn -0.918606 0.107769 0.380195
vn -0.443870 0.322285 -0.836129
vn -0.443870 0.322285 -0.836129
vn -0.443870 0.322285 -0.836129
vn 0.100809 0.641522 -0.760452
vn 0.100809 0.641522 -0.760452
vn 0.100809 0.641522 -0.760452
vn 0.185375 -0.104836 -0.977060
vn 0.185375 -0.104836 -0.977060
vn 0.185375 -0.104836 -0.977060
vn 0.091597 0.656128 -0.749070
vn 0.091597 0.656128 -0.749070
vn 0.091597 0.656128 -0.749070
vn 0.570333 0.270962 -0.775436
vn 0.570333 0.270962 -0.775436
vn 0.570333 0.270962 -0.775436
vn -0.968857 -0.106825 0.223392
vn -0.968857 -0.106825 0.223392
vn -0.968857 -0.106825 0.223392
vn -0.500999 0.203496 -0.841183
vn -0.500999 0.203496 -0.841183
vn -0.500999 0.203496 -0.841183
vn 0.111623 0.431781 -0.895045
vn 0.111623 0.431781 -0.895045
vn 0.111623 0.431781 -0.895045
vn 0.912647 -0.148567 0.380793
vn 0.912647 -0.148567 0.380793
vn 0.912647 -0.148567 0.380793
vn 0.638831 -0.523798 0.563499
vn 0.638831 -0.523798 0.563499
vn 0.638831 -0.523798 0.563499
vn -0.952243 -0.129937 -0.276314
vn -0.952243 -0.129937 -0.276314
vn -0.952243 -0.129937 -0.276314
vn 0.639992 0.767736 -0.031507
vn 0.639992 0.767736 -0.031507
vn 0.639992 0.767736 -0.031507
vn -0.089051 0.492251 -0.865886
vn -0.089051 0.492251 -0.865886
vn -0.089051 0.492251 -0.865886
vn -0.874287 -0.481461 -0.061785
vn -0.874287 -0.481461 -0.061785
vn -0.874287 -0.481461 -0.061785
vn 0.551897 -0.211223 -0.806718
vn 0.551897 -0.211223 -0.806718
vn 0.551897 -0.211223 -0.806718
vn -0.533828 0.066926 -0.842940
vn -0.533828 0.066926 -0.842940
vn -0.533828 0.066926 -0.842940
vn 0.834336 0.551023 -0.016009
vn 0.834336 0.551023 -0.016009
vn 0.834336 0.551023 -0.016009
vn 0.914288 0.239471 -0.326699
vn 0.914288 0.239471 -0.326699
vn 0.914288 0.239471 -0.326699
vn -0.983623 0.030984 0.177554
vn -0.983623 0.030984 0.177554
vn -0.983623 0.030984 0.177554
vn -0.310156 0.397217 -0.863725
vn -0.310156 0.397217 -0.863725
vn -0.310156 0.397217 -0.863725
vn 0.089990 0.061327 -0.994053
vn 0.089990 0.061327 -0.994053
vn 0.089990 0.061327 -0.994053
vn 0.861986 -0.252265 0.439708
vn 0.861986 -0.252265 0.439708
vn 0.861986 -0.252265 0.439708
vn -0.709924 0.297848 -0.638196
vn -0.709924 0.297848 -0.638196
vn -0.709924 0.297848 -0.638196
vn -0.728977 -0.427784 -0.534409
vn -0.728977 -0.427784 -0.534409
vn -0.728977 -0.427784 -0.534409
vn 0.848312 0.188219 -0.494915
vn 0.848312 0.188219 -0.494915
vn 0.848312 0.188219 -0.494915
vn 0.384094 0.266803 -0.883905
vn 0.384094 0.266803 -0.883905
vn 0.384094 0.266803 -0.883905
vn -0.093748 0.746108 -0.659193
vn -0.093748 0.746108 -0.659193
vn -0.093748 0.746108 -0.659193
vn -0.807066 -0.399039 -0.435215
vn -0.807066 -0.399039 -0.435215
vn -0.807066 -0.399039 -0.435215
vn -0.818401 0.159832 -0.551973
vn -0.818401 0.159832 -0.551973
vn -0.818401 0.159832 -0.551973
vn -0.966401 0.188761 -0.174465
vn -0.966401 0.188761 -0.174465
vn -0.966401 0.188761 -0.174465
vn -0.536569 -0.836800 -0.108904
vn -0.536569 -0.836800 -0.108904
vn -0.536569 -0.836800 -0.108904
vn -0.643230 0.303274 -0.703050
vn -0.643230 0.303274 -0.703050
vn -0.643230 0.303274 -0.703050
vn -0.637524 0.301217 -0.709107
vn -0.637524 0.301217 -0.709107
vn -0.637524 0.301217 -0.709107
vn -0.903883 0.074726 0.421203
vn -0.903883 0.074726 0.421203
vn -0.903883 0.074726 0.421203
vn -0.564250 0.400510 -0.721951
vn -0.564250 0.400510 -0.721951
vn -0.564250 0.400510 -0.721951
vn 0.235860 -0.960890 -0.145123
vn 0.235860 -0.960890 -0.145123
vn 0.235860 -0.960890 -0.145123
vn 0.582060 -0.733299 0.351396
vn 0.582060 -0.733299 0.351396
vn 0.582060 -0.733299 0.351396
vn 0.088021 -0.988482 -0.123108
vn 0.088021 -0.988482 -0.123108
vn 0.088021 -0.988482 -0.123108
vn 0.910886 0.214022 -0.352818
vn 0.910886 0.214022 -0.352818
vn 0.910886 0.214022 -0.352818
vn -0.637915 0.334436 -0.693698
vn -0.637915 0.334436 -0.693698
vn -0.637915 0.334436 -0.693698
vn -0.604494 0.151061 -0.782156
vn -0.604494 0.151061 -0.782156
vn -0.604494 0.151061 -0.782156
vn 0.072420 -0.502467 0.861558
vn 0.072420 -0.502467 0.861558
vn 0.072420 -0.502467 0.861558
vn -0.905671 0.257062 -0.337165
vn -0.905671 0.257062 -0.337165
vn -0.905671 0.257062 -0.337165
vn -0.880741 0.188634 -0.434411
vn -0.880741 0.188634 -0.434411
vn -0.880741 0.188634 -0.434411
vn -0.472576 0.792254 -0.386012
vn -0.472576 0.792254 -0.386012
vn -0.472576 0.792254 -0.386012
vn -0.371555 -0.927434 0.042587
vn -0.371555 -0.927434 0.042587
vn -0.371555 -0.927434 0.042587
vn -0.347509 0.469497 -0.811671
vn -0.347509 0.469497 -0.811671
vn -0.347509 0.469497 -0.811671
vn 0.868878 -0.144192 0.473561
vn 0.868878 -0.144192 0.473561
vn 0.868878 -0.144192 0.473561
vn 0.890400 0.064541 -0.450580
vn 0.890400 0.064541 -0.450580
vn 0.890400 0.064541 -0.450580
vn 0.837808 -0.295098 0.459341
vn 0.837808 -0.295098 0.459341
vn 0.837808 -0.295098 0.459341
vn 0.182852 -0.427588 0.885287
vn 0.182852 -0.427588 0.885287
vn 0.182852 -0.427588 0.885287
vn -0.696499 0.297394 -0.653029
vn -0.696499 0.297394 -0.653029
vn -0.696499 0.297394 -0.653029
vn -0.489757 0.633625 -0.598880
vn -0.489757 0.633625 -0.598880
vn -0.489757 0.633625 -0.598880
vn -0.392447 0.636212 -0.664243
vn -0.392447 0.636212 -0.664243
vn -0.392447 0.636212 -0.664243
vn -0.176497 -0.212229 0.961149
vn -0.176497 -0.212229 0.961149
vn -0.176497 -0.212229 0.961149
vn -0.402526 0.398143 -0.824291
vn -0.402526 0.398143 -0.824291
vn -0.402526 0.398143 -0.824291
vn -0.853485 0.276334 -0.441818
vn -0.853485 0.276334 -0.441818
vn -0.853485 0.276334 -0.441818
vn -0.204117 0.918067 0.339836
vn -0.204117 0.918067 0.339836
vn -0.204117 0.918067 0.339836
vn -0.981545 0.115256 -0.152596
vn -0.981545 0.115256 -0.152596
vn -0.981545 0.115256 -0.152596
vn -0.235017 0.969475 -0.069894
vn -0.235017 0.969475 -0.069894
vn -0.235017 0.969475 -0.069894
vn -0.539751 0.778008 -0.321516
vn -0.539751 0.778008 -0.321516
vn -0.539751 0.778008 -0.321516
vn -0.651947 0.755397 0.065873
vn -0.651947 0.755397 0.065873
vn -0.651947 0.755397 0.065873
vn -0.427013 -0.903530 0.035962
vn -0.427013 -0.903530 0.035962
vn -0.427013 -0.903530 0.035962
vn -0.312547 0.939870 0.137689
vn -0.312547 0.939870 0.137689
vn -0.312547 0.939870 0.137689
vn -0.680067 0.707039 -0.193919
vn -0.680067 0.707039 -0.193919
vn -0.680067 0.707039 -0.193919
vn -0.799886 0.543434 -0.254681
vn -0.799886 0.543434 -0.254681
vn -0.799886 0.543434 -0.254681
vn -0.493858 0.850698 0.180047
vn -0.493858 0.850698 0.180047
vn -0.493858 0.850698 0.180047
vn 0.020577 0.987453 0.156568
vn 0.020577 0.987453 0.156568
vn 0.020577 0.987453 0.156568
vn -0.389035 0.836643 0.385591
vn -0.389035 0.836643 0.385591
vn -0.389035 0.836643 0.385591
vn -0.500772 -0.833133 0.234770
vn -0.500772 -0.833133 0.234770
vn -0.500772 -0.833133 0.234770
vn -0.492930 -0.811772 -0.313124
vn -0.492930 -0.811772 -0.313124
vn -0.492930 -0.811772 -0.313124
vn -0.659659 0.611105 -0.437494
vn -0.659659 0.611105 -0.437494
vn -0.659659 0.611105 -0.437494
vn -0.063331 -0.867545 0.493311
vn -0.063331 -0.867545 0.493311
vn -0.063331 -0.867545 0.493311
vn -0.643630 -0.698459 -0.312882
vn -0.643630 -0.698459 -0.312882
vn -0.643630 -0.698459 -0.312882
vn 0.665220 0.744902 0.051030
vn 0.665220 0.744902 0.051030
vn 0.665220 0.744902 0.051030
vn -0.621712 0.783231 -0.004769
vn -0.621712 0.783231 -0.004769
vn -0.621712 0.783231 -0.004769
vn -0.662262 0.744200 -0.087040
vn -0.662262 0.744200 -0.087040
vn -0.662262 0.744200 -0.087040
vn 0.192763 -0.544375 0.816393
vn 0.192763 -0.544375 0.816393
vn 0.192763 -0.544375 0.816393
vn -0.432501 0.851421 0.296691
vn -0.432501 0.851421 0.296691
vn -0.432501 0.851421 0.296691
vn -0.760140 0.630090 -0.158664
vn -0.760140 0.630090 -0.158664
vn -0.760140 0.630090 -0.158664
vn -0.678420 0.605024 -0.416764
vn -0.678420 0.605024 -0.416764
vn -0.678420 0.605024 -0.416764
vn 0.805367 0.449712 -0.386192
vn 0.805367 0.449712 -0.386192
vn 0.805367 0.449712 -0.386192
vn -0.914575 0.362612 -0.179070
vn -0.914575 0.362612 -0.179070
vn -0.914575 0.362612 -0.179070
vn -0.509074 0.859000 0.054440
vn -0.509074 0.859000 0.054440
vn -0.509074 0.859000 0.054440
vn -0.884133 0.405803 -0.231590
vn -0.884133 0.405803 -0.231590
vn -0.884133 0.405803 -0.231590
vn -0.902756 0.414128 -0.116316
vn -0.902756 0.414128 -0.116316
vn -0.902756 0.414128 -0.116316
vn -0.542014 0.684030 -0.488184
vn -0.542014 0.684030 -0.488184
vn -0.542014 0.684030 -0.488184
vn 0.512904 0.083819 0.854344
vn 0.512904 0.083819 0.854344
vn 0.512904 0.083819 0.854344
vn -0.757129 0.653119 -0.013871
vn -0.757129 0.653119 -0.013871
vn -0.757129 0.653119 -0.013871
vn -0.933511 0.275314 -0.229696
vn -0.933511 0.275314 -0.229696
vn -0.933511 0.275314 -0.229696
vn -0.687538 -0.345255 -0.638820
vn -0.687538 -0.345255 -0.638820
vn -0.687538 -0.345255 -0.638820
vn -0.818544 0.311102 -0.482910
vn -0.818544 0.311102 -0.482910
vn -0.818544 0.311102 -0.482910
vn -0.399549 0.654926 -0.641430
vn -0.399549 0.654926 -0.641430
vn -0.399549 0.654926 -0.641430
vn 0.508857 -0.685278 0.521017
vn 0.508857 -0.685278 0.521017
vn 0.508857 -0.685278 0.521017
vn -0.783498 0.584062 -0.212137
vn -0.783498 0.584062 -0.212137
vn -0.783498 0.584062 -0.212137
vn -0.477427 0.834925 -0.273794
vn -0.477427 0.834925 -0.273794
vn -0.477427 0.834925 -0.273794
vn -0.792560 0.463533 -0.396215
vn -0.792560 0.463533 -0.396215
vn -0.792560 0.463533 -0.396215
vn -0.529892 0.377566 -0.759381
vn -0.529892 0.377566 -0.759381
vn -0.529892 0.377566 -0.759381
vn -0.812882 0.580066 0.052409
vn -0.812882 0.580066 0.052409
vn -0.812882 0.580066 0.052409
vn -0.540622 -0.834527 -0.106268
vn -0.540622 -0.834527 -0.106268
vn -0.540622 -0.834527 -0.106268
vn 0.358560 -0.300048 0.883972
vn 0.358560 -0.300048 0.883972
vn 0.358560 -0.300048 0.883972
vn -0.619385 0.764447 -0.178838
vn -0.619385 0.764447 -0.178838
vn -0.619385 0.764447 -0.178838
vn -0.298816 -0.914711 0.272053
vn -0.298816 -0.914711 0.272053
vn -0.298816 -0.914711 0.272053
vn 0.784139 0.318206 -0.532795
vn 0.784139 0.318206 -0.532795
vn 0.784139 0.318206 -0.532795
vn -0.736216 0.401234 -0.544975
vn -0.736216 0.401234 -0.544975
vn -0.736216 0.401234 -0.544975
vn -0.825448 0.285295 -0.487075
vn -0.825448 0.285295 -0.487075
vn -0.825448 0.285295 -0.487075
vn -0.748614 0.633781 -0.194672
vn -0.748614 0.633781 -0.194672
vn -0.748614 0.633781 -0.194672
vn -0.761110 0.624314 -0.175908
vn -0.761110 0.624314 -0.175908
vn -0.761110 0.624314 -0.175908
vn -0.096046 0.137715 -0.985804
vn -0.096046 0.137715 -0.985804
vn -0.096046 0.137715 -0.985804
vn -0.508203 0.859475 0.055072
vn -0.508203 0.859475 0.055072
vn -0.508203 0.859475 0.055072
vn -0.525751 0.610807 -0.592031
vn -0.525751 0.610807 -0.592031
vn -0.525751 0.610807 -0.592031
vn -0.654362 0.587096 -0.476580
vn -0.654362 0.587096 -0.476580
vn -0.654362 0.587096 -0.476580
vn -0.918206 0.303817 -0.254153
vn -0.918206 0.303817 -0.254153
vn -0.918206 0.303817 -0.254153
vn -0.740352 0.402672 -0.538270
vn -0.740352 0.402672 -0.538270
vn -0.740352 0.402672 -0.538270
vn -0.583732 0.416407 -0.697038
vn -0.583732 0.416407 -0.697038
vn -0.583732 0.416407 -0.697038
vn 0.928556 -0.193621 0.316692
vn 0.928556 -0.193621 0.316692
vn 0.928556 -0.193621 0.316692
vn -0.727750 0.635320 -0.258357
vn -0.727750 0.635320 -0.258357
vn -0.727750 0.635320 -0.258357
vn -0.792025 0.601871 0.102217
vn -0.792025 0.601871 0.102217
vn -0.792025 0.601871 0.102217
vn -0.461453 0.386913 -0.798348
vn -0.461453 0.386913 -0.798348
vn -0.461453 0.386913 -0.798348
vn -0.419335 -0.907326 -0.030301
vn -0.419335 -0.907326 -0.030301
vn -0.419335 -0.907326 -0.030301
vn -0.895859 0.407535 -0.177065
vn -0.895859 0.407535 -0.177065
vn -0.895859 0.407535 -0.177065
vn -0.550425 0.332697 -0.765732
vn -0.550425 0.332697 -0.765732
vn -0.550425 0.332697 -0.765732
vn -0.443647 -0.894241 0.059241
vn -0.443647 -0.894241 0.059241
vn -0.443647 -0.894241 0.059241
vn 0.949452 -0.189138 0.250535
vn 0.949452 -0.189138 0.250535
vn 0.949452 -0.189138 0.250535
vn -0.853729 0.448159 -0.265142
vn -0.853729 0.448159 -0.265142
vn -0.853729 0.448159 -0.265142
vn -0.832301 0.409947 -0.373120
vn -0.832301 0.409947 -0.373120
vn -0.832301 0.409947 -0.373120
vn -0.717151 0.444814 -0.536502
vn -0.717151 0.444814 -0.536502
vn -0.717151 0.444814 -0.536502
vn -0.795326 0.567231 0.213789
vn -0.795326 0.567231 0.213789
vn -0.795326 0.567231 0.213789
vn -0.795899 0.591263 0.130206
vn -0.795899 0.591263 0.130206
vn -0.795899 0.591263 0.130206
vn -0.859898 0.416015 -0.295815
vn -0.859898 0.416015 -0.295815
vn -0.859898 0.416015 -0.295815
vn -0.780266 0.451797 -0.432509
vn -0.780266 0.451797 -0.432509
vn -0.780266 0.451797 -0.432509
vn -0.519113 0.522077 -0.676726
vn -0.519113 0.522077 -0.676726
vn -0.519113 0.522077 -0.676726
vn -0.511823 0.369880 -0.775388
vn -0.511823 0.369880 -0.775388
vn -0.511823 0.369880 -0.775388
vn -0.523828 0.676082 0.518186
vn -0.523828 0.676082 0.518186
vn -0.523828 0.676082 0.518186
vn 0.835069 -0.151585 0.528849
vn 0.835069 -0.151585 0.528849
vn 0.835069 -0.151585 0.528849
vn -0.474627 0.743117 -0.471705
vn -0.474627 0.743117 -0.471705
vn -0.474627 0.743117 -0.471705
vn -0.674607 0.693219 -0.253678
vn -0.674607 0.693219 -0.253678
vn -0.674607 0.693219 -0.253678
vn -0.673917 0.708399 -0.209777
vn -0.673917 0.708399 -0.209777
vn -0.673917 0.708399 -0.209777
vn -0.781843 0.568544 0.255890
vn -0.781843 0.568544 0.255890
vn -0.781843 0.568544 0.255890
vn -0.780754 0.563749 -0.269461
vn -0.780754 0.563749 -0.269461
vn -0.780754 0.563749 -0.269461
vn -0.546760 0.531891 -0.646641
vn -0.546760 0.531891 -0.646641
vn -0.546760 0.531891 -0.646641
vn 0.729861 -0.053331 0.681513
vn 0.729861 -0.053331 0.681513
vn 0.729861 -0.053331 0.681513
vn -0.418863 0.700930 0.577279
vn -0.418863 0.700930 0.577279
vn -0.418863 0.700930 0.577279
vn -0.322789 0.587428 -0.742116
vn -0.322789 0.587428 -0.742116
vn -0.322789 0.587428 -0.742116
vn -0.446233 0.318045 -0.836495
vn -0.446233 0.318045 -0.836495
vn -0.446233 0.318045 -0.836495
vn -0.466552 0.532907 -0.705931
vn -0.466552 0.532907 -0.705931
vn -0.466552 0.532907 -0.705931
vn -0.653068 0.752301 -0.086866
vn -0.653068 0.752301 -0.086866
vn -0.653068 0.752301 -0.086866
vn -0.825211 0.531709 -0.190559
vn -0.825211 0.531709 -0.190559
vn -0.825211 0.531709 -0.190559
vn -0.840073 0.456603 -0.292900
vn -0.840073 0.456603 -0.292900
vn -0.840073 0.456603 -0.292900
vn -0.240619 -0.951323 0.192581
vn -0.240619 -0.951323 0.192581
vn -0.240619 -0.951323 0.192581
vn -0.153239 -0.927053 -0.342186
vn -0.153239 -0.927053 -0.342186
vn -0.153239 -0.927053 -0.342186
vn -0.192093 0.877328 0.439769
vn -0.192093 0.877328 0.439769
vn -0.192093 0.877328 0.439769
vn -0.906933 -0.394073 0.148924
vn -0.906933 -0.394073 0.148924
vn -0.906933 -0.394073 0.148924
vn -0.664913 -0.719519 -0.200455
vn -0.664913 -0.719519 -0.200455
vn -0.664913 -0.719519 -0.200455
vn -0.633005 -0.525728 0.568256
vn -0.633005 -0.525728 0.568256
vn -0.633005 -0.525728 0.568256
vn -0.674384 -0.611210 0.414282
vn -0.674384 -0.611210 0.414282
vn -0.674384 -0.611210 0.414282
vn -0.722026 -0.691061 -0.033367
vn -0.722026 -0.691061 -0.033367
vn -0.722026 -0.691061 -0.033367
vn -0.960159 -0.279254 -0.010559
vn -0.960159 -0.279254 -0.010559
vn -0.960159 -0.279254 -0.010559
vn -0.602471 -0.574189 0.554379
vn -0.602471 -0.574189 0.554379
vn -0.602471 -0.574189 0.554379
vn -0.945917 -0.324387 -0.003646
vn -0.945917 -0.324387 -0.003646
vn -0.945917 -0.324387 -0.003646
vn -0.959668 -0.274925 -0.058769
vn -0.959668 -0.274925 -0.058769
vn -0.959668 -0.274925 -0.058769
vn -0.913094 -0.353680 0.202902
vn -0.913094 -0.353680 0.202902
vn -0.913094 -0.353680 0.202902
vn -0.533920 -0.661214 0.526997
vn -0.533920 -0.661214 0.526997
vn -0.533920 -0.661214 0.526997
vn -0.332552 -0.661763 0.671922
vn -0.332552 -0.661763 0.671922
vn -0.332552 -0.661763 0.671922
vn -0.807280 -0.434372 0.399525
vn -0.807280 -0.434372 0.399525
vn -0.807280 -0.434372 0.399525
vn -0.514192 -0.588702 0.623728
vn -0.514192 -0.588702 0.623728
vn -0.514192 -0.588702 0.623728
vn -0.969566 0.050110 -0.239649
vn -0.969566 0.050110 -0.239649
vn -0.969566 0.050110 -0.239649
vn -0.975872 -0.172720 -0.133570
vn -0.975872 -0.172720 -0.133570
vn -0.975872 -0.172720 -0.133570
vn -0.687201 -0.552771 0.471380
vn -0.687201 -0.552771 0.471380
vn -0.687201 -0.552771 0.471380
vn -0.810132 0.195864 -0.552561
vn -0.810132 0.195864 -0.552561
vn -0.810132 0.195864 -0.552561
vn -0.967032 -0.237046 0.093050
vn -0.967032 -0.237046 0.093050
vn -0.967032 -0.237046 0.093050
vn -0.908114 -0.361191 0.211823
vn -0.908114 -0.361191 0.211823
vn -0.908114 -0.361191 0.211823
vn -0.764225 -0.413167 0.495231
vn -0.764225 -0.413167 0.495231
vn -0.764225 -0.413167 0.495231
vn -0.375139 -0.578107 0.724612
vn -0.375139 -0.578107 0.724612
vn -0.375139 -0.578107 0.724612
vn -0.669773 -0.489255 0.558600
vn -0.669773 -0.489255 0.558600
vn -0.669773 -0.489255 0.558600
vn -0.674851 -0.485040 0.556159
vn -0.674851 -0.485040 0.556159
vn -0.674851 -0.485040 0.556159
vn -0.981768 -0.179513 0.062507
vn -0.981768 -0.179513 0.062507
vn -0.981768 -0.179513 0.062507
vn -0.478464 -0.611001 0.630675
vn -0.478464 -0.611001 0.630675
vn -0.478464 -0.611001 0.630675
vn -0.993572 -0.107176 -0.036444
vn -0.993572 -0.107176 -0.036444
vn -0.993572 -0.107176 -0.036444
vn -0.971602 -0.183434 -0.149470
vn -0.971602 -0.183434 -0.149470
vn -0.971602 -0.183434 -0.149470
vn -0.618375 -0.430372 0.657566
vn -0.618375 -0.430372 0.657566
vn -0.618375 -0.430372 0.657566
vn -0.468222 -0.484398 0.739004
vn -0.468222 -0.484398 0.739004
vn -0.468222 -0.484398 0.739004
vn -0.973988 -0.168355 -0.151674
vn -0.973988 -0.168355 -0.151674
vn -0.973988 -0.168355 -0.151674
vn -0.903150 -0.283055 0.322800
vn -0.903150 -0.283055 0.322800
vn -0.903150 -0.283055 0.322800
vn -0.838822 -0.296276 0.456725
vn -0.838822 -0.296276 0.456725
vn -0.838822 -0.296276 0.456725
vn -0.549690 -0.503295 0.666735
vn -0.549690 -0.503295 0.666735
vn -0.549690 -0.503295 0.666735
vn -0.898500 -0.258191 0.355015
vn -0.898500 -0.258191 0.355015
vn -0.898500 -0.258191 0.355015
vn -0.978297 0.090754 -0.186277
vn -0.978297 0.090754 -0.186277
vn -0.978297 0.090754 -0.186277
vn -0.761445 -0.305496 0.571729
vn -0.761445 -0.305496 0.571729
vn -0.761445 -0.305496 0.571729
vn -0.977855 -0.124859 0.167958
vn -0.977855 -0.124859 0.167958
vn -0.977855 -0.124859 0.167958
vn -0.577880 -0.146990 0.802776
vn -0.577880 -0.146990 0.802776
vn -0.577880 -0.146990 0.802776
vn -0.968566 -0.113424 -0.221394
vn -0.968566 -0.113424 -0.221394
vn -0.968566 -0.113424 -0.221394
vn -0.981442 -0.178411 0.070293
vn -0.981442 -0.178411 0.070293
vn -0.981442 -0.178411 0.070293
vn -0.977935 -0.166997 -0.125518
vn -0.977935 -0.166997 -0.125518
vn -0.977935 -0.166997 -0.125518
vn -0.939281 -0.148194 -0.309500
vn -0.939281 -0.148194 -0.309500
vn -0.939281 -0.148194 -0.309500
vn -0.768343 -0.346722 0.537989
vn -0.768343 -0.346722 0.537989
vn -0.768343 -0.346722 0.537989
vn -0.542098 -0.398402 0.739868
vn -0.542098 -0.398402 0.739868
vn -0.542098 -0.398402 0.739868
vn -0.825690 -0.312880 0.469406
vn -0.825690 -0.312880 0.469406
vn -0.825690 -0.312880 0.469406
vn -0.933421 0.303846 -0.190793
vn -0.933421 0.303846 -0.190793
vn -0.933421 0.303846 -0.190793
vn 0.842693 0.056159 -0.535457
vn 0.842693 0.056159 -0.535457
vn 0.842693 0.056159 -0.535457
vn -0.997109 -0.010965 -0.075186
vn -0.997109 -0.010965 -0.075186
vn -0.997109 -0.010965 -0.075186
vn 0.287380 0.679272 -0.675280
vn 0.287380 0.679272 -0.675280
vn 0.287380 0.679272 -0.675280
vn -0.570648 -0.383168 0.726322
vn -0.570648 -0.383168 0.726322
vn -0.570648 -0.383168 0.726322
vn -0.931279 -0.007994 0.364218
vn -0.931279 -0.007994 0.364218
vn -0.931279 -0.007994 0.364218
vn -0.749084 -0.319012 0.580607
vn -0.749084 -0.319012 0.580607
vn -0.749084 -0.319012 0.580607
vn -0.934261 -0.199615 0.295482
vn -0.934261 -0.199615 0.295482
vn -0.934261 -0.199615 0.295482
vn -0.683622 -0.268276 0.678740
vn -0.683622 -0.268276 0.678740
vn -0.683622 -0.268276 0.678740
vn -0.981392 -0.036300 0.188552
vn -0.981392 -0.036300 0.188552
vn -0.981392 -0.036300 0.188552
vn -0.995722 -0.001018 0.092399
vn -0.995722 -0.001018 0.092399
vn -0.995722 -0.001018 0.092399
vn 0.331162 0.903033 0.273613
vn 0.331162 0.903033 0.273613
vn 0.331162 0.903033 0.273613
vn -0.986683 -0.156344 0.044863
vn -0.986683 -0.156344 0.044863
vn -0.986683 -0.156344 0.044863
vn -0.736893 0.595625 -0.319719
vn -0.736893 0.595625 -0.319719
vn -0.736893 0.595625 -0.319719
vn -0.908353 0.378871 -0.177065
vn -0.908353 0.378871 -0.177065
vn -0.908353 0.378871 -0.177065
vn -0.836264 0.523209 0.164055
vn -0.836264 0.523209 0.164055
vn -0.836264 0.523209 0.164055
vn -0.934895 0.199501 -0.293550
vn -0.934895 0.199501 -0.293550
vn -0.934895 0.199501 -0.293550
vn -0.795429 0.514199 0.320769
vn -0.795429 0.514199 0.320769
vn -0.795429 0.514199 0.320769
vn -0.632094 -0.713211 -0.302965
vn -0.632094 -0.713211 -0.302965
vn -0.632094 -0.713211 -0.302965
vn -0.724277 -0.343877 0.597638
vn -0.724277 -0.343877 0.597638
vn -0.724277 -0.343877 0.597638
vn -0.978470 0.175758 -0.108197
vn -0.978470 0.175758 -0.108197
vn -0.978470 0.175758 -0.108197
vn 0.991746 -0.107469 -0.069935
vn 0.991746 -0.107469 -0.069935
vn 0.991746 -0.107469 -0.069935
vn -0.661030 -0.061371 0.747845
vn -0.661030 -0.061371 0.747845
vn -0.661030 -0.061371 0.747845
vn -0.989363 -0.097026 -0.108379
vn -0.989363 -0.097026 -0.108379
vn -0.989363 -0.097026 -0.108379
vn -0.928466 0.247941 0.276542
vn -0.928466 0.247941 0.276542
vn -0.928466 0.247941 0.276542
vn -0.956719 0.287454 0.045364
vn -0.956719 0.287454 0.045364
vn -0.956719 0.287454 0.045364
vn -0.687298 -0.097693 0.719776
vn -0.687298 -0.097693 0.719776
vn -0.687298 -0.097693 0.719776
vn -0.757509 -0.097048 0.645571
vn -0.757509 -0.097048 0.645571
vn -0.757509 -0.097048 0.645571
vn -0.960979 -0.142475 0.237108
vn -0.960979 -0.142475 0.237108
vn -0.960979 -0.142475 0.237108
vn -0.939228 -0.120637 -0.321398
vn -0.939228 -0.120637 -0.321398
vn -0.939228 -0.120637 -0.321398
vn -0.986762 -0.146950 0.068604
vn -0.986762 -0.146950 0.068604
vn -0.986762 -0.146950 0.068604
vn -0.839625 -0.024397 -0.542619
vn -0.839625 -0.024397 -0.542619
vn -0.839625 -0.024397 -0.542619
vn -0.989610 -0.143758 -0.002523
vn -0.989610 -0.143758 -0.002523
vn -0.989610 -0.143758 -0.002523
vn -0.735553 -0.339236 0.586414
vn -0.735553 -0.339236 0.586414
vn -0.735553 -0.339236 0.586414
vn -0.634646 -0.772755 -0.008579
vn -0.634646 -0.772755 -0.008579
vn -0.634646 -0.772755 -0.008579
vn -0.981547 0.138943 0.131379
vn -0.981547 0.138943 0.131379
vn -0.981547 0.138943 0.131379
vn -0.717502 -0.329752 0.613558
vn -0.717502 -0.329752 0.613558
vn -0.717502 -0.329752 0.613558
vn -0.692621 -0.387469 0.608395
vn -0.692621 -0.387469 0.608395
vn -0.692621 -0.387469 0.608395
vn -0.717196 -0.628433 -0.301168
vn -0.717196 -0.628433 -0.301168
vn -0.717196 -0.628433 -0.301168
vn -0.613082 -0.675575 -0.409546
vn -0.613082 -0.675575 -0.409546
vn -0.613082 -0.675575 -0.409546
vn -0.214876 -0.678209 0.702753
vn -0.214876 -0.678209 0.702753
vn -0.214876 -0.678209 0.702753
vn -0.994897 0.094204 -0.036134
vn -0.994897 0.094204 -0.036134
vn -0.994897 0.094204 -0.036134
vn -0.915908 -0.142461 0.375256
vn -0.915908 -0.142461 0.375256
vn -0.915908 -0.142461 0.375256
vn -0.975042 0.136148 -0.175377
vn -0.975042 0.136148 -0.175377
vn -0.975042 0.136148 -0.175377
vn -0.668281 -0.378870 0.640202
vn -0.668281 -0.378870 0.640202
vn -0.668281 -0.378870 0.640202
vn -0.936216 0.071662 -0.344041
vn -0.936216 0.071662 -0.344041
vn -0.936216 0.071662 -0.344041
vn -0.967229 -0.037241 -0.251161
vn -0.967229 -0.037241 -0.251161
vn -0.967229 -0.037241 -0.251161
vn -0.981137 -0.035308 0.190063
vn -0.981137 -0.035308 0.190063
vn -0.981137 -0.035308 0.190063
vn -0.849009 0.302737 -0.433052
vn -0.849009 0.302737 -0.433052
vn -0.849009 0.302737 -0.433052
vn -0.804921 -0.177915 0.566082
vn -0.804921 -0.177915 0.566082
vn -0.804921 -0.177915 0.566082
vn -0.695906 0.299639 0.652634
vn -0.695906 0.299639 0.652634
vn -0.695906 0.299639 0.652634
vn -0.982264 0.045372 -0.181930
vn -0.982264 0.045372 -0.181930
vn -0.982264 0.045372 -0.181930
vn -0.842538 -0.007583 -0.538584
vn -0.842538 -0.007583 -0.538584
vn -0.842538 -0.007583 -0.538584
vn -0.992949 0.070064 -0.095621
vn -0.992949 0.070064 -0.095621
vn -0.992949 0.070064 -0.095621
vn -0.803348 0.315813 0.504870
vn -0.803348 0.315813 0.504870
vn -0.803348 0.315813 0.504870
vn -0.777599 0.080107 -0.623636
vn -0.777599 0.080107 -0.623636
vn -0.777599 0.080107 -0.623636
vn -0.674479 -0.357155 0.646157
vn -0.674479 -0.357155 0.646157
vn -0.674479 -0.357155 0.646157
vn -0.994749 -0.101769 0.010861
vn -0.994749 -0.101769 0.010861
vn -0.994749 -0.101769 0.010861
vn -0.801435 0.594714 0.063379
vn -0.801435 0.594714 0.063379
vn -0.801435 0.594714 0.063379
vn -0.987462 0.047024 -0.150688
vn -0.987462 0.047024 -0.150688
vn -0.987462 0.047024 -0.150688
vn -0.618091 -0.670575 -0.410235
vn -0.618091 -0.670575 -0.410235
vn -0.618091 -0.670575 -0.410235
vn -0.631164 -0.309514 -0.711220
vn -0.631164 -0.309514 -0.711220
vn -0.631164 -0.309514 -0.711220
vn -0.851817 -0.150026 0.501896
vn -0.851817 -0.150026 0.501896
vn -0.851817 -0.150026 0.501896
vn -0.876847 -0.128500 0.463278
vn -0.876847 -0.128500 0.463278
vn -0.876847 -0.128500 0.463278
vn -0.940602 0.339462 -0.005815
vn -0.940602 0.339462 -0.005815
vn -0.940602 0.339462 -0.005815
vn -0.980809 0.127275 0.147702
vn -0.980809 0.127275 0.147702
vn -0.980809 0.127275 0.147702
vn -0.947590 -0.319197 -0.013660
vn -0.947590 -0.319197 -0.013660
vn -0.947590 -0.319197 -0.013660
vn -0.912878 -0.398656 -0.087904
vn -0.912878 -0.398656 -0.087904
vn -0.912878 -0.398656 -0.087904
vn -0.554308 0.400586 0.729571
vn -0.554308 0.400586 0.729571
vn -0.554308 0.400586 0.729571
vn -0.817795 0.166915 -0.550773
vn -0.817795 0.166915 -0.550773
vn -0.817795 0.166915 -0.550773
vn -0.625443 -0.288917 -0.724809
vn -0.625443 -0.288917 -0.724809
vn -0.625443 -0.288917 -0.724809
vn -0.878237 -0.473827 -0.064720
vn -0.878237 -0.473827 -0.064720
vn -0.878237 -0.473827 -0.064720
vn -0.879526 0.141444 -0.454342
vn -0.879526 0.141444 -0.454342
vn -0.879526 0.141444 -0.454342
vn -0.958604 -0.134930 -0.250742
vn -0.958604 -0.134930 -0.250742
vn -0.958604 -0.134930 -0.250742
vn -0.803871 -0.179442 0.567091
vn -0.803871 -0.179442 0.567091
vn -0.803871 -0.179442 0.567091
vn -0.974677 0.170135 0.145117
vn -0.974677 0.170135 0.145117
vn -0.974677 0.170135 0.145117
vn -0.940376 0.074528 0.331871
vn -0.940376 0.074528 0.331871
vn -0.940376 0.074528 0.331871
vn -0.995695 0.037683 0.084682
vn -0.995695 0.037683 0.084682
vn -0.995695 0.037683 0.084682
vn 0.212722 0.759158 -0.615165
vn 0.212722 0.759158 -0.615165
vn 0.212722 0.759158 -0.615165
vn -0.380000 0.543475 -0.748488
vn -0.380000 0.543475 -0.748488
vn -0.380000 0.543475 -0.748488
vn -0.507442 -0.818768 -0.268556
vn -0.507442 -0.818768 -0.268556
vn -0.507442 -0.818768 -0.268556
vn 0.475354 -0.514223 0.713872
vn 0.475354 -0.514223 0.713872
vn 0.475354 -0.514223 0.713872
vn -0.652621 -0.350475 0.671754
vn -0.652621 -0.350475 0.671754
vn -0.652621 -0.350475 0.671754
vn -0.970488 -0.094033 0.222061
vn -0.970488 -0.094033 0.222061
vn -0.970488 -0.094033 0.222061
vn -0.598774 -0.421277 -0.681172
vn -0.598774 -0.421277 -0.681172
vn -0.598774 -0.421277 -0.681172
vn -0.993913 -0.034924 0.104487
vn -0.993913 -0.034924 0.104487
vn -0.993913 -0.034924 0.104487
vn -0.967214 -0.017044 -0.253389
vn -0.967214 -0.017044 -0.253389
vn -0.967214 -0.017044 -0.253389
vn -0.861253 -0.184226 0.473607
vn -0.861253 -0.184226 0.473607
vn -0.861253 -0.184226 0.473607
vn -0.885425 0.118387 0.449452
vn -0.885425 0.118387 0.449452
vn -0.885425 0.118387 0.449452
vn -0.978300 -0.204244 -0.034833
vn -0.978300 -0.204244 -0.034833
vn -0.978300 -0.204244 -0.034833
vn -0.894951 0.329194 -0.301154
vn -0.894951 0.329194 -0.301154
vn -0.894951 0.329194 -0.301154
vn -0.790248 -0.170487 0.588593
vn -0.790248 -0.170487 0.588593
vn -0.790248 -0.170487 0.588593
vn -0.969368 -0.016245 -0.245077
vn -0.969368 -0.016245 -0.245077
vn -0.969368 -0.016245 -0.245077
vn -0.931053 -0.087810 0.354161
vn -0.931053 -0.087810 0.354161
vn -0.931053 -0.087810 0.354161
vn -0.623655 -0.199341 -0.755855
vn -0.623655 -0.199341 -0.755855
vn -0.623655 -0.199341 -0.755855
vn -0.618400 -0.695574 -0.365731
vn -0.618400 -0.695574 -0.365731
vn -0.618400 -0.695574 -0.365731
vn -0.630579 -0.534200 -0.563028
vn -0.630579 -0.534200 -0.563028
vn -0.630579 -0.534200 -0.563028
vn -0.988340 0.124105 0.088212
vn -0.988340 0.124105 0.088212
vn -0.988340 0.124105 0.088212
vn -0.785137 -0.374456 0.493297
vn -0.785137 -0.374456 0.493297
vn -0.785137 -0.374456 0.493297
vn -0.913737 0.308196 -0.264765
vn -0.913737 0.308196 -0.264765
vn -0.913737 0.308196 -0.264765
vn -0.621057 -0.523258 -0.583514
vn -0.621057 -0.523258 -0.583514
vn -0.621057 -0.523258 -0.583514
vn -0.974089 0.189064 -0.124120
vn -0.974089 0.189064 -0.124120
vn -0.974089 0.189064 -0.124120
vn -0.861999 0.256766 -0.437069
vn -0.861999 0.256766 -0.437069
vn -0.861999 0.256766 -0.437069
vn -0.903000 -0.253383 0.346970
vn -0.903000 -0.253383 0.346970
vn -0.903000 -0.253383 0.346970
vn -0.951548 0.218825 -0.216038
vn -0.951548 0.218825 -0.216038
vn -0.951548 0.218825 -0.216038
vn -0.866487 -0.142881 0.478315
vn -0.866487 -0.142881 0.478315
vn -0.866487 -0.142881 0.478315
vn -0.470800 -0.812456 0.343894
vn -0.470800 -0.812456 0.343894
vn -0.470800 -0.812456 0.343894
vn -0.803920 -0.340868 0.487362
vn -0.803920 -0.340868 0.487362
vn -0.803920 -0.340868 0.487362
vn -0.898742 -0.382311 -0.214711
vn -0.898742 -0.382311 -0.214711
vn -0.898742 -0.382311 -0.214711
vn -0.681156 -0.632546 -0.368662
vn -0.681156 -0.632546 -0.368662
vn -0.681156 -0.632546 -0.368662
vn -0.728029 -0.684718 0.033693
vn -0.728029 -0.684718 0.033693
vn -0.728029 -0.684718 0.033693
vn -0.994065 -0.025468 -0.105763
vn -0.994065 -0.025468 -0.105763
vn -0.994065 -0.025468 -0.105763
vn -0.991631 0.013395 -0.128405
vn -0.991631 0.013395 -0.128405
vn -0.991631 0.013395 -0.128405
vn -0.653237 -0.257723 -0.711941
vn -0.653237 -0.257723 -0.711941
vn -0.653237 -0.257723 -0.711941
vn -0.683109 -0.695390 -0.223146
vn -0.683109 -0.695390 -0.223146
vn -0.683109 -0.695390 -0.223146
vn -0.473242 -0.871473 -0.128754
vn -0.473242 -0.871473 -0.128754
vn -0.473242 -0.871473 -0.128754
vn -0.964224 -0.235896 0.120934
vn -0.964224 -0.235896 0.120934
vn -0.964224 -0.235896 0.120934
vn -0.955416 -0.279114 -0.096315
vn -0.955416 -0.279114 -0.096315
vn -0.955416 -0.279114 -0.096315
vn -0.728567 -0.435236 -0.528922
vn -0.728567 -0.435236 -0.528922
vn -0.728567 -0.435236 -0.528922
vn -0.677415 -0.468868 -0.566809
vn -0.677415 -0.468868 -0.566809
vn -0.677415 -0.468868 -0.566809
vn -0.708009 -0.614215 -0.348516
vn -0.708009 -0.614215 -0.348516
vn -0.708009 -0.614215 -0.348516
vn -0.753548 -0.644189 -0.131095
vn -0.753548 -0.644189 -0.131095
vn -0.753548 -0.644189 -0.131095
vn -0.731065 -0.660600 -0.170739
vn -0.731065 -0.660600 -0.170739
vn -0.731065 -0.660600 -0.170739
vn -0.943221 -0.153253 -0.294699
vn -0.943221 -0.153253 -0.294699
vn -0.943221 -0.153253 -0.294699
vn 0.585355 0.553849 -0.592124
vn 0.585355 0.553849 -0.592124
vn 0.585355 0.553849 -0.592124
vn -0.870437 -0.402774 -0.283043
vn -0.870437 -0.402774 -0.283043
vn -0.870437 -0.402774 -0.283043
vn -0.804964 -0.476512 -0.353510
vn -0.804964 -0.476512 -0.353510
vn -0.804964 -0.476512 -0.353510
vn -0.828969 -0.552728 -0.085453
vn -0.828969 -0.552728 -0.085453
vn -0.828969 -0.552728 -0.085453
vn -0.738890 -0.646707 -0.189237
vn -0.738890 -0.646707 -0.189237
vn -0.738890 -0.646707 -0.189237
vn -0.721818 -0.630319 -0.285792
vn -0.721818 -0.630319 -0.285792
vn -0.721818 -0.630319 -0.285792
vn -0.807023 -0.589019 0.042076
vn -0.807023 -0.589019 0.042076
vn -0.807023 -0.589019 0.042076
vn -0.803716 -0.594290 -0.029334
vn -0.803716 -0.594290 -0.029334
vn -0.803716 -0.594290 -0.029334
vn -0.608233 -0.777359 -0.160515
vn -0.608233 -0.777359 -0.160515
vn -0.608233 -0.777359 -0.160515
vn -0.810286 -0.537861 -0.232686
vn -0.810286 -0.537861 -0.232686
vn -0.810286 -0.537861 -0.232686
vn -0.668789 -0.695764 -0.261981
vn -0.668789 -0.695764 -0.261981
vn -0.668789 -0.695764 -0.261981
vn -0.624197 -0.661286 0.416026
vn -0.624197 -0.661286 0.416026
vn -0.624197 -0.661286 0.416026
vn -0.611730 -0.658641 0.438153
vn -0.611730 -0.658641 0.438153
vn -0.611730 -0.658641 0.438153
vn -0.851848 -0.520479 0.058793
vn -0.851848 -0.520479 0.058793
vn -0.851848 -0.520479 0.058793
vn -0.701350 -0.675064 -0.228904
vn -0.701350 -0.675064 -0.228904
vn -0.701350 -0.675064 -0.228904
vn -0.765117 -0.595437 -0.245051
vn -0.765117 -0.595437 -0.245051
vn -0.765117 -0.595437 -0.245051
vn -0.797549 -0.539538 -0.269840
vn -0.797549 -0.539538 -0.269840
vn -0.797549 -0.539538 -0.269840
vn -0.761043 -0.432072 -0.483868
vn -0.761043 -0.432072 -0.483868
vn -0.761043 -0.432072 -0.483868
vn -0.734547 -0.305812 -0.605740
vn -0.734547 -0.305812 -0.605740
vn -0.734547 -0.305812 -0.605740
vn -0.682709 -0.009718 -0.730626
vn -0.682709 -0.009718 -0.730626
vn -0.682709 -0.009718 -0.730626
vn -0.980197 0.144328 -0.135585
vn -0.980197 0.144328 -0.135585
vn -0.980197 0.144328 -0.135585
vn -0.708417 0.252916 -0.658923
vn -0.708417 0.252916 -0.658923
vn -0.708417 0.252916 -0.658923
vn -0.804869 -0.489288 -0.335832
vn -0.804869 -0.489288 -0.335832
vn -0.804869 -0.489288 -0.335832
vn -0.852428 -0.506188 -0.130924
vn -0.852428 -0.506188 -0.130924
vn -0.852428 -0.506188 -0.130924
vn -0.867347 -0.470771 -0.161507
vn -0.867347 -0.470771 -0.161507
vn -0.867347 -0.470771 -0.161507
vn -0.855643 -0.471862 -0.212653
vn -0.855643 -0.471862 -0.212653
vn -0.855643 -0.471862 -0.212653
vn -0.693196 -0.664878 -0.278238
vn -0.693196 -0.664878 -0.278238
vn -0.693196 -0.664878 -0.278238
vn -0.650247 -0.692947 -0.311454
vn -0.650247 -0.692947 -0.311454
vn -0.650247 -0.692947 -0.311454
vn -0.832585 -0.538173 -0.131038
vn -0.832585 -0.538173 -0.131038
vn -0.832585 -0.538173 -0.131038
vn -0.802356 -0.221399 -0.554263
vn -0.802356 -0.221399 -0.554263
vn -0.802356 -0.221399 -0.554263
vn -0.625076 -0.653380 0.427053
vn -0.625076 -0.653380 0.427053
vn -0.625076 -0.653380 0.427053
vn -0.733740 -0.655791 -0.177661
vn -0.733740 -0.655791 -0.177661
vn -0.733740 -0.655791 -0.177661
vn -0.485184 -0.488390 -0.725308
vn -0.485184 -0.488390 -0.725308
vn -0.485184 -0.488390 -0.725308
vn -0.557180 -0.183746 -0.809807
vn -0.557180 -0.183746 -0.809807
vn -0.557180 -0.183746 -0.809807
vn -0.886970 -0.354304 -0.296232
vn -0.886970 -0.354304 -0.296232
vn -0.886970 -0.354304 -0.296232
vn -0.917587 -0.393819 -0.054229
vn -0.917587 -0.393819 -0.054229
vn -0.917587 -0.393819 -0.054229
vn -0.820379 -0.470626 -0.324791
vn -0.820379 -0.470626 -0.324791
vn -0.820379 -0.470626 -0.324791
vn -0.484763 0.853770 0.189949
vn -0.484763 0.853770 0.189949
vn -0.484763 0.853770 0.189949
vn -0.933946 0.161797 -0.318694
vn -0.933946 0.161797 -0.318694
vn -0.933946 0.161797 -0.318694
vn -0.680018 -0.046303 -0.731732
vn -0.680018 -0.046303 -0.731732
vn -0.680018 -0.046303 -0.731732
vn -0.974597 0.142477 -0.172802
vn -0.974597 0.142477 -0.172802
vn -0.974597 0.142477 -0.172802
vn -0.716299 -0.549089 0.430601
vn -0.716299 -0.549089 0.430601
vn -0.716299 -0.549089 0.430601
vn -0.702790 -0.576193 0.417238
vn -0.702790 -0.576193 0.417238
vn -0.702790 -0.576193 0.417238
vn -0.855416 -0.501371 0.129965
vn -0.855416 -0.501371 0.129965
vn -0.855416 -0.501371 0.129965
vn 0.623104 -0.228085 -0.748144
vn 0.623104 -0.228085 -0.748144
vn 0.623104 -0.228085 -0.748144
vn 0.669249 -0.267501 0.693217
vn 0.669249 -0.267501 0.693217
vn 0.669249 -0.267501 0.693217
vn -0.132053 -0.991062 -0.018908
vn -0.132053 -0.991062 -0.018908
vn -0.132053 -0.991062 -0.018908
vn 0.728227 -0.668010 -0.153123
vn 0.728227 -0.668010 -0.153123
vn 0.728227 -0.668010 -0.153123
vn 0.817296 0.193863 -0.542627
vn 0.817296 0.193863 -0.542627
vn 0.817296 0.193863 -0.542627
vn 0.992598 0.062709 -0.104001
vn 0.992598 0.062709 -0.104001
vn 0.992598 0.062709 -0.104001
vn 0.159076 -0.172233 0.972127
vn 0.159076 -0.172233 0.972127
vn 0.159076 -0.172233 0.972127
vn -0.088854 -0.968804 -0.231353
vn -0.088854 -0.968804 -0.231353
vn -0.088854 -0.968804 -0.231353
vn 0.046819 -0.216344 -0.975194
vn 0.046819 -0.216344 -0.975194
vn 0.046819 -0.216344 -0.975194
vn 0.073853 -0.243866 -0.966993
vn 0.073853 -0.243866 -0.966993
vn 0.073853 -0.243866 -0.966993
vn 0.099816 0.100248 -0.989943
vn 0.099816 0.100248 -0.989943
vn 0.099816 0.100248 -0.989943
vn -0.821457 -0.305069 -0.481811
vn -0.821457 -0.305069 -0.481811
vn -0.821457 -0.305069 -0.481811
vn 0.691400 -0.367968 -0.621743
vn 0.691400 -0.367968 -0.621743
vn 0.691400 -0.367968 -0.621743
vn -0.232884 -0.667373 -0.707374
vn -0.232884 -0.667373 -0.707374
vn -0.232884 -0.667373 -0.707374
vn 0.639573 -0.540765 -0.546369
vn 0.639573 -0.540765 -0.546369
vn 0.639573 -0.540765 -0.546369
vn -0.942876 -0.313761 0.111978
vn -0.942876 -0.313761 0.111978
vn -0.942876 -0.313761 0.111978
vn -0.117532 -0.600966 -0.790586
vn -0.117532 -0.600966 -0.790586
vn -0.117532 -0.600966 -0.790586
vn 0.499055 -0.702122 -0.507906
vn 0.499055 -0.702122 -0.507906
vn 0.499055 -0.702122 -0.507906
vn 0.588030 -0.568946 -0.574909
vn 0.588030 -0.568946 -0.574909
vn 0.588030 -0.568946 -0.574909
vn -0.694878 -0.359587 -0.622769
vn -0.694878 -0.359587 -0.622769
vn -0.694878 -0.359587 -0.622769
vn -0.394405 -0.871088 -0.292661
vn -0.394405 -0.871088 -0.292661
vn -0.394405 -0.871088 -0.292661
vn -0.358465 -0.868654 -0.341970
vn -0.358465 -0.868654 -0.341970
vn -0.358465 -0.868654 -0.341970
vn 0.687535 -0.699493 -0.194948
vn 0.687535 -0.699493 -0.194948
vn 0.687535 -0.699493 -0.194948
vn -0.646895 -0.689434 -0.325895
vn -0.646895 -0.689434 -0.325895
vn -0.646895 -0.689434 -0.325895
vn 0.420374 -0.779744 -0.463987
vn 0.420374 -0.779744 -0.463987
vn 0.420374 -0.779744 -0.463987
vn 0.428883 -0.846866 -0.314449
vn 0.428883 -0.846866 -0.314449
vn 0.428883 -0.846866 -0.314449
vn 0.414513 -0.793687 -0.445240
vn 0.414513 -0.793687 -0.445240
vn 0.414513 -0.793687 -0.445240
vn -0.513800 -0.843632 0.155866
vn -0.513800 -0.843632 0.155866
vn -0.513800 -0.843632 0.155866
vn -0.096989 -0.847801 0.521370
vn -0.096989 -0.847801 0.521370
vn -0.096989 -0.847801 0.521370
vn 0.957735 -0.098947 0.270097
vn 0.957735 -0.098947 0.270097
vn 0.957735 -0.098947 0.270097
vn 0.651697 -0.471903 0.593799
vn 0.651697 -0.471903 0.593799
vn 0.651697 -0.471903 0.593799
vn 0.483440 -0.825647 -0.290848
vn 0.483440 -0.825647 -0.290848
vn 0.483440 -0.825647 -0.290848
vn 0.474245 -0.841467 -0.258892
vn 0.474245 -0.841467 -0.258892
vn 0.474245 -0.841467 -0.258892
vn 0.578440 -0.815688 -0.007773
vn 0.578440 -0.815688 -0.007773
vn 0.578440 -0.815688 -0.007773
vn 0.354036 0.287662 0.889893
vn 0.354036 0.287662 0.889893
vn 0.354036 0.287662 0.889893
vn -0.265696 -0.706102 0.656373
vn -0.265696 -0.706102 0.656373
vn -0.265696 -0.706102 0.656373
vn 0.161993 -0.929124 -0.332396
vn 0.161993 -0.929124 -0.332396
vn 0.161993 -0.929124 -0.332396
vn 0.228851 -0.950909 -0.208326
vn 0.228851 -0.950909 -0.208326
vn 0.228851 -0.950909 -0.208326
vn 0.659371 -0.686878 -0.305661
vn 0.659371 -0.686878 -0.305661
vn 0.659371 -0.686878 -0.305661
vn 0.015014 -0.899497 -0.436669
vn 0.015014 -0.899497 -0.436669
vn 0.015014 -0.899497 -0.436669
vn 0.008304 -0.384060 -0.923271
vn 0.008304 -0.384060 -0.923271
vn 0.008304 -0.384060 -0.923271
vn 0.906612 0.129941 -0.401460
vn 0.906612 0.129941 -0.401460
vn 0.906612 0.129941 -0.401460
vn 0.521140 -0.809644 -0.269982
vn 0.521140 -0.809644 -0.269982
vn 0.521140 -0.809644 -0.269982
vn 0.280483 -0.927991 -0.245277
vn 0.280483 -0.927991 -0.245277
vn 0.280483 -0.927991 -0.245277
vn 0.308192 -0.830272 -0.464399
vn 0.308192 -0.830272 -0.464399
vn 0.308192 -0.830272 -0.464399
vn 0.051580 -0.765115 -0.641824
vn 0.051580 -0.765115 -0.641824
vn 0.051580 -0.765115 -0.641824
vn 0.602414 -0.714778 -0.355232
vn 0.602414 -0.714778 -0.355232
vn 0.602414 -0.714778 -0.355232
vn 0.606796 -0.730329 -0.313716
vn 0.606796 -0.730329 -0.313716
vn 0.606796 -0.730329 -0.313716
vn 0.604308 -0.734971 -0.307618
vn 0.604308 -0.734971 -0.307618
vn 0.604308 -0.734971 -0.307618
vn -0.195670 -0.620956 -0.759030
vn -0.195670 -0.620956 -0.759030
vn -0.195670 -0.620956 -0.759030
vn 0.768623 -0.515816 -0.378355
vn 0.768623 -0.515816 -0.378355
vn 0.768623 -0.515816 -0.378355
vn 0.767738 -0.522907 -0.370334
vn 0.767738 -0.522907 -0.370334
vn 0.767738 -0.522907 -0.370334
vn 0.876223 -0.240614 -0.417538
vn 0.876223 -0.240614 -0.417538
vn 0.876223 -0.240614 -0.417538
vn -0.022964 -0.595114 -0.803313
vn -0.022964 -0.595114 -0.803313
vn -0.022964 -0.595114 -0.803313
vn 0.510068 -0.670975 -0.538167
vn 0.510068 -0.670975 -0.538167
vn 0.510068 -0.670975 -0.538167
vn -0.022786 -0.540779 -0.840856
vn -0.022786 -0.540779 -0.840856
vn -0.022786 -0.540779 -0.840856
vn 0.890825 -0.216231 -0.399593
vn 0.890825 -0.216231 -0.399593
vn 0.890825 -0.216231 -0.399593
vn 0.442631 -0.296258 -0.846350
vn 0.442631 -0.296258 -0.846350
vn 0.442631 -0.296258 -0.846350
vn 0.548303 -0.478091 -0.686143
vn 0.548303 -0.478091 -0.686143
vn 0.548303 -0.478091 -0.686143
vn -0.664491 -0.496867 -0.558189
vn -0.664491 -0.496867 -0.558189
vn -0.664491 -0.496867 -0.558189
vn -0.456219 0.704990 0.543004
vn -0.456219 0.704990 0.543004
vn -0.456219 0.704990 0.543004
vn 0.057588 -0.981326 0.183528
vn 0.057588 -0.981326 0.183528
vn 0.057588 -0.981326 0.183528
vn 0.390237 -0.186140 0.901702
vn 0.390237 -0.186140 0.901702
vn 0.390237 -0.186140 0.901702
vn -0.574407 -0.252037 -0.778803
vn -0.574407 -0.252037 -0.778803
vn -0.574407 -0.252037 -0.778803
vn -0.681978 -0.461702 -0.567219
vn -0.681978 -0.461702 -0.567219
vn -0.681978 -0.461702 -0.567219
vn 0.462068 -0.311558 0.830316
vn 0.462068 -0.311558 0.830316
vn 0.462068 -0.311558 0.830316
vn -0.639523 -0.705982 -0.304304
vn -0.639523 -0.705982 -0.304304
vn -0.639523 -0.705982 -0.304304
vn 0.309420 -0.113968 0.944071
vn 0.309420 -0.113968 0.944071
vn 0.309420 -0.113968 0.944071
vn -0.658098 -0.144730 -0.738891
vn -0.658098 -0.144730 -0.738891
vn -0.658098 -0.144730 -0.738891
vn -0.575012 -0.700835 -0.422129
vn -0.575012 -0.700835 -0.422129
vn -0.575012 -0.700835 -0.422129
vn -0.578708 0.121574 -0.806423
vn -0.578708 0.121574 -0.806423
vn -0.578708 0.121574 -0.806423
vn -0.624686 -0.701106 -0.343829
vn -0.624686 -0.701106 -0.343829
vn -0.624686 -0.701106 -0.343829
vn -0.422438 -0.896501 -0.133535
vn -0.422438 -0.896501 -0.133535
vn -0.422438 -0.896501 -0.133535
vn -0.506333 -0.745455 -0.433502
vn -0.506333 -0.745455 -0.433502
vn -0.506333 -0.745455 -0.433502
vn -0.697686 -0.697845 -0.162007
vn -0.697686 -0.697845 -0.162007
vn -0.697686 -0.697845 -0.162007
vn -0.380701 -0.916307 0.124294
vn -0.380701 -0.916307 0.124294
vn -0.380701 -0.916307 0.124294
vn -0.379955 -0.920790 0.088203
vn -0.379955 -0.920790 0.088203
vn -0.379955 -0.920790 0.088203
vn -0.396203 -0.911827 0.107674
vn -0.396203 -0.911827 0.107674
vn -0.396203 -0.911827 0.107674
vn -0.439999 -0.895463 -0.067436
vn -0.439999 -0.895463 -0.067436
vn -0.439999 -0.895463 -0.067436
vn -0.459294 -0.865747 -0.198826
vn -0.459294 -0.865747 -0.198826
vn -0.459294 -0.865747 -0.198826
vn -0.308816 -0.865375 0.394662
vn -0.308816 -0.865375 0.394662
vn -0.308816 -0.865375 0.394662
vn -0.350001 -0.621850 0.700572
vn -0.350001 -0.621850 0.700572
vn -0.350001 -0.621850 0.700572
vn -0.575784 -0.815778 -0.054591
vn -0.575784 -0.815778 -0.054591
vn -0.575784 -0.815778 -0.054591
vn -0.560593 -0.773726 0.295100
vn -0.560593 -0.773726 0.295100
vn -0.560593 -0.773726 0.295100
vn -0.073715 -0.925242 0.372146
vn -0.073715 -0.925242 0.372146
vn -0.073715 -0.925242 0.372146
vn -0.703957 -0.649016 -0.288484
vn -0.703957 -0.649016 -0.288484
vn -0.703957 -0.649016 -0.288484
vn -0.150172 -0.988620 0.008924
vn -0.150172 -0.988620 0.008924
vn -0.150172 -0.988620 0.008924
vn -0.260671 -0.951383 -0.164075
vn -0.260671 -0.951383 -0.164075
vn -0.260671 -0.951383 -0.164075
vn -0.266334 -0.957409 -0.111506
vn -0.266334 -0.957409 -0.111506
vn -0.266334 -0.957409 -0.111506
vn -0.481584 -0.808497 0.338244
vn -0.481584 -0.808497 0.338244
vn -0.481584 -0.808497 0.338244
vn -0.501972 -0.823781 0.263456
vn -0.501972 -0.823781 0.263456
vn -0.501972 -0.823781 0.263456
vn 0.227835 -0.968148 -0.103833
vn 0.227835 -0.968148 -0.103833
vn 0.227835 -0.968148 -0.103833
vn -0.147769 -0.984993 0.089176
vn -0.147769 -0.984993 0.089176
vn -0.147769 -0.984993 0.089176
vn -0.533705 -0.836328 -0.125358
vn -0.533705 -0.836328 -0.125358
vn -0.533705 -0.836328 -0.125358
vn 0.270644 -0.930698 -0.246074
vn 0.270644 -0.930698 -0.246074
vn 0.270644 -0.930698 -0.246074
vn 0.296067 -0.952682 -0.068858
vn 0.296067 -0.952682 -0.068858
vn 0.296067 -0.952682 -0.068858
vn -0.528424 -0.835791 -0.149071
vn -0.528424 -0.835791 -0.149071
vn -0.528424 -0.835791 -0.149071
vn -0.724504 -0.250631 0.642089
vn -0.724504 -0.250631 0.642089
vn -0.724504 -0.250631 0.642089
vn 0.347828 -0.924002 -0.158856
vn 0.347828 -0.924002 -0.158856
vn 0.347828 -0.924002 -0.158856
vn -0.425910 -0.904574 -0.018609
vn -0.425910 -0.904574 -0.018609
vn -0.425910 -0.904574 -0.018609
vn -0.277239 -0.926922 -0.252892
vn -0.277239 -0.926922 -0.252892
vn -0.277239 -0.926922 -0.252892
vn -0.374909 -0.927024 -0.008315
vn -0.374909 -0.927024 -0.008315
vn -0.374909 -0.927024 -0.008315
vn -0.316015 -0.851549 0.418328
vn -0.316015 -0.851549 0.418328
vn -0.316015 -0.851549 0.418328
vn -0.243479 -0.845399 0.475415
vn -0.243479 -0.845399 0.475415
vn -0.243479 -0.845399 0.475415
vn -0.531004 -0.801209 -0.275861
vn -0.531004 -0.801209 -0.275861
vn -0.531004 -0.801209 -0.275861
vn -0.573479 -0.240004 0.783275
vn -0.573479 -0.240004 0.783275
vn -0.573479 -0.240004 0.783275
vn 0.820038 0.280809 -0.498683
vn 0.820038 0.280809 -0.498683
vn 0.820038 0.280809 -0.498683
vn -0.035914 -0.791772 0.609760
vn -0.035914 -0.791772 0.609760
vn -0.035914 -0.791772 0.609760
vn -0.077882 0.985516 0.150638
vn -0.077882 0.985516 0.150638
vn -0.077882 0.985516 0.150638
vn 0.658842 -0.708786 -0.252092
vn 0.658842 -0.708786 -0.252092
vn 0.658842 -0.708786 -0.252092
vn -0.431533 -0.851518 0.297820
vn -0.431533 -0.851518 0.297820
vn -0.431533 -0.851518 0.297820
vn -0.136446 -0.990234 0.028636
vn -0.136446 -0.990234 0.028636
vn -0.136446 -0.990234 0.028636
vn 0.980858 -0.082943 0.176179
vn 0.980858 -0.082943 0.176179
vn 0.980858 -0.082943 0.176179
vn 0.082699 -0.993265 -0.081149
vn 0.082699 -0.993265 -0.081149
vn 0.082699 -0.993265 -0.081149
vn -0.110335 -0.989181 0.096677
vn -0.110335 -0.989181 0.096677
vn -0.110335 -0.989181 0.096677
vn -0.987648 0.024899 -0.154699
vn -0.987648 0.024899 -0.154699
vn -0.987648 0.024899 -0.154699
vn -0.831986 -0.554405 0.020839
vn -0.831986 -0.554405 0.020839
vn -0.831986 -0.554405 0.020839
vn 0.020401 -0.999172 0.035206
vn 0.020401 -0.999172 0.035206
vn 0.020401 -0.999172 0.035206
vn -0.079977 -0.969191 0.232966
vn -0.079977 -0.969191 0.232966
vn -0.079977 -0.969191 0.232966
vn -0.372029 -0.078848 -0.924866
vn -0.372029 -0.078848 -0.924866
vn -0.372029 -0.078848 -0.924866
vn -0.577594 -0.146486 0.803073
vn -0.577594 -0.146486 0.803073
vn -0.577594 -0.146486 0.803073
vn -0.626923 0.225054 0.745867
vn -0.626923 0.225054 0.745867
vn -0.626923 0.225054 0.745867
vn -0.556758 -0.822177 -0.118514
vn -0.556758 -0.822177 -0.118514
vn -0.556758 -0.822177 -0.118514
vn -0.157481 -0.980424 -0.118186
vn -0.157481 -0.980424 -0.118186
vn -0.157481 -0.980424 -0.118186
vn -0.177184 -0.982335 0.060191
vn -0.177184 -0.982335 0.060191
vn -0.177184 -0.982335 0.060191
vn -0.494336 -0.765157 0.412512
vn -0.494336 -0.765157 0.412512
vn -0.494336 -0.765157 0.412512
vn -0.466564 -0.877868 0.108011
vn -0.466564 -0.877868 0.108011
vn -0.466564 -0.877868 0.108011
vn 0.415754 -0.475463 0.775296
vn 0.415754 -0.475463 0.775296
vn 0.415754 -0.475463 0.775296
vn 0.533570 0.086226 0.841349
vn 0.533570 0.086226 0.841349
vn 0.533570 0.086226 0.841349
vn -0.666729 -0.711306 -0.222523
vn -0.666729 -0.711306 -0.222523
vn -0.666729 -0.711306 -0.222523
vn -0.268968 -0.961261 -0.060285
vn -0.268968 -0.961261 -0.060285
vn -0.268968 -0.961261 -0.060285
vn -0.606606 -0.749108 -0.266209
vn -0.606606 -0.749108 -0.266209
vn -0.606606 -0.749108 -0.266209
vn -0.469826 -0.874312 0.121826
vn -0.469826 -0.874312 0.121826
vn -0.469826 -0.874312 0.121826
vn 0.094025 -0.464810 0.880404
vn 0.094025 -0.464810 0.880404
vn 0.094025 -0.464810 0.880404
vn -0.293488 -0.945255 -0.142681
vn -0.293488 -0.945255 -0.142681
vn -0.293488 -0.945255 -0.142681
vn -0.285986 -0.934252 -0.213038
vn -0.285986 -0.934252 -0.213038
vn -0.285986 -0.934252 -0.213038
vn -0.581704 -0.812822 -0.030675
vn -0.581704 -0.812822 -0.030675
vn -0.581704 -0.812822 -0.030675
vn -0.114112 -0.189456 0.975236
vn -0.114112 -0.189456 0.975236
vn -0.114112 -0.189456 0.975236
vn -0.294358 -0.935457 0.195636
vn -0.294358 -0.935457 0.195636
vn -0.294358 -0.935457 0.195636
vn -0.240662 -0.930880 0.274853
vn -0.240662 -0.930880 0.274853
vn -0.240662 -0.930880 0.274853
vn -0.793480 -0.552389 0.255453
vn -0.793480 -0.552389 0.255453
vn -0.793480 -0.552389 0.255453
vn -0.888118 -0.455641 0.060305
vn -0.888118 -0.455641 0.060305
vn -0.888118 -0.455641 0.060305
vn -0.583949 -0.811135 -0.032607
vn -0.583949 -0.811135 -0.032607
vn -0.583949 -0.811135 -0.032607
vn -0.241179 -0.952352 -0.186703
vn -0.241179 -0.952352 -0.186703
vn -0.241179 -0.952352 -0.186703
vn 0.405246 -0.906166 -0.120991
vn 0.405246 -0.906166 -0.120991
vn 0.405246 -0.906166 -0.120991
vn 0.125789 -0.925139 -0.358183
vn 0.125789 -0.925139 -0.358183
vn 0.125789 -0.925139 -0.358183
vn -0.312812 -0.884004 0.347398
vn -0.312812 -0.884004 0.347398
vn -0.312812 -0.884004 0.347398
vn -0.622729 -0.768284 -0.148150
vn -0.622729 -0.768284 -0.148150
vn -0.622729 -0.768284 -0.148150
vn -0.512864 -0.854732 0.080020
vn -0.512864 -0.854732 0.080020
vn -0.512864 -0.854732 0.080020
vn -0.498213 -0.866029 0.042176
vn -0.498213 -0.866029 0.042176
vn -0.498213 -0.866029 0.042176
vn -0.157798 -0.976080 -0.149561
vn -0.157798 -0.976080 -0.149561
vn -0.157798 -0.976080 -0.149561
vn -0.622767 -0.758980 0.190028
vn -0.622767 -0.758980 0.190028
vn -0.622767 -0.758980 0.190028
vn -0.435244 -0.899992 -0.024010
vn -0.435244 -0.899992 -0.024010
vn -0.435244 -0.899992 -0.024010
vn -0.582173 -0.805548 0.110301
vn -0.582173 -0.805548 0.110301
vn -0.582173 -0.805548 0.110301
vn -0.430942 -0.862666 0.264757
vn -0.430942 -0.862666 0.264757
vn -0.430942 -0.862666 0.264757
vn 0.391445 -0.315480 -0.864432
vn 0.391445 -0.315480 -0.864432
vn 0.391445 -0.315480 -0.864432
vn 0.173625 -0.945228 0.276402
vn 0.173625 -0.945228 0.276402
vn 0.173625 -0.945228 0.276402
vn 0.443295 -0.263595 0.856742
vn 0.443295 -0.263595 0.856742
vn 0.443295 -0.263595 0.856742
vn -0.491375 -0.785029 0.377200
vn -0.491375 -0.785029 0.377200
vn -0.491375 -0.785029 0.377200
vn -0.559040 -0.789520 0.253243
vn -0.559040 -0.789520 0.253243
vn -0.559040 -0.789520 0.253243
vn 0.526211 -0.816225 -0.238492
vn 0.526211 -0.816225 -0.238492
vn 0.526211 -0.816225 -0.238492
vn -0.949928 -0.312027 -0.016601
vn -0.949928 -0.312027 -0.016601
vn -0.949928 -0.312027 -0.016601
vn -0.543022 -0.792750 -0.276903
vn -0.543022 -0.792750 -0.276903
vn -0.543022 -0.792750 -0.276903
vn -0.541856 -0.689056 0.481242
vn -0.541856 -0.689056 0.481242
vn -0.541856 -0.689056 0.481242
vn -0.437990 -0.895265 0.081638
vn -0.437990 -0.895265 0.081638
vn -0.437990 -0.895265 0.081638
vn -0.587298 -0.806715 -0.065510
vn -0.587298 -0.806715 -0.065510
vn -0.587298 -0.806715 -0.065510
vn -0.779171 -0.573177 0.253692
vn -0.779171 -0.573177 0.253692
vn -0.779171 -0.573177 0.253692
vn -0.725183 -0.683456 0.083647
vn -0.725183 -0.683456 0.083647
vn -0.725183 -0.683456 0.083647
vn -0.598986 -0.765890 0.233727
vn -0.598986 -0.765890 0.233727
vn -0.598986 -0.765890 0.233727
vn 0.280433 -0.306088 0.909762
vn 0.280433 -0.306088 0.909762
vn 0.280433 -0.306088 0.909762
vn -0.524095 -0.842217 0.126472
vn -0.524095 -0.842217 0.126472
vn -0.524095 -0.842217 0.126472
vn -0.638998 -0.769111 -0.012203
vn -0.638998 -0.769111 -0.012203
vn -0.638998 -0.769111 -0.012203
vn -0.520542 -0.739988 -0.425975
vn -0.520542 -0.739988 -0.425975
vn -0.520542 -0.739988 -0.425975
vn -0.425669 -0.900657 0.087313
vn -0.425669 -0.900657 0.087313
vn -0.425669 -0.900657 0.087313
vn -0.736255 -0.588876 -0.333397
vn -0.736255 -0.588876 -0.333397
vn -0.736255 -0.588876 -0.333397
vn -0.171187 -0.836918 0.519869
vn -0.171187 -0.836918 0.519869
vn -0.171187 -0.836918 0.519869
vn -0.501396 -0.784049 0.365881
vn -0.501396 -0.784049 0.365881
vn -0.501396 -0.784049 0.365881
vn -0.197583 -0.750831 0.630249
vn -0.197583 -0.750831 0.630249
vn -0.197583 -0.750831 0.630249
vn -0.635430 -0.772138 -0.005689
vn -0.635430 -0.772138 -0.005689
vn -0.635430 -0.772138 -0.005689
vn -0.646382 -0.743654 -0.170788
vn -0.646382 -0.743654 -0.170788
vn -0.646382 -0.743654 -0.170788
vn 0.350801 -0.928748 -0.119859
vn 0.350801 -0.928748 -0.119859
vn 0.350801 -0.928748 -0.119859
vn 0.017326 -0.970141 -0.241921
vn 0.017326 -0.970141 -0.241921
vn 0.017326 -0.970141 -0.241921
vn -0.278220 -0.886583 0.369547
vn -0.278220 -0.886583 0.369547
vn -0.278220 -0.886583 0.369547
vn -0.289286 -0.905707 0.309852
vn -0.289286 -0.905707 0.309852
vn -0.289286 -0.905707 0.309852
vn -0.030814 0.829103 0.558246
vn -0.030814 0.829103 0.558246
vn -0.030814 0.829103 0.558246
vn -0.816070 -0.178064 0.549839
vn -0.816070 -0.178064 0.549839
vn -0.816070 -0.178064 0.549839
vn -0.377050 -0.740769 -0.555962
vn -0.377050 -0.740769 -0.555962
vn -0.377050 -0.740769 -0.555962
vn -0.130299 -0.969129 -0.209310
vn -0.130299 -0.969129 -0.209310
vn -0.130299 -0.969129 -0.209310
vn -0.016513 -0.752718 0.658136
vn -0.016513 -0.752718 0.658136
vn -0.016513 -0.752718 0.658136
vn -0.119102 -0.872681 0.473542
vn -0.119102 -0.872681 0.473542
vn -0.119102 -0.872681 0.473542
vn -0.249323 -0.928648 0.274682
vn -0.249323 -0.928648 0.274682
vn -0.249323 -0.928648 0.274682
vn -0.495567 -0.868269 0.022854
vn -0.495567 -0.868269 0.022854
vn -0.495567 -0.868269 0.022854
vn -0.663187 -0.711118 -0.233441
vn -0.663187 -0.711118 -0.233441
vn -0.663187 -0.711118 -0.233441
vn -0.503675 -0.863723 -0.017151
vn -0.503675 -0.863723 -0.017151
vn -0.503675 -0.863723 -0.017151
vn -0.210752 -0.857700 0.468971
vn -0.210752 -0.857700 0.468971
vn -0.210752 -0.857700 0.468971
vn -0.081556 -0.996033 0.035600
vn -0.081556 -0.996033 0.035600
vn -0.081556 -0.996033 0.035600
vn -0.148856 -0.935043 -0.321771
vn -0.148856 -0.935043 -0.321771
vn -0.148856 -0.935043 -0.321771
vn -0.924312 -0.359574 0.127884
vn -0.924312 -0.359574 0.127884
vn -0.924312 -0.359574 0.127884
vn -0.261938 0.937147 0.230528
vn -0.261938 0.937147 0.230528
vn -0.261938 0.937147 0.230528
vn -0.187880 -0.365252 0.911752
vn -0.187880 -0.365252 0.911752
vn -0.187880 -0.365252 0.911752
vn 0.007227 -0.231205 0.972878
vn 0.007227 -0.231205 0.972878
vn 0.007227 -0.231205 0.972878
vn -0.425938 -0.115332 0.897371
vn -0.425938 -0.115332 0.897371
vn -0.425938 -0.115332 0.897371
vn -0.148712 -0.154262 0.976774
vn -0.148712 -0.154262 0.976774
vn -0.148712 -0.154262 0.976774
vn -0.057026 -0.810038 0.583598
vn -0.057026 -0.810038 0.583598
vn -0.057026 -0.810038 0.583598
vn -0.498062 0.047462 0.865842
vn -0.498062 0.047462 0.865842
vn -0.498062 0.047462 0.865842
vn -0.664009 0.279817 0.693393
vn -0.664009 0.279817 0.693393
vn -0.664009 0.279817 0.693393
vn 0.002297 -0.693013 0.720922
vn 0.002297 -0.693013 0.720922
vn 0.002297 -0.693013 0.720922
vn 0.769608 -0.621434 -0.146706
vn 0.769608 -0.621434 -0.146706
vn 0.769608 -0.621434 -0.146706
vn -0.639468 0.219545 0.736805
vn -0.639468 0.219545 0.736805
vn -0.639468 0.219545 0.736805
vn -0.639310 0.096280 0.762898
vn -0.639310 0.096280 0.762898
vn -0.639310 0.096280 0.762898
vn -0.660206 0.199796 0.724023
vn -0.660206 0.199796 0.724023
vn -0.660206 0.199796 0.724023
vn -0.668909 0.124879 0.732780
vn -0.668909 0.124879 0.732780
vn -0.668909 0.124879 0.732780
vn -0.767333 -0.233695 0.597148
vn -0.767333 -0.233695 0.597148
vn -0.767333 -0.233695 0.597148
vn -0.626972 0.133239 0.767563
vn -0.626972 0.133239 0.767563
vn -0.626972 0.133239 0.767563
vn -0.825971 0.042861 0.562081
vn -0.825971 0.042861 0.562081
vn -0.825971 0.042861 0.562081
vn -0.536585 0.254997 0.804396
vn -0.536585 0.254997 0.804396
vn -0.536585 0.254997 0.804396
vn -0.552055 -0.008331 0.833766
vn -0.552055 -0.008331 0.833766
vn -0.552055 -0.008331 0.833766
vn -0.465894 -0.206153 0.860490
vn -0.465894 -0.206153 0.860490
vn -0.465894 -0.206153 0.860490
vn -0.457271 -0.212772 0.863499
vn -0.457271 -0.212772 0.863499
vn -0.457271 -0.212772 0.863499
vn -0.464647 -0.192223 0.864380
vn -0.464647 -0.192223 0.864380
vn -0.464647 -0.192223 0.864380
vn -0.608266 -0.087597 0.788884
vn -0.608266 -0.087597 0.788884
vn -0.608266 -0.087597 0.788884
vn -0.566213 0.158011 0.808971
vn -0.566213 0.158011 0.808971
vn -0.566213 0.158011 0.808971
vn -0.628649 0.216669 0.746897
vn -0.628649 0.216669 0.746897
vn -0.628649 0.216669 0.746897
vn -0.640995 0.289395 0.710898
vn -0.640995 0.289395 0.710898
vn -0.640995 0.289395 0.710898
vn -0.288731 -0.047847 0.956214
vn -0.288731 -0.047847 0.956214
vn -0.288731 -0.047847 0.956214
vn -0.425534 0.157379 0.891152
vn -0.425534 0.157379 0.891152
vn -0.425534 0.157379 0.891152
vn -0.507257 0.557083 0.657533
vn -0.507257 0.557083 0.657533
vn -0.507257 0.557083 0.657533
vn -0.549906 0.773167 0.315937
vn -0.549906 0.773167 0.315937
vn -0.549906 0.773167 0.315937
vn -0.533869 0.027216 -0.845129
vn -0.533869 0.027216 -0.845129
vn -0.533869 0.027216 -0.845129
vn -0.348874 -0.203254 0.914863
vn -0.348874 -0.203254 0.914863
vn -0.348874 -0.203254 0.914863
vn 0.087007 -0.696063 0.712689
vn 0.087007 -0.696063 0.712689
vn 0.087007 -0.696063 0.712689
vn -0.061692 0.697926 -0.713508
vn -0.061692 0.697926 -0.713508
vn -0.061692 0.697926 -0.713508
vn 0.118950 0.879847 -0.460131
vn 0.118950 0.879847 -0.460131
vn 0.118950 0.879847 -0.460131
vn -0.194610 0.960604 0.198413
vn -0.194610 0.960604 0.198413
vn -0.194610 0.960604 0.198413
vn -0.351787 0.035991 0.935388
vn -0.351787 0.035991 0.935388
vn -0.351787 0.035991 0.935388
vn -0.294437 -0.046698 0.954529
vn -0.294437 -0.046698 0.954529
vn -0.294437 -0.046698 0.954529
vn -0.306336 0.289420 0.906860
vn -0.306336 0.289420 0.906860
vn -0.306336 0.289420 0.906860
vn -0.513950 0.552849 0.655907
vn -0.513950 0.552849 0.655907
vn -0.513950 0.552849 0.655907
vn -0.471070 0.729727 0.495573
vn -0.471070 0.729727 0.495573
vn -0.471070 0.729727 0.495573
vn -0.382024 0.501321 0.776360
vn -0.382024 0.501321 0.776360
vn -0.382024 0.501321 0.776360
vn 0.523559 0.765844 -0.373322
vn 0.523559 0.765844 -0.373322
vn 0.523559 0.765844 -0.373322
vn 0.240089 0.806186 0.540760
vn 0.240089 0.806186 0.540760
vn 0.240089 0.806186 0.540760
vn 0.255494 0.724973 0.639638
vn 0.255494 0.724973 0.639638
vn 0.255494 0.724973 0.639638
vn -0.609745 0.233567 0.757402
vn -0.609745 0.233567 0.757402
vn -0.609745 0.233567 0.757402
vn 0.399837 0.582091 0.708026
vn 0.399837 0.582091 0.708026
vn 0.399837 0.582091 0.708026
vn -0.815244 0.382146 0.435135
vn -0.815244 0.382146 0.435135
vn -0.815244 0.382146 0.435135
vn -0.771778 -0.095190 0.628727
vn -0.771778 -0.095190 0.628727
vn -0.771778 -0.095190 0.628727
vn -0.213208 0.158316 0.964095
vn -0.213208 0.158316 0.964095
vn -0.213208 0.158316 0.964095
vn -0.263592 0.274666 0.924704
vn -0.263592 0.274666 0.924704
vn -0.263592 0.274666 0.924704
vn -0.243992 0.836541 0.490578
vn -0.243992 0.836541 0.490578
vn -0.243992 0.836541 0.490578
vn -0.803930 -0.160745 0.572589
vn -0.803930 -0.160745 0.572589
vn -0.803930 -0.160745 0.572589
vn -0.079642 0.671022 0.737147
vn -0.079642 0.671022 0.737147
vn -0.079642 0.671022 0.737147
vn -0.072134 0.812065 0.579092
vn -0.072134 0.812065 0.579092
vn -0.072134 0.812065 0.579092
vn 0.701899 -0.167522 0.692296
vn 0.701899 -0.167522 0.692296
vn 0.701899 -0.167522 0.692296
vn -0.314863 0.046973 0.947974
vn -0.314863 0.046973 0.947974
vn -0.314863 0.046973 0.947974
vn -0.288113 0.196803 0.937155
vn -0.288113 0.196803 0.937155
vn -0.288113 0.196803 0.937155
vn -0.575203 0.537056 0.617019
vn -0.575203 0.537056 0.617019
vn -0.575203 0.537056 0.617019
vn 0.077709 0.370844 0.925438
vn 0.077709 0.370844 0.925438
vn 0.077709 0.370844 0.925438
vn -0.431736 0.777804 0.456755
vn -0.431736 0.777804 0.456755
vn -0.431736 0.777804 0.456755
vn -0.429259 0.773161 0.466861
vn -0.429259 0.773161 0.466861
vn -0.429259 0.773161 0.466861
vn -0.054129 -0.116193 0.991751
vn -0.054129 -0.116193 0.991751
vn -0.054129 -0.116193 0.991751
vn -0.834490 0.531463 0.145510
vn -0.834490 0.531463 0.145510
vn -0.834490 0.531463 0.145510
vn -0.163099 0.470508 0.867191
vn -0.163099 0.470508 0.867191
vn -0.163099 0.470508 0.867191
vn -0.217445 0.640806 0.736265
vn -0.217445 0.640806 0.736265
vn -0.217445 0.640806 0.736265
vn -0.586298 -0.782451 0.209820
vn -0.586298 -0.782451 0.209820
vn -0.586298 -0.782451 0.209820
vn 0.048371 0.333975 0.941340
vn 0.048371 0.333975 0.941340
vn 0.048371 0.333975 0.941340
vn -0.437587 0.695528 0.569876
vn -0.437587 0.695528 0.569876
vn -0.437587 0.695528 0.569876
vn 0.000295 0.326517 0.945191
vn 0.000295 0.326517 0.945191
vn 0.000295 0.326517 0.945191
vn -0.267948 0.588569 0.762751
vn -0.267948 0.588569 0.762751
vn -0.267948 0.588569 0.762751
vn -0.421223 0.459972 -0.781663
vn -0.421223 0.459972 -0.781663
vn -0.421223 0.459972 -0.781663
vn 0.251351 0.251004 0.934783
vn 0.251351 0.251004 0.934783
vn 0.251351 0.251004 0.934783
vn 0.066429 0.459711 0.885581
vn 0.066429 0.459711 0.885581
vn 0.066429 0.459711 0.885581
vn -0.073207 0.600741 0.796085
vn -0.073207 0.600741 0.796085
vn -0.073207 0.600741 0.796085
vn 0.855835 -0.511786 0.074976
vn 0.855835 -0.511786 0.074976
vn 0.855835 -0.511786 0.074976
vn 0.304194 0.274243 0.912281
vn 0.304194 0.274243 0.912281
vn 0.304194 0.274243 0.912281
vn -0.012818 0.690637 0.723088
vn -0.012818 0.690637 0.723088
vn -0.012818 0.690637 0.723088
vn 0.290563 0.408631 0.865213
vn 0.290563 0.408631 0.865213
vn 0.290563 0.408631 0.865213
vn 0.869143 -0.042248 0.492753
vn 0.869143 -0.042248 0.492753
vn 0.869143 -0.042248 0.492753
vn -0.154791 -0.283010 0.946544
vn -0.154791 -0.283010 0.946544
vn -0.154791 -0.283010 0.946544
vn 0.512013 0.254581 0.820385
vn 0.512013 0.254581 0.820385
vn 0.512013 0.254581 0.820385
vn -0.210046 -0.735881 -0.643708
vn -0.210046 -0.735881 -0.643708
vn -0.210046 -0.735881 -0.643708
vn -0.696279 0.251358 0.672320
vn -0.696279 0.251358 0.672320
vn -0.696279 0.251358 0.672320
vn 0.292849 -0.035276 -0.955508
vn 0.292849 -0.035276 -0.955508
vn 0.292849 -0.035276 -0.955508
vn -0.350430 0.773631 -0.527916
vn -0.350430 0.773631 -0.527916
vn -0.350430 0.773631 -0.527916
vn 0.024891 -0.221225 0.974905
vn 0.024891 -0.221225 0.974905
vn 0.024891 -0.221225 0.974905
vn -0.695126 -0.697794 0.172866
vn -0.695126 -0.697794 0.172866
vn -0.695126 -0.697794 0.172866
vn -0.779142 0.530023 0.334683
vn -0.779142 0.530023 0.334683
vn -0.779142 0.530023 0.334683
f 579//1 558//2 354//3
f 348//4 268//5 280//6
f 375//7 335//8 346//9
f 391//10 387//11 330//12
f 741//13 712//14 694//15
f 500//16 74//17 425//18
f 418//19 415//20 91//21
f 97//22 7//23 19//24
f 367//25 134//26 326//27
f 418//28 405//29 386//30
f 405//31 398//32 368//33
f 385//34 82//35 31//36
f 415//37 93//38 91//39
f 418//40 386//41 415//42
f 522//43 191//44 519//45
f 374//46 308//47 231//48
f 402//49 333//50 83//51
f 651//52 632//53 543//54
f 420//55 280//56 388//57
f 481//58 446//59 381//60
f 398//61 367//62 368//63
f 338//64 38//65 333//66
f 522//67 419//68 54//69
f 393//70 375//71 346//72
f 381//73 1//74 45//75
f 97//76 16//77 82//78
f 398//79 320//80 134//81
f 97//82 82//83 7//84
f 547//85 518//86 364//87
f 385//88 339//89 84//90
f 426//91 343//92 339//93
f 373//94 81//95 71//96
f 415//97 59//98 93//99
f 272//100 271//101 242//102
f 417//103 237//104 11//105
f 82//106 16//107 31//108
f 366//109 90//110 62//111
f 454//112 33//113 27//114
f 454//115 27//116 69//117
f 454//118 69//119 28//120
f 332//121 327//122 281//123
f 449//124 98//125 446//126
f 101//127 11//128 51//129
f 392//130 330//131 387//132
f 271//133 176//134 242//135
f 385//136 84//137 82//138
f 63//139 27//140 33//141
f 480//142 88//143 55//144
f 391//145 336//146 345//147
f 93//148 59//149 53//150
f 551//151 364//152 518//153
f 661//154 95//155 646//156
f 382//157 13//158 77//159
f 68//160 27//161 63//162
f 69//163 27//164 68//165
f 88//166 28//167 18//168
f 398//169 134//170 367//171
f 578//172 54//173 419//174
f 82//175 22//176 7//177
f 69//178 18//179 28//180
f 88//181 49//182 55//183
f 88//184 18//185 49//186
f 346//187 335//188 327//189
f 391//190 330//191 336//192
f 79//193 48//194 63//195
f 69//196 68//197 23//198
f 69//199 57//200 18//201
f 276//202 250//203 137//204
f 522//205 519//206 419//207
f 588//208 551//209 518//210
f 521//211 362//212 354//213
f 94//214 48//215 79//216
f 69//217 23//218 57//219
f 403//220 55//221 400//222
f 518//223 517//224 491//225
f 707//226 630//227 622//228
f 75//229 68//230 48//231
f 75//232 23//233 68//234
f 61//235 18//236 57//237
f 400//238 55//239 49//240
f 687//241 9//242 94//243
f 739//244 525//245 263//246
f 735//247 663//248 621//249
f 61//250 49//251 18//252
f 735//253 121//254 663//255
f 731//256 702//257 261//258
f 94//259 75//260 48//261
f 610//262 607//263 286//264
f 94//265 9//266 73//267
f 94//268 73//269 75//270
f 140//271 49//272 61//273
f 302//274 5//275 72//276
f 348//277 272//278 268//279
f 104//280 103//281 100//282
f 235//283 75//284 143//285
f 533//286 530//287 283//288
f 574//289 354//290 573//291
f 726//292 697//293 267//294
f 313//295 297//296 227//297
f 578//298 532//299 54//300
f 730//301 701//302 713//303
f 578//304 90//305 532//306
f 723//307 656//308 220//309
f 159//310 30//311 140//312
f 226//313 223//314 182//315
f 160//316 124//317 156//318
f 411//319 32//320 408//321
f 635//322 65//323 453//324
f 740//325 110//326 483//327
f 699//328 220//329 656//330
f 720//331 607//332 605//333
f 531//334 191//335 188//336
f 524//337 519//338 191//339
f 555//340 526//341 512//342
f 679//343 289//344 557//345
f 342//346 84//347 339//348
f 719//349 257//350 43//351
f 741//352 633//353 583//354
f 646//355 46//356 432//357
f 642//358 622//359 630//360
f 736//361 733//362 702//363
f 411//364 116//365 195//366
f 309//367 60//368 206//369
f 738//370 698//371 725//372
f 337//373 98//374 328//375
f 734//376 640//377 713//378
f 732//379 719//380 724//381
f 577//382 554//383 396//384
f 101//385 51//386 26//387
f 653//388 598//389 595//390
f 741//391 715//392 703//393
f 198//394 51//395 11//396
f 575//397 573//398 556//399
f 418//400 91//401 414//402
f 740//403 728//404 645//405
f 727//406 714//407 710//408
f 198//409 123//410 106//411
f 547//412 364//413 521//414
f 307//415 258//416 227//417
f 573//418 554//419 556//420
f 725//421 718//422 702//423
f 106//424 21//425 51//426
f 198//427 106//428 51//429
f 51//430 21//431 26//432
f 503//433 231//434 308//435
f 723//436 220//437 284//438
f 284//439 220//440 270//441
f 294//442 252//443 258//444
f 704//445 291//446 85//447
f 301//448 276//449 114//450
f 514//451 410//452 397//453
f 180//454 10//455 21//456
f 331//457 26//458 10//459
f 180//460 15//461 10//462
f 521//463 364//464 362//465
f 197//466 15//467 180//468
f 331//469 15//470 4//471
f 331//472 10//473 15//474
f 68//475 63//476 48//477
f 209//478 4//479 124//480
f 424//481 89//482 387//483
f 741//484 703//485 712//486
f 717//487 490//488 633//489
f 308//490 233//491 283//492
f 209//493 34//494 41//495
f 579//496 354//497 362//498
f 272//499 242//500 268//501
f 410//502 45//503 338//504
f 740//505 645//506 110//507
f 722//508 700//509 698//510
f 652//511 622//512 642//513
f 731//514 261//515 245//516
f 451//517 274//518 390//519
f 713//520 111//521 639//522
f 730//523 713//524 639//525
f 418//526 414//527 405//528
f 159//529 113//530 30//531
f 728//532 251//533 711//534
f 209//535 160//536 130//537
f 409//538 17//539 130//540
f 373//541 71//542 361//543
f 420//544 348//545 280//546
f 359//547 144//548 358//549
f 335//550 324//551 327//552
f 731//553 245//554 60//555
f 719//556 603//557 707//558
f 719//559 43//560 603//561
f 414//562 398//563 405//564
f 313//565 227//566 258//567
f 562//568 553//569 499//570
f 701//571 276//572 322//573
f 736//574 724//575 706//576
f 392//577 89//578 77//579
f 500//580 6//581 74//582
f 584//583 354//584 279//585
f 723//586 697//587 715//588
f 718//589 698//590 700//591
f 577//592 553//593 554//594
f 720//595 605//596 640//597
f 741//598 694//599 717//600
f 420//601 388//602 269//603
f 236//604 130//605 160//606
f 458//607 26//608 331//609
f 169//610 39//611 146//612
f 719//613 707//614 622//615
f 659//616 121//617 623//618
f 180//619 106//620 123//621
f 228//622 139//623 146//624
f 294//625 258//626 287//627
f 204//628 57//629 23//630
f 307//631 227//632 150//633
f 235//634 151//635 23//636
f 204//637 23//638 151//639
f 235//640 143//641 122//642
f 182//643 157//644 139//645
f 671//646 103//647 105//648
f 728//649 657//650 645//651
f 171//652 122//653 143//654
f 235//655 165//656 151//657
f 223//658 136//659 182//660
f 219//661 172//662 132//663
f 219//664 171//665 172//666
f 204//667 151//668 159//669
f 164//670 139//671 157//672
f 171//673 148//674 122//675
f 165//676 159//677 151//678
f 219//679 218//680 171//681
f 218//682 148//683 171//684
f 154//685 122//686 148//687
f 235//688 122//689 154//690
f 235//691 154//692 165//693
f 681//694 183//695 132//696
f 219//697 132//698 207//699
f 165//700 149//701 159//702
f 207//703 132//704 183//705
f 219//706 207//707 218//708
f 192//709 165//710 154//711
f 234//712 154//713 148//714
f 159//715 149//716 113//717
f 358//718 225//719 244//720
f 234//721 148//722 218//723
f 200//724 165//725 192//726
f 200//727 149//728 165//729
f 196//730 175//731 117//732
f 671//733 177//734 183//735
f 671//736 105//737 177//738
f 234//739 192//740 154//741
f 207//742 183//743 177//744
f 200//745 174//746 149//747
f 218//748 207//749 178//750
f 218//751 178//752 145//753
f 234//754 218//755 145//756
f 234//757 126//758 192//759
f 201//760 192//761 126//762
f 201//763 200//764 192//765
f 201//766 163//767 200//768
f 200//769 163//770 174//771
f 205//772 149//773 174//774
f 205//775 113//776 149//777
f 207//778 177//779 178//780
f 205//781 173//782 113//783
f 234//784 145//785 118//786
f 234//787 118//788 126//789
f 449//790 55//791 403//792
f 187//793 133//794 12//795
f 196//796 161//797 181//798
f 715//799 538//800 534//801
f 178//802 108//803 155//804
f 178//805 177//806 108//807
f 178//808 155//809 145//810
f 221//811 162//812 160//813
f 152//814 126//815 118//816
f 205//817 174//818 170//819
f 238//820 205//821 170//822
f 238//823 173//824 205//825
f 173//826 29//827 113//828
f 734//829 701//830 322//831
f 322//832 137//833 135//834
f 224//835 168//836 167//837
f 213//838 145//839 155//840
f 213//841 211//842 145//843
f 211//844 118//845 145//846
f 179//847 126//848 152//849
f 210//850 201//851 126//852
f 210//853 126//854 179//855
f 210//856 158//857 201//858
f 201//859 158//860 163//861
f 174//862 163//863 153//864
f 163//865 158//866 153//867
f 174//868 153//869 170//870
f 239//871 173//872 238//873
f 239//874 29//875 173//876
f 721//877 623//878 710//879
f 211//880 119//881 118//882
f 152//883 118//884 119//885
f 239//886 238//887 170//888
f 187//889 12//890 64//891
f 224//892 167//893 212//894
f 424//895 387//896 260//897
f 179//898 152//899 119//900
f 210//901 179//902 158//903
f 345//904 30//905 29//906
f 168//907 12//908 133//909
f 189//910 158//911 179//912
f 239//913 170//914 115//915
f 235//916 23//917 75//918
f 212//919 161//920 117//921
f 222//922 179//923 119//924
f 239//925 115//926 141//927
f 213//928 155//929 112//930
f 155//931 102//932 112//933
f 213//934 112//935 211//936
f 170//937 153//938 158//939
f 194//940 115//941 170//942
f 172//943 171//944 73//945
f 679//946 285//947 505//948
f 211//949 208//950 119//951
f 222//952 119//953 208//954
f 303//955 115//956 194//957
f 303//958 141//959 115//960
f 301//961 125//962 250//963
f 223//964 156//965 136//966
f 209//967 124//968 160//969
f 226//970 117//971 175//972
f 236//973 144//974 129//975
f 551//976 519//977 524//978
f 211//979 112//980 208//981
f 222//982 189//983 179//984
f 194//985 170//986 158//987
f 112//988 102//989 76//990
f 217//991 158//992 189//993
f 300//994 181//995 246//996
f 236//997 129//998 130//999
f 721//1000 714//1001 701//1002
f 221//1003 215//1004 162//1005
f 222//1006 208//1007 203//1008
f 222//1009 203//1010 147//1011
f 222//1012 147//1013 189//1014
f 217//1015 189//1016 116//1017
f 217//1018 194//1019 158//1020
f 301//1021 169//1022 125//1023
f 215//1024 175//1025 162//1026
f 208//1027 112//1028 76//1029
f 189//1030 147//1031 116//1032
f 228//1033 12//1034 168//1035
f 303//1036 254//1037 141//1038
f 683//1039 366//1040 176//1041
f 171//1042 75//1043 73//1044
f 203//1045 138//1046 147//1047
f 712//1048 703//1049 697//1050
f 396//1051 314//1052 310//1053
f 208//1054 76//1055 202//1056
f 208//1057 202//1058 203//1059
f 195//1060 116//1061 147//1062
f 358//1063 144//1064 162//1065
f 726//1066 700//1067 722//1068
f 203//1069 202//1070 138//1071
f 659//1072 430//1073 121//1074
f 226//1075 156//1076 223//1077
f 237//1078 198//1079 11//1080
f 195//1081 147//1082 138//1083
f 204//1084 61//1085 57//1086
f 226//1087 182//1088 117//1089
f 204//1090 140//1091 61//1092
f 301//1093 64//1094 39//1095
f 644//1096 121//1097 430//1098
f 422//1099 202//1100 76//1101
f 301//1102 39//1103 169//1104
f 727//1105 711//1106 187//1107
f 212//1108 182//1109 139//1110
f 733//1111 729//1112 702//1113
f 221//1114 175//1115 215//1116
f 164//1117 146//1118 139//1119
f 595//1120 593//1121 340//1122
f 228//1123 146//1124 12//1125
f 345//1126 35//1127 30//1128
f 212//1129 117//1130 182//1131
f 197//1132 136//1133 156//1134
f 739//1135 709//1136 525//1137
f 260//1138 150//1139 237//1140
f 307//1141 150//1142 260//1143
f 417//1144 260//1145 237//1146
f 617//1147 263//1148 566//1149
f 399//1150 389//1151 393//1152
f 384//1153 129//1154 144//1155
f 197//1156 156//1157 124//1158
f 196//1159 117//1160 161//1161
f 246//1162 181//1163 161//1164
f 237//1165 150//1166 185//1167
f 224//1168 212//1169 139//1170
f 313//1171 252//1172 286//1173
f 666//1174 527//1175 641//1176
f 227//1177 131//1178 150//1179
f 237//1180 185//1181 198//1182
f 288//1183 243//1184 256//1185
f 721//1186 659//1187 623//1188
f 185//1189 150//1190 131//1191
f 198//1192 185//1193 123//1194
f 726//1195 722//1196 694//1197
f 177//1198 105//1199 108//1200
f 307//1201 287//1202 258//1203
f 739//1204 699//1205 705//1206
f 169//1207 146//1208 164//1209
f 228//1210 224//1211 139//1212
f 236//1213 162//1214 144//1215
f 422//1216 138//1217 202//1218
f 226//1219 175//1220 221//1221
f 674//1222 103//1223 671//1224
f 199//1225 135//1226 131//1227
f 185//1228 142//1229 123//1230
f 142//1231 120//1232 123//1233
f 197//1234 124//1235 4//1236
f 709//1237 705//1238 656//1239
f 307//1240 260//1241 186//1242
f 322//1243 199//1244 297//1245
f 146//1246 39//1247 12//1248
f 185//1249 131//1250 142//1251
f 180//1252 123//1253 166//1254
f 166//1255 123//1256 120//1257
f 190//1258 142//1259 131//1260
f 546//1261 360//1262 509//1263
f 180//1264 21//1265 106//1266
f 322//1267 135//1268 199//1269
f 190//1270 131//1271 135//1272
f 668//1273 646//1274 432//1275
f 142//1276 127//1277 120//1278
f 166//1279 120//1280 157//1281
f 157//1282 120//1283 127//1284
f 212//1285 167//1286 161//1287
f 728//1288 711//1289 657//1290
f 190//1291 135//1292 125//1293
f 190//1294 127//1295 142//1296
f 653//1297 248//1298 253//1299
f 197//1300 4//1301 15//1302
f 711//1303 251//1304 133//1305
f 297//1306 199//1307 227//1308
f 166//1309 157//1310 128//1311
f 180//1312 166//1313 128//1314
f 197//1315 180//1316 128//1317
f 631//1318 288//1319 270//1320
f 209//1321 17//1322 78//1323
f 228//1324 168//1325 224//1326
f 250//1327 125//1328 135//1329
f 729//1330 378//1331 505//1332
f 221//1333 160//1334 156//1335
f 226//1336 221//1337 156//1338
f 535//1339 464//1340 8//1341
f 225//1342 162//1343 175//1344
f 167//1345 3//1346 161//1347
f 225//1348 175//1349 196//1350
f 592//1351 358//1352 340//1353
f 164//1354 157//1355 127//1356
f 197//1357 128//1358 136//1359
f 664//1360 272//1361 348//1362
f 427//1363 252//1364 294//1365
f 236//1366 160//1367 162//1368
f 358//1369 162//1370 225//1371
f 169//1372 127//1373 125//1374
f 190//1375 125//1376 127//1377
f 169//1378 164//1379 127//1380
f 105//1381 103//1382 104//1383
f 209//1384 78//1385 34//1386
f 469//1387 459//1388 383//1389
f 182//1390 128//1391 157//1392
f 182//1393 136//1394 128//1395
f 697//1396 214//1397 267//1398
f 388//1399 47//1400 269//1401
f 388//1402 81//1403 47//1404
f 321//1405 247//1406 299//1407
f 321//1408 245//1409 247//1410
f 320//1411 277//1412 312//1413
f 711//1414 133//1415 187//1416
f 374//1417 298//1418 308//1419
f 551//1420 524//1421 364//1422
f 664//1423 66//1424 92//1425
f 388//1426 71//1427 81//1428
f 379//1429 52//1430 66//1431
f 532//1432 90//1433 273//1434
f 532//1435 502//1436 522//1437
f 523//1438 522//1439 502//1440
f 320//1441 312//1442 293//1443
f 533//1444 295//1445 530//1446
f 352//1447 176//1448 62//1449
f 531//1450 188//1451 310//1452
f 275//1453 266//1454 248//1455
f 588//1456 305//1457 419//1458
f 578//1459 352//1460 62//1461
f 514//1462 481//1463 381//1464
f 514//1465 499//1466 481//1467
f 734//1468 313//1469 286//1470
f 533//1471 442//1472 452//1473
f 291//1474 266//1475 85//1476
f 726//1477 299//1478 700//1479
f 309//1480 107//1481 257//1482
f 735//1483 657//1484 710//1485
f 302//1486 268//1487 5//1488
f 275//1489 244//1490 196//1491
f 288//1492 263//1493 243//1494
f 706//1495 622//1496 652//1497
f 741//1498 583//1499 715//1500
f 251//1501 3//1502 133//1503
f 277//1504 206//1505 60//1506
f 277//1507 19//1508 206//1509
f 361//1510 71//1511 67//1512
f 734//1513 322//1514 297//1515
f 704//1516 85//1517 300//1518
f 275//1519 85//1520 266//1521
f 485//1522 268//1523 242//1524
f 731//1525 60//1526 309//1527
f 736//1528 706//1529 733//1530
f 726//1531 267//1532 299//1533
f 320//1534 293//1535 134//1536
f 562//1537 514//1538 397//1539
f 300//1540 275//1541 196//1542
f 352//1543 305//1544 292//1545
f 504//1546 485//1547 242//1548
f 312//1549 299//1550 267//1551
f 588//1552 304//1553 305//1554
f 504//1555 242//1556 352//1557
f 578//1558 305//1559 352//1560
f 92//1561 66//1562 52//1563
f 716//1564 253//1565 708//1566
f 699//1567 631//1568 220//1569
f 501//1570 383//1571 423//1572
f 312//1573 267//1574 293//1575
f 711//1576 710//1577 657//1578
f 246//1579 161//1580 3//1581
f 533//1582 283//1583 442//1584
f 577//1585 407//1586 383//1587
f 206//1588 7//1589 107//1590
f 592//1591 591//1592 359//1593
f 308//1594 274//1595 233//1596
f 524//1597 362//1598 364//1599
f 588//1600 518//1601 491//1602
f 302//1603 67//1604 71//1605
f 309//1606 206//1607 107//1608
f 739//1609 288//1610 631//1611
f 306//1612 246//1613 251//1614
f 300//1615 85//1616 275//1617
f 321//1618 60//1619 245//1620
f 545//1621 399//1622 448//1623
f 575//1624 546//1625 574//1626
f 302//1627 71//1628 280//1629
f 727//1630 64//1631 114//1632
f 321//1633 277//1634 60//1635
f 451//1636 442//1637 233//1638
f 568//1639 396//1640 554//1641
f 685//1642 681//1643 132//1644
f 251//1645 246//1646 3//1647
f 740//1648 291//1649 704//1650
f 573//1651 354//1652 558//1653
f 568//1654 554//1655 558//1656
f 440//1657 79//1658 438//1659
f 504//1660 352//1661 292//1662
f 595//1663 340//1664 244//1665
f 293//1666 264//1667 134//1668
f 313//1669 258//1670 252//1671
f 305//1672 304//1673 292//1674
f 349//1675 294//1676 287//1677
f 485//1678 5//1679 268//1680
f 293//1681 267//1682 284//1683
f 577//1684 310//1685 407//1686
f 577//1687 444//1688 499//1689
f 326//1690 134//1691 264//1692
f 499//1693 444//1694 481//1695
f 227//1696 199//1697 131//1698
f 275//1699 248//1700 244//1701
f 731//1702 309//1703 257//1704
f 504//1705 80//1706 485//1707
f 302//1708 280//1709 268//1710
f 562//1711 556//1712 553//1713
f 631//1714 270//1715 220//1716
f 557//1717 548//1718 473//1719
f 293//1720 270//1721 264//1722
f 293//1723 284//1724 270//1725
f 579//1726 568//1727 558//1728
f 573//1729 558//1730 554//1731
f 574//1732 279//1733 354//1734
f 574//1735 546//1736 279//1737
f 321//1738 299//1739 312//1740
f 168//1741 133//1742 167//1743
f 284//1744 267//1745 214//1746
f 390//1747 274//1748 298//1749
f 725//1750 698//1751 718//1752
f 303//1753 194//1754 265//1755
f 288//1756 256//1757 270//1758
f 735//1759 710//1760 623//1761
f 270//1762 256//1763 264//1764
f 579//1765 314//1766 568//1767
f 326//1768 264//1769 256//1770
f 303//1771 265//1772 254//1773
f 708//1774 253//1775 291//1776
f 716//1777 653//1778 253//1779
f 579//1780 524//1781 314//1782
f 262//1783 193//1784 217//1785
f 265//1786 217//1787 193//1788
f 250//1789 135//1790 137//1791
f 524//1792 191//1793 314//1794
f 531//1795 314//1796 191//1797
f 265//1798 186//1799 254//1800
f 260//1801 254//1802 186//1803
f 349//1804 262//1805 116//1806
f 738//1807 694//1808 698//1809
f 598//1810 593//1811 595//1812
f 704//1813 300//1814 306//1815
f 244//1816 225//1817 196//1818
f 723//1819 214//1820 697//1821
f 716//1822 598//1823 653//1824
f 287//1825 193//1826 262//1827
f 575//1828 574//1829 573//1830
f 64//1831 12//1832 39//1833
f 349//1834 287//1835 262//1836
f 307//1837 265//1838 193//1839
f 307//1840 186//1841 265//1842
f 265//1843 194//1844 217//1845
f 412//1846 277//1847 320//1848
f 321//1849 312//1850 277//1851
f 307//1852 193//1853 287//1854
f 408//1855 294//1856 349//1857
f 375//1858 344//1859 335//1860
f 325//1861 243//1862 323//1863
f 393//1864 386//1865 375//1866
f 87//1867 82//1868 84//1869
f 733//1870 706//1871 585//1872
f 448//1873 393//1874 347//1875
f 391//1876 254//1877 387//1878
f 87//1879 22//1880 82//1881
f 393//1882 346//1883 347//1884
f 107//1885 22//1886 43//1887
f 326//1888 243//1889 325//1890
f 335//1891 326//1892 325//1893
f 412//1894 19//1895 277//1896
f 616//1897 427//1898 416//1899
f 113//1900 29//1901 30//1902
f 334//1903 86//1904 38//1905
f 425//1906 74//1907 404//1908
f 421//1909 40//1910 35//1911
f 97//1912 19//1913 16//1914
f 734//1915 286//1916 720//1917
f 343//1918 342//1919 339//1920
f 58//1921 41//1922 34//1923
f 337//1924 328//1925 334//1926
f 509//1927 402//1928 343//1929
f 391//1930 141//1931 254//1932
f 410//1933 381//1934 45//1935
f 423//1936 383//1937 407//1938
f 666//1939 628//1940 527//1941
f 664//1942 271//1943 272//1944
f 209//1945 41//1946 4//1947
f 664//1948 348//1949 66//1950
f 588//1951 419//1952 551//1953
f 421//1954 35//1955 345//1956
f 420//1957 269//1958 66//1959
f 420//1960 66//1961 348//1962
f 391//1963 29//1964 141//1965
f 331//1966 58//1967 74//1968
f 392//1969 77//1970 329//1971
f 392//1972 387//1973 89//1974
f 391//1975 345//1976 29//1977
f 724//1978 622//1979 706//1980
f 617//1981 323//1982 243//1983
f 385//1984 93//1985 339//1986
f 449//1987 328//1988 98//1989
f 382//1990 101//1991 13//1992
f 509//1993 428//1994 402//1995
f 428//1996 333//1997 402//1998
f 392//1999 329//2000 70//2001
f 353//2002 336//2003 70//2004
f 334//2005 40//2006 86//2007
f 428//2008 397//2009 338//2010
f 428//2011 338//2012 333//2013
f 410//2014 338//2015 397//2016
f 367//2017 326//2018 344//2019
f 421//2020 336//2021 353//2022
f 514//2023 381//2024 410//2025
f 333//2026 38//2027 86//2028
f 355//2029 342//2030 343//2031
f 415//2032 393//2033 389//2034
f 500//2035 487//2036 6//2037
f 394//2038 363//2039 371//2040
f 386//2041 368//2042 375//2043
f 325//2044 323//2045 324//2046
f 421//2047 353//2048 40//2049
f 412//2050 398//2051 19//2052
f 413//2053 19//2054 398//2055
f 413//2056 16//2057 19//2058
f 413//2059 91//2060 16//2061
f 91//2062 31//2063 16//2064
f 366//2065 229//2066 90//2067
f 653//2068 595//2069 244//2070
f 344//2071 326//2072 335//2073
f 509//2074 360//2075 428//2076
f 488//2077 347//2078 369//2079
f 402//2080 83//2081 355//2082
f 408//2083 32//2084 372//2085
f 326//2086 256//2087 243//2088
f 382//2089 11//2090 101//2091
f 356//2092 32//2093 138//2094
f 337//2095 334//2096 38//2097
f 394//2098 342//2099 355//2100
f 369//2101 332//2102 281//2103
f 411//2104 195//2105 32//2106
f 195//2107 138//2108 32//2109
f 532//2110 273//2111 503//2112
f 376//2113 35//2114 40//2115
f 449//2116 403//2117 328//2118
f 372//2119 32//2120 356//2121
f 406//2122 77//2123 13//2124
f 353//2125 86//2126 40//2127
f 614//2128 324//2129 323//2130
f 376//2131 334//2132 328//2133
f 353//2134 56//2135 86//2136
f 363//2137 355//2138 83//2139
f 532//2140 503//2141 502//2142
f 351//2143 87//2144 342//2145
f 371//2146 329//2147 77//2148
f 417//2149 11//2150 382//2151
f 421//2152 345//2153 336//2154
f 363//2155 56//2156 329//2157
f 385//2158 31//2159 91//2160
f 523//2161 191//2162 522//2163
f 338//2164 45//2165 38//2166
f 424//2167 417//2168 382//2169
f 392//2170 336//2171 330//2172
f 439//2173 339//2174 53//2175
f 594//2176 394//2177 371//2178
f 666//2179 620//2180 663//2181
f 424//2182 382//2183 89//2184
f 416//2185 408//2186 372//2187
f 416//2188 372//2189 350//2190
f 529//2191 188//2192 191//2193
f 446//2194 98//2195 1//2196
f 407//2197 310//2198 188//2199
f 403//2200 400//2201 357//2202
f 594//2203 371//2204 471//2205
f 718//2206 247//2207 245//2208
f 372//2209 356//2210 341//2211
f 333//2212 86//2213 83//2214
f 86//2215 56//2216 83//2217
f 532//2218 522//2219 54//2220
f 377//2221 372//2222 341//2223
f 171//2224 143//2225 75//2226
f 339//2227 93//2228 53//2229
f 376//2230 328//2231 357//2232
f 403//2233 357//2234 328//2235
f 427//2236 408//2237 416//2238
f 206//2239 19//2240 7//2241
f 402//2242 355//2243 343//2244
f 376//2245 357//2246 35//2247
f 409//2248 130//2249 129//2250
f 382//2251 77//2252 89//2253
f 358//2254 244//2255 340//2256
f 406//2257 371//2258 77//2259
f 479//2260 379//2261 435//2262
f 155//2263 108//2264 102//2265
f 342//2266 87//2267 84//2268
f 545//2269 511//2270 399//2271
f 329//2272 56//2273 70//2274
f 335//2275 325//2276 324//2277
f 363//2278 83//2279 56//2280
f 371//2281 363//2282 329//2283
f 575//2284 428//2285 360//2286
f 427//2287 294//2288 408//2289
f 353//2290 70//2291 56//2292
f 575//2293 562//2294 428//2295
f 562//2296 397//2297 428//2298
f 337//2299 38//2300 45//2301
f 375//2302 368//2303 344//2304
f 346//2305 327//2306 332//2307
f 376//2308 40//2309 334//2310
f 734//2311 297//2312 313//2313
f 356//2314 138//2315 341//2316
f 422//2317 341//2318 138//2319
f 337//2320 45//2321 1//2322
f 409//2323 78//2324 17//2325
f 471//2326 371//2327 406//2328
f 506//2329 471//2330 406//2331
f 547//2332 517//2333 518//2334
f 78//2335 74//2336 34//2337
f 337//2338 1//2339 98//2340
f 394//2341 355//2342 363//2343
f 409//2344 404//2345 78//2346
f 368//2347 367//2348 344//2349
f 412//2350 320//2351 398//2352
f 394//2353 351//2354 342//2355
f 414//2356 91//2357 413//2358
f 415//2359 389//2360 59//2361
f 415//2362 386//2363 393//2364
f 317//2365 67//2366 302//2367
f 411//2368 349//2369 116//2370
f 611//2371 604//2372 281//2373
f 392//2374 70//2375 336//2376
f 616//2377 608//2378 427//2379
f 400//2380 49//2381 30//2382
f 390//2383 298//2384 37//2385
f 506//2386 406//2387 13//2388
f 400//2389 30//2390 357//2391
f 616//2392 350//2393 44//2394
f 357//2395 30//2396 35//2397
f 414//2398 413//2399 398//2400
f 308//2401 298//2402 274//2403
f 369//2404 347//2405 332//2406
f 385//2407 91//2408 93//2409
f 718//2410 245//2411 261//2412
f 715//2413 697//2414 703//2415
f 388//2416 280//2417 71//2418
f 209//2419 130//2420 17//2421
f 347//2422 346//2423 332//2424
f 588//2425 491//2426 304//2427
f 616//2428 416//2429 350//2430
f 404//2431 74//2432 78//2433
f 239//2434 141//2435 29//2436
f 107//2437 7//2438 22//2439
f 578//2440 62//2441 90//2442
f 74//2443 58//2444 34//2445
f 611//2446 281//2447 324//2448
f 732//2449 731//2450 719//2451
f 545//2452 448//2453 347//2454
f 584//2455 319//2456 354//2457
f 411//2458 408//2459 349//2460
f 405//2461 368//2462 386//2463
f 26//2464 21//2465 10//2466
f 521//2467 354//2468 319//2469
f 545//2470 347//2471 455//2472
f 533//2473 452//2474 469//2475
f 666//2476 644//2477 14//2478
f 399//2479 8//2480 59//2481
f 399//2482 59//2483 389//2484
f 679//2485 557//2486 473//2487
f 464//2488 439//2489 53//2490
f 646//2491 634//2492 46//2493
f 724//2494 719//2495 622//2496
f 652//2497 642//2498 95//2499
f 387//2500 254//2501 260//2502
f 464//2503 59//2504 8//2505
f 536//2506 458//2507 6//2508
f 728//2509 704//2510 306//2511
f 535//2512 232//2513 439//2514
f 476//2515 439//2516 232//2517
f 463//2518 454//2519 28//2520
f 666//2521 663//2522 644//2523
f 458//2524 331//2525 74//2526
f 718//2527 700//2528 247//2529
f 617//2530 243//2531 263//2532
f 732//2533 702//2534 731//2535
f 727//2536 710//2537 711//2538
f 492//2539 426//2540 476//2541
f 480//2542 456//2543 474//2544
f 456//2545 55//2546 449//2547
f 738//2548 505//2549 285//2550
f 439//2551 426//2552 339//2553
f 535//2554 439//2555 464//2556
f 472//2557 441//2558 461//2559
f 451//2560 233//2561 274//2562
f 482//2563 441//2564 472//2565
f 477//2566 454//2567 463//2568
f 477//2569 475//2570 461//2571
f 666//2572 641//2573 620//2574
f 695//2575 482//2576 472//2577
f 475//2578 463//2579 450//2580
f 477//2581 463//2582 475//2583
f 695//2584 472//2585 447//2586
f 690//2587 441//2588 482//2589
f 461//2590 441//2591 63//2592
f 709//2593 540//2594 526//2595
f 649//2596 625//2597 570//2598
f 474//2599 460//2600 463//2601
f 709//2602 656//2603 540//2604
f 662//2605 570//2606 584//2607
f 167//2608 133//2609 3//2610
f 475//2611 472//2612 461//2613
f 472//2614 466//2615 447//2616
f 721//2617 710//2618 714//2619
f 441//2620 440//2621 63//2622
f 475//2623 450//2624 466//2625
f 463//2626 460//2627 450//2628
f 300//2629 196//2630 181//2631
f 479//2632 435//2633 429//2634
f 477//2635 461//2636 454//2637
f 468//2638 433//2639 429//2640
f 479//2641 429//2642 433//2643
f 480//2644 474//2645 463//2646
f 322//2647 276//2648 137//2649
f 475//2650 466//2651 472//2652
f 577//2653 383//2654 444//2655
f 596//2656 471//2657 506//2658
f 476//2659 426//2660 439//2661
f 480//2662 55//2663 456//2664
f 291//2665 253//2666 266//2667
f 479//2668 433//2669 465//2670
f 436//2671 99//2672 100//2673
f 479//2674 465//2675 379//2676
f 464//2677 53//2678 59//2679
f 440//2680 438//2681 63//2682
f 644//2683 626//2684 14//2685
f 714//2686 114//2687 701//2688
f 436//2689 434//2690 99//2691
f 663//2692 121//2693 644//2694
f 262//2695 217//2696 116//2697
f 481//2698 444//2699 445//2700
f 535//2701 8//2702 399//2703
f 465//2704 433//2705 434//2706
f 478//2707 465//2708 434//2709
f 589//2710 384//2711 359//2712
f 461//2713 33//2714 454//2715
f 474//2716 456//2717 443//2718
f 474//2719 443//2720 460//2721
f 459//2722 444//2723 383//2724
f 459//2725 445//2726 444//2727
f 481//2728 445//2729 446//2730
f 700//2731 299//2732 247//2733
f 478//2734 467//2735 465//2736
f 686//2737 467//2738 436//2739
f 446//2740 1//2741 381//2742
f 643//2743 230//2744 567//2745
f 457//2746 442//2747 451//2748
f 506//2749 13//2750 437//2751
f 636//2752 453//2753 625//2754
f 739//2755 631//2756 699//2757
f 457//2758 452//2759 442//2760
f 469//2761 460//2762 459//2763
f 459//2764 443//2765 445//2766
f 451//2767 390//2768 447//2769
f 457//2770 451//2771 447//2772
f 469//2773 452//2774 460//2775
f 460//2776 443//2777 459//2778
f 456//2779 446//2780 445//2781
f 458//2782 437//2783 13//2784
f 440//2785 216//2786 79//2787
f 726//2788 712//2789 697//2790
f 480//2791 463//2792 28//2793
f 478//2794 434//2795 436//2796
f 478//2797 436//2798 467//2799
f 462//2800 447//2801 390//2802
f 466//2803 452//2804 457//2805
f 456//2806 445//2807 443//2808
f 726//2809 694//2810 712//2811
f 461//2812 63//2813 33//2814
f 458//2815 13//2816 101//2817
f 458//2818 74//2819 6//2820
f 456//2821 449//2822 446//2823
f 466//2824 457//2825 447//2826
f 466//2827 450//2828 452//2829
f 460//2830 452//2831 450//2832
f 709//2833 660//2834 525//2835
f 627//2836 617//2837 566//2838
f 687//2839 94//2840 79//2841
f 555//2842 512//2843 493//2844
f 604//2845 311//2846 281//2847
f 555//2848 315//2849 311//2850
f 555//2851 493//2852 315//2853
f 488//2854 369//2855 311//2856
f 583//2857 544//2858 542//2859
f 549//2860 311//2861 315//2862
f 563//2863 512//2864 544//2865
f 544//2866 512//2867 542//2868
f 563//2869 493//2870 512//2871
f 515//2872 488//2873 311//2874
f 549//2875 515//2876 311//2877
f 510//2878 315//2879 493//2880
f 549//2881 315//2882 510//2883
f 442//2884 283//2885 233//2886
f 587//2887 564//2888 544//2889
f 515//2890 455//2891 488//2892
f 488//2893 455//2894 347//2895
f 564//2896 563//2897 544//2898
f 563//2899 290//2900 493//2901
f 510//2902 493//2903 290//2904
f 549//2905 486//2906 515//2907
f 515//2908 486//2909 455//2910
f 486//2911 36//2912 455//2913
f 564//2914 560//2915 563//2916
f 549//2917 510//2918 486//2919
f 533//2920 501//2921 295//2922
f 587//2923 490//2924 564//2925
f 586//2926 36//2927 486//2928
f 586//2929 486//2930 510//2931
f 564//2932 490//2933 548//2934
f 565//2935 563//2936 560//2937
f 565//2938 290//2939 563//2940
f 586//2941 510//2942 290//2943
f 717//2944 473//2945 490//2946
f 545//2947 36//2948 511//2949
f 586//2950 511//2951 36//2952
f 568//2953 314//2954 396//2955
f 717//2956 682//2957 473//2958
f 564//2959 548//2960 495//2961
f 564//2962 495//2963 560//2964
f 548//2965 490//2966 473//2967
f 557//2968 495//2969 548//2970
f 586//2971 516//2972 511//2973
f 586//2974 290//2975 489//2976
f 565//2977 489//2978 290//2979
f 516//2980 399//2981 511//2982
f 653//2983 244//2984 248//2985
f 516//2986 42//2987 399//2988
f 409//2989 129//2990 384//2991
f 586//2992 489//2993 516//2994
f 683//2995 374//2996 229//2997
f 565//2998 296//2999 489//3000
f 565//3001 560//3002 296//3003
f 541//3004 516//3005 489//3006
f 541//3007 42//3008 516//3009
f 423//3010 188//3011 295//3012
f 674//3013 100//3014 103//3015
f 560//3016 495//3017 296//3018
f 467//3019 52//3020 465//3021
f 465//3022 52//3023 379//3024
f 467//3025 249//3026 52//3027
f 535//3028 399//3029 42//3030
f 249//3031 92//3032 52//3033
f 667//3034 520//3035 487//3036
f 561//3037 541//3038 489//3039
f 541//3040 535//3041 42//3042
f 257//3043 107//3044 43//3045
f 679//3046 240//3047 289//3048
f 557//3049 289//3050 240//3051
f 231//3052 90//3053 229//3054
f 273//3055 90//3056 231//3057
f 679//3058 505//3059 552//3060
f 679//3061 552//3062 240//3063
f 571//3064 557//3065 240//3066
f 571//3067 495//3068 557//3069
f 550//3070 296//3071 495//3072
f 572//3073 495//3074 571//3075
f 572//3076 550//3077 495//3078
f 561//3079 489//3080 296//3081
f 528//3082 2//3083 470//3084
f 374//3085 231//3086 229//3087
f 561//3088 296//3089 550//3090
f 561//3091 365//3092 541//3093
f 591//3094 470//3095 370//3096
f 527//3097 370//3098 470//3099
f 740//3100 704//3101 728//3102
f 541//3103 508//3104 232//3105
f 541//3106 365//3107 508//3108
f 541//3109 232//3110 535//3111
f 561//3112 550//3113 365//3114
f 530//3115 503//3116 283//3117
f 530//3118 295//3119 529//3120
f 529//3121 295//3122 188//3123
f 523//3124 502//3125 503//3126
f 576//3127 240//3128 552//3129
f 255//3130 92//3131 249//3132
f 571//3133 240//3134 498//3135
f 572//3136 571//3137 498//3138
f 503//3139 308//3140 283//3141
f 683//3142 229//3143 366//3144
f 562//3145 499//3146 514//3147
f 550//3148 498//3149 365//3150
f 572//3151 498//3152 550//3153
f 686//3154 249//3155 467//3156
f 577//3157 499//3158 553//3159
f 628//3160 370//3161 527//3162
f 575//3163 556//3164 562//3165
f 498//3166 278//3167 365//3168
f 508//3169 365//3170 278//3171
f 503//3172 273//3173 231//3174
f 577//3175 396//3176 310//3177
f 556//3178 554//3179 553//3180
f 579//3181 362//3182 524//3183
f 729//3184 576//3185 378//3186
f 530//3187 191//3188 523//3189
f 513//3190 404//3191 370//3192
f 491//3193 292//3194 304//3195
f 530//3196 529//3197 191//3198
f 551//3199 419//3200 519//3201
f 576//3202 24//3203 240//3204
f 508//3205 278//3206 232//3207
f 423//3208 407//3209 188//3210
f 531//3211 310//3212 314//3213
f 140//3214 30//3215 49//3216
f 458//3217 101//3218 26//3219
f 598//3220 528//3221 593//3222
f 723//3223 534//3224 656//3225
f 729//3226 585//3227 576//3228
f 537//3229 232//3230 278//3231
f 575//3232 360//3233 546//3234
f 501//3235 423//3236 295//3237
f 498//3238 240//3239 316//3240
f 498//3241 316//3242 278//3243
f 366//3244 62//3245 176//3246
f 578//3247 419//3248 305//3249
f 379//3250 66//3251 269//3252
f 585//3253 24//3254 576//3255
f 316//3256 240//3257 24//3258
f 537//3259 278//3260 316//3261
f 513//3262 425//3263 404//3264
f 628//3265 14//3266 487//3267
f 628//3268 500//3269 513//3270
f 429//3271 47//3272 81//3273
f 585//3274 569//3275 24//3276
f 429//3277 269//3278 47//3279
f 628//3280 487//3281 500//3282
f 537//3283 476//3284 232//3285
f 435//3286 379//3287 269//3288
f 580//3289 537//3290 316//3291
f 435//3292 269//3293 429//3294
f 352//3295 242//3296 176//3297
f 706//3298 643//3299 569//3300
f 569//3301 559//3302 24//3303
f 580//3304 316//3305 24//3306
f 507//3307 380//3308 401//3309
f 643//3310 559//3311 569//3312
f 580//3313 492//3314 476//3315
f 580//3316 476//3317 537//3318
f 536//3319 6//3320 487//3321
f 670//3322 380//3323 507//3324
f 643//3325 567//3326 559//3327
f 559//3328 184//3329 24//3330
f 580//3331 24//3332 184//3333
f 536//3334 487//3335 520//3336
f 581//3337 536//3338 520//3339
f 507//3340 401//3341 497//3342
f 662//3343 395//3344 567//3345
f 567//3346 395//3347 559//3348
f 580//3349 184//3350 492//3351
f 384//3352 144//3353 359//3354
f 497//3355 317//3356 72//3357
f 507//3358 497//3359 72//3360
f 662//3361 584//3362 395//3363
f 559//3364 395//3365 184//3366
f 581//3367 520//3368 50//3369
f 282//3370 25//3371 20//3372
f 582//3373 282//3374 20//3375
f 662//3376 649//3377 570//3378
f 496//3379 184//3380 395//3381
f 596//3382 581//3383 50//3384
f 670//3385 80//3386 65//3387
f 80//3388 25//3389 65//3390
f 292//3391 20//3392 25//3393
f 570//3394 517//3395 547//3396
f 496//3397 395//3398 279//3399
f 496//3400 492//3401 184//3402
f 596//3403 539//3404 581//3405
f 581//3406 539//3407 536//3408
f 539//3409 437//3410 536//3411
f 501//3412 469//3413 383//3414
f 492//3415 343//3416 426//3417
f 507//3418 72//3419 5//3420
f 670//3421 507//3422 5//3423
f 582//3424 20//3425 491//3426
f 582//3427 491//3428 517//3429
f 570//3430 547//3431 319//3432
f 584//3433 570//3434 319//3435
f 584//3436 279//3437 395//3438
f 509//3439 492//3440 496//3441
f 670//3442 5//3443 80//3444
f 546//3445 496//3446 279//3447
f 546//3448 509//3449 496//3450
f 513//3451 500//3452 425//3453
f 317//3454 302//3455 72//3456
f 491//3457 20//3458 292//3459
f 547//3460 521//3461 319//3462
f 438//3463 79//3464 63//3465
f 530//3466 523//3467 503//3468
f 539//3469 506//3470 437//3471
f 533//3472 469//3473 501//3474
f 485//3475 80//3476 5//3477
f 504//3478 25//3479 80//3480
f 504//3481 292//3482 25//3483
f 617//3484 614//3485 323//3486
f 722//3487 698//3488 694//3489
f 660//3490 566//3491 525//3492
f 566//3493 263//3494 525//3495
f 592//3496 359//3497 358//3498
f 739//3499 263//3500 288//3501
f 729//3502 725//3503 702//3504
f 627//3505 614//3506 617//3507
f 594//3508 351//3509 394//3510
f 594//3511 87//3512 351//3513
f 327//3514 324//3515 281//3516
f 596//3517 506//3518 539//3519
f 601//3520 87//3521 594//3522
f 601//3523 594//3524 599//3525
f 601//3526 43//3527 87//3528
f 633//3529 587//3530 583//3531
f 599//3532 594//3533 471//3534
f 602//3535 601//3536 599//3537
f 602//3538 43//3539 601//3540
f 599//3541 471//3542 596//3543
f 599//3544 596//3545 597//3546
f 602//3547 599//3548 597//3549
f 603//3550 43//3551 602//3552
f 597//3553 596//3554 50//3555
f 707//3556 603//3557 605//3558
f 648//3559 603//3560 602//3561
f 648//3562 605//3563 603//3564
f 709//3565 526//3566 660//3567
f 735//3568 623//3569 121//3570
f 723//3571 284//3572 214//3573
f 705//3574 699//3575 656//3576
f 737//3577 707//3578 605//3579
f 737//3580 637//3581 707//3582
f 734//3583 720//3584 640//3585
f 301//3586 114//3587 64//3588
f 740//3589 708//3590 291//3591
f 634//3592 606//3593 46//3594
f 648//3595 602//3596 640//3597
f 737//3598 607//3599 609//3600
f 634//3601 613//3602 606//3603
f 591//3604 589//3605 359//3606
f 87//3607 43//3608 22//3609
f 637//3610 609//3611 615//3612
f 650//3613 618//3614 634//3615
f 650//3616 615//3617 618//3618
f 634//3619 618//3620 613//3621
f 610//3622 609//3623 607//3624
f 612//3625 609//3626 610//3627
f 615//3628 609//3629 612//3630
f 618//3631 494//3632 613//3633
f 610//3634 286//3635 608//3636
f 612//3637 610//3638 608//3639
f 608//3640 286//3641 252//3642
f 619//3643 618//3644 612//3645
f 618//3646 615//3647 612//3648
f 619//3649 494//3650 618//3651
f 608//3652 252//3653 427//3654
f 619//3655 612//3656 616//3657
f 616//3658 612//3659 608//3660
f 628//3661 513//3662 370//3663
f 678//3664 100//3665 674//3666
f 640//3667 602//3668 111//3669
f 701//3670 114//3671 276//3672
f 404//3673 384//3674 370//3675
f 591//3676 370//3677 589//3678
f 736//3679 732//3680 724//3681
f 667//3682 487//3683 14//3684
f 727//3685 187//3686 64//3687
f 589//3688 370//3689 384//3690
f 592//3691 528//3692 591//3693
f 536//3694 437//3695 458//3696
f 401//3697 380//3698 96//3699
f 632//3700 380//3701 543//3702
f 632//3703 96//3704 380//3705
f 670//3706 318//3707 380//3708
f 658//3709 635//3710 484//3711
f 636//3712 484//3713 635//3714
f 654//3715 484//3716 636//3717
f 654//3718 636//3719 431//3720
f 662//3721 230//3722 431//3723
f 659//3724 638//3725 430//3726
f 715//3727 583//3728 538//3729
f 629//3730 111//3731 50//3732
f 453//3733 65//3734 25//3735
f 706//3736 652//3737 230//3738
f 591//3739 528//3740 470//3741
f 668//3742 654//3743 661//3744
f 661//3745 654//3746 431//3747
f 661//3748 431//3749 109//3750
f 658//3751 318//3752 65//3753
f 658//3754 65//3755 635//3756
f 646//3757 642//3758 630//3759
f 651//3760 543//3761 484//3762
f 649//3763 431//3764 636//3765
f 650//3766 634//3767 646//3768
f 650//3769 646//3770 630//3771
f 662//3772 431//3773 649//3774
f 552//3775 505//3776 378//3777
f 707//3778 637//3779 630//3780
f 662//3781 567//3782 230//3783
f 627//3784 604//3785 614//3786
f 597//3787 50//3788 111//3789
f 658//3790 543//3791 318//3792
f 730//3793 647//3794 659//3795
f 543//3796 380//3797 318//3798
f 706//3799 569//3800 585//3801
f 424//3802 260//3803 417//3804
f 730//3805 659//3806 721//3807
f 690//3808 440//3809 441//3810
f 737//3811 605//3812 607//3813
f 647//3814 629//3815 638//3816
f 651//3817 484//3818 432//3819
f 731//3820 257//3821 719//3822
f 646//3823 95//3824 642//3825
f 668//3826 432//3827 484//3828
f 545//3829 455//3830 36//3831
f 542//3832 512//3833 540//3834
f 668//3835 661//3836 646//3837
f 713//3838 640//3839 111//3840
f 509//3841 343//3842 492//3843
f 682//3844 679//3845 473//3846
f 684//3847 664//3848 92//3849
f 667//3850 14//3851 626//3852
f 652//3853 95//3854 109//3855
f 668//3856 484//3857 654//3858
f 670//3859 65//3860 318//3861
f 638//3862 626//3863 430//3864
f 723//3865 715//3866 534//3867
f 301//3868 250//3869 276//3870
f 667//3871 50//3872 520//3873
f 660//3874 627//3875 566//3876
f 625//3877 582//3878 570//3879
f 644//3880 430//3881 626//3882
f 728//3883 306//3884 251//3885
f 431//3886 230//3887 109//3888
f 649//3889 636//3890 625//3891
f 667//3892 629//3893 50//3894
f 738//3895 725//3896 505//3897
f 658//3898 484//3899 543//3900
f 639//3901 111//3902 629//3903
f 583//3904 542//3905 538//3906
f 540//3907 512//3908 526//3909
f 667//3910 626//3911 629//3912
f 652//3913 109//3914 230//3915
f 650//3916 637//3917 615//3918
f 648//3919 640//3920 605//3921
f 659//3922 647//3923 638//3924
f 625//3925 282//3926 582//3927
f 638//3928 629//3929 626//3930
f 625//3931 453//3932 282//3933
f 661//3934 109//3935 95//3936
f 453//3937 25//3938 282//3939
f 706//3940 230//3941 643//3942
f 660//3943 526//3944 627//3945
f 647//3946 639//3947 629//3948
f 593//3949 592//3950 340//3951
f 739//3952 705//3953 709//3954
f 736//3955 702//3956 732//3957
f 716//3958 708//3959 483//3960
f 716//3961 483//3962 600//3963
f 737//3964 609//3965 637//3966
f 587//3967 544//3968 583//3969
f 666//3970 14//3971 628//3972
f 740//3973 483//3974 708//3975
f 716//3976 600//3977 598//3978
f 600//3979 528//3980 598//3981
f 542//3982 540//3983 538//3984
f 627//3985 526//3986 555//3987
f 600//3988 483//3989 2//3990
f 727//3991 114//3992 714//3993
f 669//3994 2//3995 483//3996
f 600//3997 2//3998 528//3999
f 593//4000 528//4001 592//4002
f 636//4003 635//4004 453//4005
f 582//4006 517//4007 570//4008
f 645//4009 621//4010 110//4011
f 669//4012 483//4013 110//4014
f 540//4015 534//4016 538//4017
f 669//4018 470//4019 2//4020
f 369//4021 281//4022 311//4023
f 650//4024 630//4025 637//4026
f 606//4027 432//4028 46//4029
f 621//4030 620//4031 110//4032
f 669//4033 110//4034 620//4035
f 690//4036 688//4037 440//4038
f 576//4039 552//4040 378//4041
f 632//4042 606//4043 590//4044
f 651//4045 606//4046 632//4047
f 735//4048 645//4049 657//4050
f 735//4051 621//4052 645//4053
f 663//4054 620//4055 621//4056
f 669//4057 620//4058 641//4059
f 641//4060 527//4061 470//4062
f 669//4063 641//4064 470//4065
f 730//4066 639//4067 647//4068
f 651//4069 432//4070 606//4071
f 602//4072 597//4073 111//4074
f 633//4075 490//4076 587//4077
f 678//4078 436//4079 100//4080
f 741//4081 717//4082 633//4083
f 738//4084 682//4085 694//4086
f 682//4087 285//4088 679//4089
f 738//4090 285//4091 682//4092
f 656//4093 534//4094 540//4095
f 693//4096 691//4097 255//4098
f 664//4099 176//4100 271//4101
f 730//4102 721//4103 701//4104
f 720//4105 286//4106 607//4107
f 684//4108 683//4109 664//4110
f 689//4111 374//4112 683//4113
f 683//4114 176//4115 664//4116
f 689//4117 683//4118 684//4119
f 689//4120 676//4121 374//4122
f 689//4123 684//4124 92//4125
f 298//4126 241//4127 37//4128
f 689//4129 92//4130 255//4131
f 691//4132 689//4133 255//4134
f 692//4135 689//4136 691//4137
f 692//4138 676//4139 689//4140
f 692//4141 672//4142 676//4143
f 676//4144 672//4145 241//4146
f 672//4147 655//4148 241//4149
f 655//4150 37//4151 241//4152
f 680//4153 37//4154 655//4155
f 692//4156 624//4157 672//4158
f 672//4159 624//4160 655//4161
f 680//4162 655//4163 462//4164
f 695//4165 447//4166 462//4167
f 409//4168 384//4169 404//4170
f 693//4171 692//4172 691//4173
f 734//4174 713//4175 701//4176
f 331//4177 41//4178 58//4179
f 331//4180 4//4181 41//4182
f 695//4183 690//4184 482//4185
f 693//4186 675//4187 692//4188
f 692//4189 675//4190 624//4191
f 655//4192 624//4193 259//4194
f 673//4195 462//4196 655//4197
f 695//4198 462//4199 673//4200
f 673//4201 655//4202 259//4203
f 204//4204 159//4205 140//4206
f 172//4207 73//4208 9//4209
f 685//4210 172//4211 9//4212
f 693//4213 249//4214 686//4215
f 685//4216 132//4217 172//4218
f 680//4219 390//4220 37//4221
f 676//4222 241//4223 298//4224
f 677//4225 624//4226 675//4227
f 677//4228 259//4229 624//4230
f 695//4231 673//4232 690//4233
f 676//4234 298//4235 374//4236
f 688//4237 673//4238 259//4239
f 690//4240 673//4241 688//4242
f 718//4243 261//4244 702//4245
f 693//4246 678//4247 675//4248
f 678//4249 677//4250 675//4251
f 693//4252 686//4253 678//4254
f 678//4255 674//4256 677//4257
f 688//4258 259//4259 216//4260
f 688//4261 216//4262 440//4263
f 733//4264 585//4265 729//4266
f 686//4267 436//4268 678//4269
f 696//4270 259//4271 677//4272
f 696//4273 216//4274 259//4275
f 604//4276 555//4277 311//4278
f 696//4279 677//4280 674//4281
f 687//4282 79//4283 216//4284
f 696//4285 674//4286 665//4287
f 696//4288 687//4289 216//4290
f 448//4291 399//4292 393//4293
f 674//4294 671//4295 665//4296
f 696//4297 665//4298 685//4299
f 696//4300 685//4301 687//4302
f 266//4303 253//4304 248//4305
f 681//4306 665//4307 671//4308
f 687//4309 685//4310 9//4311
f 685//4312 665//4313 681//4314
f 306//4315 300//4316 246//4317
f 729//4318 505//4319 725//4320
f 681//4321 671//4322 183//4323
f 614//4324 604//4325 611//4326
f 693//4327 255//4328 249//4329
f 614//4330 611//4331 324//4332
f 480//4333 28//4334 88//4335
f 717//4336 694//4337 682//4338
f 627//4339 555//4340 604//4341
f 680//4342 462//4343 390//4344
