# gargoyle.obj, converted from G:\Course\CG-2025-Sample\Homework5-优秀作业\39_杨萱泽\data\Gargoyle_ABF.usda
# vertices are in the file's own space, USD transform baked in
v 0.310212 -0.428231 -0.410640
v 0.302135 -0.420936 -0.427046
v 0.300288 -0.420973 -0.404346
v 0.371252 -0.401949 -0.381813
v 0.382117 -0.417078 -0.397681
v 0.361069 -0.416267 -0.385095
v 0.402145 0.424458 -0.448742
v 0.408084 0.420251 -0.437454
v 0.404839 0.428678 -0.438088
v 0.099094 -0.166741 -0.041664
v 0.081778 -0.168585 -0.059885
v 0.084636 -0.162666 -0.029761
v -0.425793 -0.086263 -0.167673
v -0.445969 -0.076947 -0.159004
v -0.425345 -0.085038 -0.155697
v -0.348597 0.073719 -0.199894
v -0.332336 0.084857 -0.221671
v -0.334736 0.091626 -0.211417
v -0.038585 0.201489 -0.141334
v -0.020471 0.200480 -0.146777
v -0.032605 0.198223 -0.133805
v -0.004948 0.224440 -0.298383
v -0.010545 0.231137 -0.305045
v 0.012710 0.234136 -0.315281
v -0.118229 -0.196910 -0.171750
v -0.103342 -0.199724 -0.170456
v -0.099454 -0.181094 -0.194363
v -0.126597 -0.168969 -0.178369
v -0.119963 -0.174590 -0.184884
v -0.103900 -0.168950 -0.199750
v -0.055210 -0.178006 0.358314
v -0.068680 -0.171182 0.364089
v -0.061426 -0.176678 0.370955
v -0.516711 -0.006696 -0.266494
v -0.523735 -0.020904 -0.269049
v -0.517979 -0.007988 -0.281469
v 0.264176 -0.549112 -0.634094
v 0.281591 -0.556387 -0.631516
v 0.290827 -0.570157 -0.647387
v 0.328824 0.103389 0.355187
v 0.317944 0.102775 0.369106
v 0.309527 0.116726 0.367929
v 0.161024 0.004033 -0.272133
v 0.148837 -0.002270 -0.286244
v 0.165335 -0.008695 -0.261404
v -0.300196 0.050997 -0.163095
v -0.286662 0.028102 -0.151054
v -0.306559 0.015226 -0.154777
v 0.311817 0.318237 -0.233810
v 0.299217 0.311807 -0.210586
v 0.297111 0.319747 -0.226999
v -0.031127 0.186938 0.326587
v -0.033142 0.177806 0.322409
v -0.024758 0.177107 0.318825
v -0.331330 0.133741 -0.415133
v -0.341836 0.120934 -0.433476
v -0.321933 0.127275 -0.417581
v 0.237896 0.276362 -0.161033
v 0.236263 0.258258 -0.150478
v 0.220655 0.273434 -0.158339
v -0.168578 -0.089903 -0.098809
v -0.188013 -0.072692 -0.101994
v -0.183202 -0.069832 -0.081448
v -0.473244 -0.036637 -0.235494
v -0.457780 -0.031026 -0.236895
v -0.467724 -0.045597 -0.218307
v 0.285689 0.266592 -0.169595
v 0.286922 0.265625 -0.182343
v 0.274264 0.255521 -0.172196
v 0.243487 0.233112 -0.109711
v 0.243780 0.224925 -0.111520
v 0.237666 0.218579 -0.105432
v 0.071506 -0.152750 -0.290405
v 0.074197 -0.141013 -0.276329
v 0.043538 -0.135957 -0.293710
v -0.069808 0.200751 -0.104628
v -0.080019 0.204590 -0.108137
v -0.060005 0.195900 -0.124440
v -0.524905 0.016469 -0.307230
v -0.522098 0.004902 -0.312965
v -0.529158 0.011885 -0.321739
v 0.318993 -0.435631 -0.436900
v 0.326441 -0.439760 -0.412950
v 0.038301 -0.227435 0.327561
v 0.025709 -0.229560 0.326942
v 0.033622 -0.236272 0.344477
v 0.034978 -0.220460 0.319828
v 0.055395 -0.216652 0.326552
v 0.046133 -0.211478 0.321932
v -0.113536 0.119624 -0.207063
v -0.120220 0.124714 -0.202986
v -0.120032 0.106496 -0.208819
v -0.490872 -0.039626 -0.323503
v -0.497673 -0.045308 -0.317480
v -0.486969 -0.053254 -0.323212
v 0.341437 -0.053122 0.423267
v 0.329131 -0.054200 0.416124
v 0.340220 -0.068700 0.425642
v -0.109008 -0.094271 -0.346289
v -0.127808 -0.107706 -0.339772
v -0.122783 -0.103723 -0.324686
v -0.073885 -0.186301 0.127568
v -0.063354 -0.181282 0.120861
v -0.067259 -0.186119 0.105294
v -0.426331 0.075840 -0.172661
v -0.430145 0.069186 -0.188314
v -0.422588 0.072137 -0.181987
v -0.008034 -0.351528 -0.460931
v -0.000083 -0.364375 -0.471890
v 0.012152 -0.354087 -0.479953
v 0.188264 0.285761 -0.194121
v 0.198496 0.293157 -0.201157
v 0.203880 0.298022 -0.183829
v -0.370021 0.062772 -0.385604
v -0.380204 0.056294 -0.396693
v -0.373564 0.072804 -0.400307
v -0.390385 0.047668 -0.405548
v -0.384909 0.043312 -0.394781
v 0.275892 0.240883 0.685622
v 0.307589 0.229029 0.678762
v 0.302422 0.226795 0.691227
v -0.339627 -0.100163 -0.227524
v -0.339797 -0.087765 -0.237552
v -0.344814 -0.089665 -0.215290
v -0.275525 0.041151 -0.149049
v -0.261718 0.057319 -0.154328
v -0.267171 0.036906 -0.141801
v -0.119201 -0.090099 0.298659
v -0.134965 -0.099156 0.287473
v -0.125908 -0.093412 0.279227
v 0.348513 0.487094 -0.605832
v 0.324614 0.488301 -0.607674
v 0.328402 0.491766 -0.621756
v -0.145146 -0.230546 -0.108351
v -0.148362 -0.222623 -0.123816
v -0.159762 -0.219318 -0.105234
v -0.190566 0.087363 0.391192
v -0.191987 0.103814 0.402839
v -0.192728 0.094251 0.407995
v -0.194224 0.115958 0.359731
v -0.196644 0.124546 0.372099
v -0.198105 0.105684 0.365013
v 0.145474 -0.215761 -0.131110
v 0.156241 -0.227522 -0.143448
v 0.141058 -0.217814 -0.152578
v -0.445818 0.030562 -0.114332
v -0.433195 0.038192 -0.113354
v -0.449369 0.018733 -0.112909
v -0.040520 0.169171 -0.189876
v -0.038151 0.172999 -0.208775
v -0.032409 0.189592 -0.204510
v 0.012140 -0.228937 0.424373
v 0.006945 -0.229760 0.414786
v -0.000867 -0.231062 0.427092
v 0.284524 -0.441102 -0.602435
v 0.317988 -0.436781 -0.577901
v 0.260888 -0.427309 -0.594681
v 0.315892 -0.420791 -0.371191
v 0.297737 -0.413678 -0.371280
v 0.306885 -0.405308 -0.357311
v -0.182115 0.151419 0.085540
v -0.177239 0.157599 0.100305
v -0.176073 0.142448 0.091266
v 0.104604 -0.348347 -0.462806
v 0.064866 -0.334198 -0.453222
v 0.077204 -0.330026 -0.443984
v -0.177140 0.144926 -0.419905
v -0.178483 0.136708 -0.404402
v -0.177260 0.133088 -0.430941
v -0.141245 -0.060581 0.399837
v -0.128899 -0.052910 0.396621
v -0.144560 -0.049496 0.403415
v -0.520546 -0.062735 -0.263363
v -0.512774 -0.081893 -0.262838
v -0.519163 -0.078196 -0.279685
v 0.137181 -0.189976 -0.047810
v 0.127729 -0.177795 -0.044599
v 0.148342 -0.182703 -0.038802
v -0.198863 0.064104 0.409917
v -0.205497 0.071203 0.416807
v -0.203190 0.049747 0.407518
v -0.205119 0.119469 -0.274363
v -0.224652 0.134719 -0.290917
v -0.198115 0.120099 -0.290401
v -0.074449 0.174291 0.094632
v -0.091278 0.184735 0.093194
v -0.080753 0.183379 0.064092
v -0.021528 0.227444 0.414930
v -0.030302 0.222043 0.412955
v -0.018605 0.228182 0.403233
v -0.195944 -0.048750 0.037309
v -0.183427 -0.055794 0.054964
v -0.185135 -0.061834 0.027043
v 0.295690 0.155756 0.403087
v 0.299823 0.143133 0.393644
v 0.298768 0.146681 0.409990
v 0.103923 0.154665 0.077762
v 0.127412 0.157678 0.089910
v 0.100345 0.165974 0.085787
v -0.159659 0.196088 0.328697
v -0.168783 0.189925 0.327735
v -0.166725 0.186218 0.319033
v -0.150535 0.197157 0.321232
v -0.144398 0.215130 0.334379
v -0.154223 0.208594 0.330205
v -0.299099 -0.070168 -0.154393
v -0.306887 -0.085806 -0.161269
v -0.317820 -0.071346 -0.158793
v -0.084601 0.280415 -0.383229
v -0.079957 0.274169 -0.389950
v -0.078614 0.285005 -0.392851
v -0.180069 0.020688 -0.455111
v -0.176136 0.001609 -0.458263
v -0.151325 0.015329 -0.446289
v -0.370370 0.013098 -0.406209
v -0.380444 0.027340 -0.404546
v -0.378274 0.022076 -0.394304
v -0.038454 -0.168011 -0.268770
v -0.034699 -0.173284 -0.289910
v -0.035616 -0.161357 -0.281542
v -0.176744 -0.171016 0.383020
v -0.177799 -0.166303 0.373067
v -0.175958 -0.161154 0.381157
v 0.341004 0.495875 -0.670998
v 0.332252 0.503905 -0.672198
v 0.330542 0.495202 -0.675149
v -0.033003 0.162626 0.107137
v -0.038414 0.165852 0.085696
v -0.029132 0.174647 0.096984
v 0.391030 -0.394110 -0.398522
v 0.394333 -0.410114 -0.405890
v 0.381702 -0.398369 -0.387973
v -0.200322 0.094959 0.366141
v -0.195322 0.094340 0.345101
v 0.301123 0.135922 0.703078
v 0.276987 0.137652 0.702819
v 0.300729 0.146612 0.701685
v -0.153538 -0.155566 0.317495
v -0.142225 -0.157920 0.310708
v -0.147557 -0.149619 0.310273
v -0.363258 -0.090356 -0.190994
v -0.369594 -0.094103 -0.178943
v -0.356288 -0.100335 -0.181051
v 0.106086 0.034543 -0.296588
v 0.091693 0.022543 -0.317502
v 0.120770 0.018943 -0.301807
v -0.065589 0.260637 -0.300718
v -0.072973 0.264285 -0.289886
v -0.080834 0.275972 -0.298737
v -0.074455 0.285329 -0.352897
v -0.088349 0.287716 -0.343902
v -0.082032 0.289868 -0.358560
v -0.437804 -0.003816 -0.216799
v -0.450044 0.003265 -0.211073
v -0.445998 -0.014567 -0.205937
v 0.366132 -0.477442 -0.590457
v 0.369480 -0.487585 -0.576389
v 0.374616 -0.477050 -0.582519
v -0.352523 0.102254 -0.284402
v -0.349921 0.092741 -0.281134
v -0.367957 0.097275 -0.286535
v -0.081268 -0.177001 0.416395
v -0.080965 -0.193145 0.422980
v -0.067122 -0.185961 0.418994
v -0.360964 -0.129904 -0.277356
v -0.374662 -0.128794 -0.282801
v -0.370237 -0.123822 -0.274278
v -0.337408 -0.120131 -0.229499
v -0.340258 -0.109831 -0.233018
v -0.339110 -0.114963 -0.219720
v 0.109482 0.307664 -0.436665
v 0.110549 0.315441 -0.445725
v 0.136797 0.314057 -0.441009
v 0.398590 0.109623 0.689537
v 0.386957 0.090027 0.701562
v 0.388635 0.125619 0.696303
v -0.007406 -0.229677 0.402655
v -0.007327 -0.226514 0.417446
v -0.172847 0.166653 -0.473468
v -0.176366 0.168510 -0.461577
v -0.185626 0.163352 -0.467465
v -0.025884 0.254159 0.497838
v -0.041993 0.257215 0.524276
v -0.056435 0.253931 0.507519
v -0.142039 0.232958 0.487038
v -0.150331 0.229512 0.503865
v -0.166608 0.217309 0.475701
v 0.094737 0.088681 -0.245107
v 0.126201 0.100600 -0.213703
v 0.097087 0.110533 -0.232943
v -0.179920 -0.193323 -0.470416
v -0.177268 -0.197662 -0.484624
v -0.185286 -0.189088 -0.478831
v -0.172126 0.170032 -0.042034
v -0.174745 0.160033 -0.044688
v -0.172184 0.159748 -0.058026
v -0.041888 0.243717 0.443163
v -0.056120 0.248805 0.467695
v -0.053820 0.244259 0.448598
v -0.042721 0.199727 -0.131068
v -0.485204 -0.059734 -0.211429
v -0.479583 -0.064500 -0.202325
v -0.481064 -0.070214 -0.214202
v -0.116347 -0.111611 0.702176
v -0.146537 -0.118073 0.703407
v -0.135563 -0.101673 0.704256
v 0.046635 -0.240452 -0.306387
v 0.026018 -0.235100 -0.293160
v 0.046524 -0.234330 -0.291202
v 0.311458 -0.575619 -0.660732
v 0.324470 -0.564508 -0.657621
v 0.316638 -0.565286 -0.668427
v -0.378047 -0.010276 -0.406581
v -0.370936 -0.003656 -0.405322
v -0.378916 -0.006161 -0.398577
v 0.370543 -0.345454 -0.279895
v 0.378798 -0.348826 -0.288326
v 0.365235 -0.357311 -0.278605
v -0.159109 0.020692 0.145684
v -0.163636 0.012378 0.140763
v -0.165049 0.034560 0.125148
v -0.045381 -0.217881 0.098591
v -0.042581 -0.209895 0.111954
v -0.037274 -0.222815 0.112150
v -0.149170 0.112441 0.298499
v -0.153500 0.101451 0.309172
v -0.139913 0.105370 0.296777
v -0.118457 0.088737 -0.267575
v -0.096573 0.094211 -0.281013
v -0.101246 0.093627 -0.262884
v -0.069662 -0.169836 0.344034
v -0.059091 -0.174418 0.337520
v -0.060785 -0.170590 0.328497
v 0.190403 0.411635 -0.581632
v 0.174089 0.406070 -0.581854
v 0.180988 0.408977 -0.591568
v -0.070372 -0.242457 0.620407
v -0.049128 -0.243217 0.628825
v -0.060811 -0.245817 0.601999
v -0.230255 0.082326 -0.458236
v -0.225250 0.063498 -0.455883
v -0.215787 0.075662 -0.460939
v -0.138205 0.239268 0.694742
v -0.117936 0.238050 0.699108
v -0.140416 0.225128 0.700652
v -0.029480 0.199262 -0.185401
v -0.018563 0.214609 -0.198541
v -0.021427 0.210560 -0.178648
v -0.221200 -0.135236 0.524373
v -0.233915 -0.112365 0.528904
v -0.226590 -0.131656 0.548254
v -0.172198 -0.182442 -0.435247
v -0.175410 -0.190392 -0.452219
v -0.177674 -0.178964 -0.452532
v 0.231198 0.216341 -0.128618
v 0.237922 0.223822 -0.147935
v 0.220234 0.208175 -0.133233
v 0.252603 -0.294553 -0.160683
v 0.240073 -0.277975 -0.146468
v 0.262460 -0.290240 -0.160992
v 0.210534 0.140211 -0.012418
v 0.228738 0.135608 0.001955
v 0.212564 0.142072 0.010281
v 0.283995 0.488756 -0.627603
v 0.265846 0.479179 -0.625232
v 0.268540 0.488436 -0.632955
v 0.289323 0.508651 -0.643973
v 0.294123 0.509898 -0.656538
v 0.303271 0.511830 -0.650067
v -0.174028 -0.161987 0.392302
v -0.180488 -0.149894 0.386327
v -0.174262 -0.153146 0.398277
v 0.394353 -0.017657 0.254527
v 0.380495 -0.029017 0.226217
v 0.386642 -0.032437 0.259077
v -0.196027 0.102086 -0.426351
v -0.208842 0.099317 -0.421991
v -0.193925 0.105485 -0.434418
v -0.012133 -0.137987 0.247366
v -0.021316 -0.141785 0.228427
v -0.031697 -0.136606 0.249537
v 0.156496 -0.021809 -0.258373
v 0.142978 -0.016216 -0.280699
v 0.146000 -0.166341 0.396550
v 0.168082 -0.159426 0.401224
v 0.177541 -0.165274 0.387825
v 0.314053 0.408197 -0.306569
v 0.308036 0.401191 -0.315431
v 0.317966 0.405064 -0.322369
v 0.235165 -0.160621 0.406008
v 0.247497 -0.163497 0.391607
v 0.229221 -0.165722 0.388389
v 0.268403 0.261132 -0.161021
v 0.219213 -0.136687 -0.043952
v 0.212855 -0.144904 -0.038195
v 0.219092 -0.138587 -0.028340
v 0.287591 -0.342188 -0.240054
v 0.299370 -0.355397 -0.251209
v 0.283107 -0.354641 -0.248513
v -0.022539 -0.204658 0.052444
v -0.015299 -0.215692 0.053386
v -0.009936 -0.210760 0.039680
v 0.061050 0.226251 0.336968
v 0.082993 0.217562 0.342621
v 0.066645 0.221815 0.351907
v -0.116048 0.056694 0.211792
v -0.120153 0.039807 0.215525
v -0.132178 0.046034 0.181721
v 0.188074 -0.424223 -0.608415
v 0.172678 -0.414921 -0.600894
v 0.177624 -0.431536 -0.612436
v 0.250759 -0.020803 -0.148742
v 0.249179 -0.004190 -0.157142
v 0.238041 -0.015640 -0.170379
v 0.334938 -0.507755 -0.626089
v 0.337071 -0.501594 -0.635585
v 0.329576 -0.511511 -0.654617
v -0.083235 -0.044908 0.293283
v -0.083073 -0.060854 0.293408
v -0.086210 -0.049322 0.278089
v -0.036495 -0.201248 0.420173
v -0.043463 -0.191364 0.408991
v -0.052122 -0.194800 0.422119
v -0.039412 0.215763 -0.251098
v -0.052108 0.205857 -0.251848
v -0.052926 0.215994 -0.257833
v -0.106817 0.133219 -0.202184
v -0.148734 0.115782 -0.337323
v -0.155149 0.107858 -0.314390
v -0.165122 0.123608 -0.332120
v 0.120679 -0.245754 0.692242
v 0.097047 -0.240735 0.698918
v 0.116604 -0.237186 0.700893
v -0.205729 0.101578 -0.484981
v -0.204630 0.122707 -0.497782
v -0.212987 0.108150 -0.485968
v -0.189692 0.050418 0.405185
v -0.195659 0.030845 0.404735
v -0.183869 0.034887 0.404464
v 0.301064 0.122375 0.372498
v 0.293980 0.140508 0.365213
v 0.298004 0.138412 0.356708
v -0.432934 0.088319 -0.262047
v -0.441814 0.097148 -0.263377
v -0.428138 0.103931 -0.269754
v -0.161898 -0.162612 0.323993
v -0.174525 -0.157423 0.343056
v -0.171069 -0.170580 0.330057
v 0.184173 0.183298 0.414394
v 0.173485 0.192272 0.429258
v 0.170315 0.186443 0.414426
v 0.080788 -0.191837 -0.121768
v 0.056858 -0.186940 -0.124551
v 0.061932 -0.180880 -0.106219
v 0.186196 0.145343 0.022639
v 0.188725 0.143277 0.048414
v 0.176652 0.143897 0.042855
v -0.302288 0.010678 0.673685
v -0.299768 0.016908 0.656787
v -0.301369 0.029062 0.671890
v -0.437130 -0.076223 -0.172504
v -0.419459 -0.082158 -0.177181
v -0.191117 0.226286 0.590918
v -0.210564 0.211175 0.594249
v -0.204306 0.208293 0.564721
v 0.369162 0.004061 0.412573
v 0.382335 0.009266 0.399483
v 0.374739 -0.001045 0.399574
v -0.330538 -0.015262 -0.438731
v -0.340068 -0.008489 -0.429741
v -0.336662 -0.028839 -0.433856
v 0.019146 0.288423 -0.479209
v 0.012906 0.274553 -0.467568
v 0.029147 0.285286 -0.482150
v -0.006421 -0.243448 0.673450
v -0.018278 -0.241829 0.684361
v -0.000117 -0.244875 0.679791
v -0.188367 -0.113976 0.366561
v -0.190242 -0.118181 0.375732
v -0.197117 -0.122071 0.366666
v -0.362101 0.109874 -0.443030
v -0.349715 0.101257 -0.446703
v 0.085182 0.153492 -0.041065
v 0.068201 0.149656 -0.041464
v 0.091021 0.156164 -0.056231
v -0.216415 -0.002757 -0.064765
v -0.216314 -0.002819 -0.045429
v -0.213533 -0.020495 -0.073420
v 0.344339 -0.325220 -0.257030
v 0.352392 -0.343846 -0.270100
v 0.334081 -0.346532 -0.263723
v -0.145350 -0.147956 0.290194
v -0.148800 -0.129966 0.293464
v -0.146816 -0.143501 0.301240
v 0.024742 -0.154709 0.031940
v 0.034457 -0.147703 0.025373
v 0.022018 -0.149201 0.022141
v 0.332321 -0.505368 -0.531284
v 0.339490 -0.503432 -0.545338
v 0.324385 -0.503268 -0.541961
v 0.394054 0.381933 -0.344925
v 0.391815 0.388514 -0.335130
v 0.392490 0.391067 -0.348662
v 0.311445 -0.441042 -0.458576
v 0.304909 -0.448500 -0.472142
v 0.289032 -0.422280 -0.454620
v -0.317709 -0.148138 -0.301247
v -0.322883 -0.146476 -0.317185
v -0.323209 -0.136240 -0.314333
v -0.296413 0.053202 0.658687
v -0.288993 0.082225 0.636742
v -0.293567 0.069214 0.661018
v 0.057549 -0.201899 0.392170
v 0.059488 -0.196290 0.400648
v 0.069101 -0.198234 0.391336
v -0.130466 0.137302 -0.449211
v -0.140839 0.148888 -0.451136
v -0.132879 0.138737 -0.467853
v 0.221750 0.195096 0.455824
v 0.206732 0.192549 0.449342
v 0.212402 0.183765 0.445453
v -0.138636 -0.203144 0.684860
v -0.129568 -0.216864 0.650252
v -0.158159 -0.196154 0.664838
v -0.373645 0.112881 -0.303416
v -0.378649 0.106055 -0.311740
v -0.353408 0.104406 -0.311053
v -0.027960 0.223480 0.699417
v -0.075154 0.227757 0.698944
v -0.031689 0.236289 0.698651
v 0.076768 0.211715 0.377593
v 0.072834 0.204812 0.395002
v 0.063211 0.207607 0.384257
v -0.374290 0.050693 -0.383027
v -0.370552 0.054327 -0.372636
v -0.393217 -0.106116 -0.314476
v -0.413844 -0.097370 -0.320722
v -0.418527 -0.107118 -0.315228
v -0.341549 -0.117077 -0.246188
v -0.338869 -0.127533 -0.255165
v -0.347947 -0.115324 -0.258544
v -0.081768 0.207593 0.421851
v -0.094455 0.203939 0.423500
v -0.087067 0.193333 0.419902
v -0.078889 0.219302 0.421956
v -0.062731 0.212145 0.420424
v -0.069577 0.227456 0.423334
v -0.382850 0.035330 -0.390781
v -0.386607 0.035760 -0.405419
v -0.085818 0.270424 -0.377560
v -0.147412 0.228926 0.464360
v -0.151980 0.223553 0.439195
v -0.134603 0.230949 0.451729
v 0.129526 -0.177260 0.425584
v 0.147738 -0.163568 0.416818
v 0.121152 -0.171661 0.417228
v -0.066149 0.276075 -0.357590
v -0.070265 0.286196 -0.371753
v -0.007816 -0.154571 -0.330554
v -0.022203 -0.164797 -0.333945
v -0.016689 -0.163285 -0.338188
v -0.171772 -0.147032 -0.396246
v -0.172318 -0.131719 -0.397912
v -0.175376 -0.145955 -0.385398
v 0.032019 -0.172249 0.309230
v 0.017110 -0.182404 0.307429
v 0.029577 -0.186341 0.313491
v -0.012145 0.061628 -0.346768
v 0.007016 0.063613 -0.330012
v -0.018648 0.069651 -0.334394
v -0.156607 -0.143262 -0.510019
v -0.172653 -0.136570 -0.508432
v -0.173676 -0.151873 -0.511399
v -0.524398 0.024668 -0.322826
v -0.521285 0.034691 -0.333278
v -0.516661 0.030845 -0.325011
v -0.289678 0.077473 -0.450693
v -0.301630 0.074496 -0.451352
v -0.288736 0.053169 -0.460419
v -0.150242 -0.173470 0.420286
v -0.152479 -0.169854 0.410194
v -0.168445 -0.168000 0.423375
v 0.259554 -0.117920 -0.013437
v 0.238636 -0.129447 -0.014757
v 0.266194 -0.119878 0.007544
v -0.151218 -0.090659 -0.467306
v -0.173086 -0.092476 -0.470736
v -0.170408 -0.103599 -0.484836
v 0.000835 -0.235763 0.397808
v 0.293491 -0.269878 -0.161797
v 0.292021 -0.254795 -0.155970
v 0.300383 -0.257374 -0.166155
v -0.232398 0.150394 0.702231
v -0.218536 0.162818 0.704274
v -0.213596 0.147958 0.702102
v -0.130977 0.120166 -0.192641
v -0.123523 0.142460 -0.194679
v -0.137217 0.137110 -0.184730
v -0.057783 0.257488 0.694021
v -0.041716 0.263345 0.687520
v -0.043006 0.257019 0.697311
v -0.320027 -0.163194 -0.331966
v -0.327706 -0.154670 -0.345604
v -0.326776 -0.149100 -0.332981
v -0.172087 -0.161373 -0.397977
v -0.167655 -0.168093 -0.390577
v -0.163442 -0.180114 -0.405700
v -0.173686 0.113077 -0.305789
v -0.183457 0.109969 -0.281742
v -0.183703 0.119481 -0.306529
v -0.148627 -0.117768 -0.119114
v -0.155303 -0.106890 -0.110855
v -0.151907 -0.112772 -0.096565
v -0.095908 -0.077733 0.311674
v -0.087761 -0.058087 0.334627
v -0.100523 -0.066343 0.348926
v 0.210201 0.255647 -0.137683
v 0.207052 0.268684 -0.155448
v 0.219994 0.259930 -0.145643
v 0.202809 0.142246 -0.038050
v 0.192994 0.145905 -0.027822
v 0.194002 0.154392 -0.048617
v -0.504784 -0.016922 -0.324686
v -0.509178 -0.006189 -0.326675
v -0.504117 -0.009358 -0.315160
v 0.064699 0.160130 0.057875
v 0.047831 0.152086 0.042269
v 0.053097 0.141349 0.037612
v 0.118141 0.274210 0.671312
v 0.112204 0.272348 0.682776
v 0.103590 0.270620 0.687652
v 0.141561 -0.202281 0.224946
v 0.120815 -0.206709 0.234541
v 0.175504 -0.193521 0.249589
v -0.040196 -0.215227 0.082363
v -0.040043 -0.202978 0.073819
v -0.046179 -0.207866 0.088533
v -0.071427 0.087642 -0.332987
v -0.086392 0.093516 -0.325438
v -0.083009 0.083860 -0.343987
v -0.036475 -0.201022 -0.316154
v -0.030897 -0.195235 -0.326218
v -0.031855 -0.185133 -0.310153
v 0.073376 -0.379664 -0.536942
v 0.085602 -0.396319 -0.549581
v 0.089146 -0.385827 -0.550438
v -0.160596 -0.209751 0.040282
v -0.150658 -0.224955 0.041572
v -0.155149 -0.216440 0.015938
v -0.203170 0.145440 0.389826
v -0.203564 0.133759 0.380459
v -0.206685 0.147766 0.380777
v -0.195546 -0.054331 -0.076082
v -0.200300 -0.049654 -0.057070
v -0.189369 -0.060084 -0.061468
v -0.006134 -0.141639 0.288492
v -0.022527 -0.146444 0.294885
v -0.013766 -0.153920 0.299055
v -0.026426 0.198219 0.322928
v -0.023127 0.187528 0.319543
v -0.019800 0.195959 0.316206
v 0.160654 -0.040069 0.701980
v 0.125834 -0.064181 0.702162
v 0.132678 -0.047606 0.703054
v -0.055125 -0.188765 -0.167612
v -0.044926 -0.190598 -0.153633
v -0.039893 -0.189929 -0.172768
v -0.435332 -0.000847 -0.230018
v -0.440225 0.008249 -0.234372
v -0.433803 0.011651 -0.221628
v -0.091625 -0.001823 0.376605
v -0.099581 -0.001010 0.389646
v -0.096690 -0.016414 0.380625
v -0.229610 -0.115046 0.509399
v -0.219205 -0.132899 0.487268
v -0.225254 -0.117902 0.486161
v 0.194679 -0.152283 -0.020889
v 0.181788 -0.165245 -0.030347
v 0.184602 -0.154503 -0.010654
v 0.270974 -0.229798 -0.142741
v 0.280609 -0.242290 -0.171764
v 0.287906 -0.244297 -0.158504
v 0.207512 -0.153407 -0.038614
v -0.367603 0.123087 -0.363508
v -0.363171 0.125084 -0.376074
v -0.358752 0.123994 -0.362299
v -0.517956 0.023602 -0.303748
v -0.511505 0.031886 -0.315782
v -0.510999 0.030398 -0.298850
v -0.000335 0.218003 -0.248772
v -0.006359 0.215919 -0.261942
v 0.013688 0.216028 -0.256683
v -0.348535 0.124239 -0.398245
v -0.350485 0.123097 -0.382674
v -0.354059 0.118977 -0.392859
v 0.006297 0.184401 0.134974
v -0.002648 0.170257 0.144504
v -0.016154 0.176407 0.115994
v 0.295449 0.135649 0.410487
v -0.196140 0.106973 0.383044
v -0.191999 0.109494 0.394592
v -0.196864 0.097716 0.387356
v -0.069559 -0.172706 0.383766
v -0.080775 -0.166697 0.377005
v -0.009748 0.218692 -0.214578
v 0.000950 0.219361 -0.225940
v 0.005205 0.209158 -0.208848
v -0.477422 -0.074164 -0.225764
v -0.490320 -0.072033 -0.235456
v -0.491440 -0.062731 -0.224070
v 0.345168 0.487933 -0.629431
v 0.349310 0.481556 -0.645877
v 0.352604 0.478381 -0.635448
v -0.385204 -0.046295 -0.380749
v -0.388742 -0.059524 -0.378946
v -0.387351 -0.057120 -0.391691
v -0.161575 -0.187142 0.346555
v -0.148714 -0.183378 0.344473
v -0.160313 -0.184684 0.334785
v -0.087928 0.204240 -0.118742
v -0.077986 0.196676 -0.120986
v -0.397332 0.117336 -0.303580
v -0.403159 0.118076 -0.288136
v -0.410159 0.120449 -0.302232
v -0.170721 0.064375 -0.053591
v -0.156130 0.080446 -0.042337
v -0.163883 0.062651 -0.020085
v -0.407450 0.049369 -0.258694
v -0.411946 0.062309 -0.266304
v -0.399432 0.053327 -0.266835
v -0.131771 0.096495 -0.362752
v -0.131347 0.103389 -0.378649
v -0.128002 0.092396 -0.378482
v -0.275525 0.041151 -0.149049
v -0.507690 0.090360 -0.263426
v -0.497570 0.087741 -0.248737
v -0.505655 0.074510 -0.253142
v 0.165818 0.179876 0.135443
v 0.144061 0.177826 0.122098
v 0.170720 0.161967 0.109926
v 0.227450 -0.266147 -0.127842
v 0.223585 -0.275715 -0.140230
v 0.216701 -0.262201 -0.122864
v 0.254440 -0.368925 -0.343409
v 0.280407 -0.380711 -0.341452
v 0.272403 -0.390850 -0.355684
v -0.239409 0.179997 0.677325
v -0.221224 0.198431 0.684614
v -0.235349 0.183995 0.686855
v -0.037773 0.200484 0.336180
v -0.046634 0.198166 0.352479
v -0.041720 0.192618 0.339024
v 0.356855 -0.369926 -0.420257
v 0.334591 -0.339407 -0.384547
v 0.335939 -0.354172 -0.412952
v 0.278452 0.367885 -0.360019
v 0.301341 0.386488 -0.351621
v 0.279235 0.364606 -0.346695
v 0.002705 0.293755 -0.469713
v 0.000271 0.296680 -0.459791
v -0.007872 0.286624 -0.461735
v -0.152493 0.210936 0.402837
v -0.151084 0.216950 0.389998
v -0.142911 0.213273 0.396455
v -0.058630 -0.153500 0.299451
v -0.070938 -0.157621 0.291492
v -0.076379 -0.162288 0.308614
v -0.145518 -0.179178 -0.495585
v -0.133091 -0.168623 -0.488185
v -0.140992 -0.156540 -0.503634
v 0.148922 -0.236909 0.699969
v 0.177222 -0.237293 0.696955
v 0.149327 -0.242789 0.692701
v 0.301808 -0.577873 -0.655337
v 0.304648 -0.570865 -0.667270
v 0.280809 -0.563906 -0.655822
v -0.136770 0.182578 0.297028
v -0.125835 0.183658 0.287180
v -0.109709 0.185703 0.297228
v 0.200481 -0.166454 0.425588
v 0.208228 -0.173759 0.430797
v 0.199401 -0.157876 0.418831
v 0.011580 -0.229244 0.329710
v 0.018270 -0.236757 0.337639
v -0.051517 -0.190487 0.085382
v -0.055675 -0.186301 0.078740
v -0.066942 -0.187404 0.086227
v 0.214132 0.305321 -0.284186
v 0.185507 0.280043 -0.282943
v 0.195818 0.293945 -0.292196
v -0.028362 -0.174074 -0.308405
v -0.033500 -0.177963 -0.298842
v -0.448852 -0.039665 -0.343954
v -0.461010 -0.034872 -0.342396
v -0.462224 -0.044019 -0.338339
v -0.052611 -0.271644 -0.257346
v -0.059188 -0.273136 -0.264782
v -0.054713 -0.263464 -0.264378
v 0.271637 -0.312900 -0.171529
v 0.257860 -0.309608 -0.180574
v 0.253872 -0.304754 -0.170943
v -0.379013 0.105910 -0.379927
v -0.374211 0.102619 -0.367530
v -0.374629 0.092711 -0.363259
v -0.345034 -0.106114 -0.188777
v -0.339696 -0.112420 -0.202537
v -0.349651 -0.101032 -0.199152
v -0.383189 -0.101337 -0.355613
v -0.390407 -0.084998 -0.364220
v -0.386156 -0.089697 -0.348430
v -0.162705 -0.208917 -0.119810
v 0.339642 0.191429 0.704464
v 0.328648 0.190580 0.703426
v 0.329352 0.204786 0.703252
v 0.212810 -0.149276 -0.054745
v 0.386634 -0.432077 -0.404527
v 0.362909 -0.430250 -0.390583
v 0.401450 -0.427439 -0.415058
v 0.395770 -0.421151 -0.408418
v 0.403008 -0.416758 -0.418159
v 0.263877 0.486302 -0.641641
v 0.280342 0.490351 -0.654603
v 0.272651 0.495050 -0.644022
v 0.053143 -0.214746 0.205839
v 0.050621 -0.217046 0.192282
v 0.047542 -0.218261 0.185172
v -0.038256 -0.186228 -0.290878
v -0.038068 -0.183067 -0.282116
v 0.189808 0.213243 0.459215
v 0.210945 0.203716 0.457615
v 0.213435 0.210659 0.469601
v -0.438895 -0.024576 -0.218222
v -0.446036 -0.037862 -0.219469
v -0.444593 -0.027382 -0.231823
v -0.186283 -0.123405 0.406481
v -0.188219 -0.114989 0.410370
v -0.192771 -0.122615 0.416254
v -0.357893 0.111549 -0.403129
v 0.238561 -0.240220 -0.076140
v 0.258191 -0.235725 -0.086523
v 0.248540 -0.243870 -0.093060
v 0.276001 -0.199140 0.696964
v 0.279423 -0.202534 0.686186
v 0.262921 -0.201632 0.700373
v -0.009118 -0.226688 0.126792
v -0.029712 -0.219688 0.124033
v -0.016281 -0.214146 0.142396
v -0.054125 0.095810 -0.290593
v -0.036196 0.085152 -0.310478
v -0.035372 0.093247 -0.295190
v -0.228517 0.049513 0.468529
v -0.226558 0.032718 0.447702
v -0.221204 0.050635 0.443318
v -0.301031 0.154588 -0.320660
v -0.304809 0.142288 -0.312977
v -0.305229 0.151926 -0.333484
v -0.058723 -0.247521 -0.318254
v -0.070835 -0.276928 -0.326068
v -0.057515 -0.253027 -0.333527
v -0.017981 0.269799 0.610698
v 0.001092 0.268572 0.591133
v -0.000564 0.269963 0.603286
v -0.299944 -0.146339 -0.260002
v -0.303699 -0.164481 -0.265607
v -0.308241 -0.149629 -0.280055
v -0.093052 0.081065 -0.349244
v -0.066586 0.072288 -0.353487
v -0.132093 0.094702 0.319860
v -0.123044 0.093799 0.323510
v -0.129259 0.099866 0.302487
v -0.138801 -0.219088 0.099915
v -0.149318 -0.224199 0.074763
v -0.154895 -0.215934 0.083060
v 0.035178 -0.165561 -0.073648
v 0.056749 -0.173765 -0.091370
v 0.044138 -0.176951 -0.104642
v -0.066974 0.192007 0.410728
v -0.059982 0.203838 0.417313
v -0.074139 0.200638 0.419310
v -0.181080 0.190985 0.389108
v -0.166553 0.197833 0.395469
v -0.170525 0.191257 0.402913
v -0.121910 -0.236335 -0.101236
v -0.129338 -0.232735 -0.107668
v -0.137118 -0.238748 -0.092937
v 0.377706 -0.436528 -0.445630
v 0.386846 -0.434990 -0.461284
v 0.364148 -0.445345 -0.472993
v 0.191880 0.312098 -0.371860
v 0.226811 0.333756 -0.372693
v 0.217409 0.320840 -0.363072
v -0.138252 -0.116143 -0.259357
v -0.149821 -0.118063 -0.273429
v -0.145528 -0.118154 -0.249914
v -0.129128 -0.119036 -0.244915
v -0.148899 -0.107545 0.318447
v -0.144780 -0.113281 0.297796
v -0.141635 -0.103935 0.305754
v 0.325814 0.504457 -0.654068
v 0.312895 0.511362 -0.658785
v 0.327375 0.507485 -0.664133
v -0.458774 -0.063368 -0.148980
v -0.460288 -0.065757 -0.160560
v -0.467439 -0.055956 -0.160982
v -0.447690 -0.057389 -0.135725
v -0.466089 -0.054513 -0.145853
v -0.457547 -0.041830 -0.132357
v -0.453713 0.016542 -0.208371
v -0.450948 0.025056 -0.203522
v -0.463799 0.016884 -0.208211
v -0.191562 -0.122718 0.386776
v -0.200427 -0.127721 0.374086
v 0.046750 -0.204706 0.396468
v -0.033559 0.227264 0.421913
v -0.021795 0.236873 0.426706
v 0.228806 -0.170869 -0.066705
v 0.223905 -0.170270 -0.053375
v 0.220008 -0.163378 -0.058319
v -0.204773 -0.147444 -0.493917
v -0.208235 -0.144542 -0.481333
v -0.205303 -0.145605 -0.472775
v -0.187079 0.191603 0.455395
v -0.177185 0.207696 0.464875
v -0.183570 0.198338 0.472497
v 0.153897 -0.188476 0.288979
v 0.172824 -0.183164 0.298887
v 0.164674 -0.193325 0.271400
v -0.089244 -0.081923 -0.352996
v -0.070699 -0.079148 -0.340828
v -0.078176 -0.069357 -0.363547
v -0.127961 -0.210997 -0.153682
v -0.129795 -0.219939 -0.137966
v -0.111989 -0.216432 -0.142767
v -0.293023 0.155158 -0.349268
v -0.307004 0.149116 -0.344757
v 0.101591 -0.176860 0.310437
v 0.078878 -0.178424 0.318140
v 0.095691 -0.187309 0.322500
v 0.368190 -0.491033 -0.516970
v 0.350898 -0.492058 -0.509156
v 0.371483 -0.481325 -0.516410
v 0.335353 -0.304908 -0.189490
v 0.341168 -0.293324 -0.195028
v 0.340606 -0.294968 -0.209848
v 0.337861 0.387095 -0.484488
v 0.363768 0.418186 -0.507895
v 0.348002 0.413094 -0.520416
v -0.042917 -0.149504 -0.272665
v -0.049735 -0.155974 -0.252715
v -0.056401 -0.161886 -0.238754
v -0.051366 -0.170632 -0.236246
v 0.147176 -0.399018 -0.587655
v 0.149747 -0.381378 -0.572516
v 0.135301 -0.382229 -0.575487
v -0.228919 -0.091656 -0.448387
v -0.218461 -0.084234 -0.450458
v -0.233354 -0.072001 -0.447897
v -0.367678 0.097126 -0.400596
v -0.372709 0.107729 -0.391327
v -0.375092 0.095834 -0.388644
v -0.229218 -0.027646 0.448586
v -0.227498 -0.030848 0.435912
v -0.228780 -0.014407 0.439094
v -0.347407 -0.130320 -0.269902
v -0.348123 -0.125595 -0.259017
v -0.350661 0.086170 -0.187940
v -0.346168 0.084234 -0.197480
v -0.337363 0.093993 -0.195089
v 0.025226 -0.225014 0.702940
v 0.035740 -0.240155 0.699644
v 0.017814 -0.231682 0.701831
v -0.388770 -0.056941 -0.207576
v -0.403527 -0.066768 -0.197056
v -0.391650 -0.071960 -0.193240
v -0.078028 -0.241695 0.598183
v -0.061450 -0.241631 0.574997
v -0.089729 -0.236990 0.589463
v -0.284079 0.123580 -0.232824
v -0.289037 0.118044 -0.242041
v -0.278749 0.143111 -0.244353
v 0.297887 0.344901 -0.250453
v 0.282006 0.336856 -0.244139
v 0.290248 0.353065 -0.256182
v -0.080074 0.101962 -0.255486
v -0.065238 0.106177 -0.264788
v -0.057959 0.115125 -0.252745
v -0.071550 0.166711 0.211626
v -0.084118 0.171766 0.196818
v -0.072057 0.166511 0.193699
v -0.447690 0.050701 -0.197729
v -0.444785 0.039871 -0.207095
v -0.447960 0.048335 -0.211124
v -0.112388 -0.177648 0.321619
v -0.115175 -0.164316 0.311063
v -0.123082 -0.171000 0.323163
v 0.360677 0.487579 -0.587578
v 0.344293 0.487947 -0.595607
v -0.383980 -0.081594 -0.447190
v -0.396907 -0.080601 -0.438947
v -0.394100 -0.092177 -0.442181
v -0.305638 -0.178608 -0.287944
v -0.305141 -0.177122 -0.304930
v -0.315619 -0.172860 -0.296097
v -0.252806 -0.094940 0.587737
v -0.265196 -0.080779 0.614316
v -0.243278 -0.110492 0.594156
v -0.008097 0.145233 -0.078206
v 0.002398 0.144906 -0.095197
v 0.009334 0.138735 -0.087740
v -0.357853 -0.019677 -0.422355
v -0.352810 -0.030893 -0.430496
v -0.427079 -0.059805 -0.214408
v -0.443817 -0.066734 -0.219455
v -0.437086 -0.063877 -0.209899
v -0.012653 -0.218900 0.411108
v -0.376082 0.078853 -0.366916
v -0.369681 0.067211 -0.374623
v -0.370472 0.073428 -0.381321
v 0.030746 0.273428 0.623487
v 0.041818 0.274390 0.630832
v 0.022816 0.273302 0.646507
v -0.485077 -0.033454 -0.335057
v -0.479393 -0.043065 -0.328482
v -0.471011 -0.037185 -0.335930
v -0.293987 -0.115531 -0.183420
v -0.286820 -0.126132 -0.195736
v -0.304486 -0.115385 -0.195708
v -0.016344 0.167607 0.056193
v 0.000554 0.169379 0.046586
v 0.001061 0.177390 0.053826
v -0.028600 0.167235 0.067084
v -0.016386 0.176520 0.060448
v -0.029263 0.178918 0.074401
v 0.035849 0.231218 0.378056
v 0.042247 0.232505 0.363521
v 0.042893 0.220760 0.372332
v -0.345382 -0.149581 -0.391781
v -0.353758 -0.147436 -0.405389
v -0.354578 -0.145126 -0.389384
v 0.179086 0.147327 0.090757
v 0.160494 0.144308 0.076705
v 0.179126 0.143192 0.072093
v 0.173343 -0.240766 0.686649
v 0.193095 -0.237079 0.690065
v 0.015612 0.224119 -0.304494
v 0.008942 0.217592 -0.286739
v -0.112230 -0.243781 -0.073308
v -0.116660 -0.245639 -0.061031
v -0.105202 -0.237051 -0.060130
v -0.048051 0.205178 0.392081
v -0.041320 0.215646 0.398647
v -0.044694 0.207680 0.403983
v 0.160094 -0.159683 -0.011507
v -0.173597 -0.157967 -0.380472
v -0.165027 -0.160178 -0.377629
v -0.146054 0.044136 0.154461
v -0.137194 0.056826 0.155259
v 0.117296 -0.375005 -0.565116
v 0.120495 -0.392083 -0.574242
v -0.331651 -0.060528 -0.445343
v -0.353640 -0.054113 -0.447180
v -0.350449 -0.066230 -0.448779
v 0.175797 -0.251436 -0.369438
v 0.179342 -0.229956 -0.332785
v 0.154105 -0.222184 -0.338851
v -0.028083 -0.235848 -0.231835
v -0.020966 -0.223799 -0.218792
v -0.017690 -0.233089 -0.212884
v -0.008940 -0.233378 -0.192223
v -0.014860 -0.223383 -0.192633
v -0.050418 -0.179722 0.342061
v -0.038393 -0.183982 0.334793
v -0.044593 -0.177630 0.321206
v 0.219846 0.139544 0.045489
v 0.230977 0.137997 0.027156
v 0.229085 0.137777 0.050069
v 0.226249 0.137743 0.071634
v 0.213417 0.139281 0.069774
v -0.313755 -0.134264 -0.287430
v -0.323712 -0.124717 -0.302664
v -0.193355 0.160682 0.343119
v -0.187936 0.164706 0.329388
v -0.194505 0.170843 0.345445
v -0.144113 -0.241681 -0.051831
v -0.153023 -0.233752 -0.066543
v -0.149918 -0.234352 -0.039750
v 0.257500 0.403891 -0.602902
v 0.224736 0.379479 -0.590820
v 0.234211 0.374990 -0.578115
v 0.240942 0.124704 -0.014389
v 0.217493 0.133403 -0.029451
v 0.227959 0.120989 -0.045084
v 0.058653 -0.249144 0.681630
v 0.065370 -0.245301 0.696487
v 0.077006 -0.249229 0.688114
v -0.455724 0.004138 -0.365042
v -0.437458 0.004142 -0.368660
v -0.449941 0.020793 -0.361533
v 0.339300 -0.501253 -0.566280
v 0.331900 -0.505554 -0.552259
v -0.021211 -0.205952 -0.165354
v -0.024230 -0.201381 -0.188728
v -0.027873 -0.197905 -0.166961
v -0.139689 0.050610 0.399736
v -0.124782 0.037054 0.397476
v -0.128952 0.051819 0.395952
v 0.032490 0.190578 0.166841
v 0.040745 0.193170 0.148456
v 0.051205 0.194502 0.154473
v -0.163546 0.179540 -0.037930
v -0.164659 0.174564 -0.058438
v 0.389510 0.445582 -0.499070
v 0.374699 0.441165 -0.480217
v 0.384037 0.452925 -0.502370
v -0.024663 0.251467 0.471776
v -0.005536 0.252966 0.473576
v -0.010015 0.253296 0.483677
v 0.198827 0.141904 0.056292
v 0.211709 0.142032 0.036094
v -0.376133 -0.126445 -0.403082
v -0.374752 -0.135383 -0.410925
v -0.383800 -0.124748 -0.420435
v 0.294038 0.154277 0.420767
v 0.299886 0.143695 0.421337
v 0.297507 0.154402 0.435486
v 0.181266 -0.186044 0.290410
v 0.179730 -0.177248 0.311161
v 0.198698 -0.178163 0.306526
v 0.392573 -0.008036 0.702219
v 0.385747 0.009138 0.702063
v 0.404466 -0.008105 0.697863
v 0.127984 -0.249619 0.658976
v 0.117920 -0.249006 0.678251
v 0.139497 -0.247458 0.671496
v -0.139511 -0.006573 -0.445894
v -0.126150 0.008637 -0.438822
v -0.145900 -0.199279 0.550295
v -0.138379 -0.202289 0.532177
v -0.161995 -0.186956 0.529056
v 0.046902 0.273153 0.671983
v 0.045141 0.270246 0.687617
v 0.026721 0.271511 0.682235
v -0.394161 -0.050339 -0.400618
v -0.402995 -0.051507 -0.415580
v -0.399489 -0.042824 -0.405482
v -0.339211 0.139329 -0.397346
v -0.319158 0.150588 -0.384180
v -0.329301 0.142185 -0.381422
v -0.438054 -0.017443 -0.227110
v -0.448112 -0.014430 -0.238303
v -0.187305 -0.175558 0.043059
v -0.189753 -0.165391 0.066005
v -0.179893 -0.184979 0.058726
v -0.136339 0.218009 0.366294
v -0.146456 0.222652 0.372884
v -0.143325 0.221859 0.351135
v 0.247808 -0.408942 -0.462216
v 0.275073 -0.426836 -0.469131
v 0.271006 -0.434992 -0.479223
v -0.338253 -0.127361 -0.350138
v -0.348630 -0.123341 -0.367769
v -0.345361 -0.118577 -0.352452
v 0.143701 0.221590 -0.132689
v 0.128170 0.208012 -0.157934
v 0.154461 0.226284 -0.144543
v -0.221877 -0.018860 -0.103615
v -0.214091 -0.027463 -0.090115
v -0.178529 0.152791 -0.405087
v -0.180779 0.146741 -0.393307
v -0.158250 0.160815 -0.414702
v -0.159218 0.163405 -0.435394
v -0.150229 0.154735 -0.430298
v -0.186750 -0.163060 -0.012303
v -0.186137 -0.178436 -0.017105
v -0.182721 -0.171893 -0.041470
v 0.228699 0.450793 -0.616373
v 0.240404 0.463183 -0.626457
v 0.237108 0.454754 -0.612581
v -0.087255 -0.073747 0.291599
v -0.094475 -0.083393 0.282479
v 0.415639 -0.000919 0.609449
v 0.412472 -0.018939 0.611018
v 0.416619 -0.001449 0.643744
v -0.131969 0.193311 0.313305
v 0.328236 0.411146 -0.304526
v -0.132453 -0.159469 0.296686
v -0.129904 -0.163715 0.312339
v -0.124687 -0.161547 0.302101
v -0.100302 -0.165005 0.299296
v 0.146418 0.274984 0.651121
v 0.162016 0.273175 0.655797
v -0.293446 0.080236 0.690014
v -0.287954 0.073663 0.695840
v -0.295333 0.080420 0.684494
v 0.362733 -0.004113 0.424765
v 0.368247 0.007645 0.429305
v 0.367499 0.015986 0.417958
v 0.050133 0.287079 -0.495043
v 0.074041 0.291601 -0.511232
v 0.076173 0.309095 -0.518896
v -0.390437 0.073143 -0.418498
v -0.389807 0.077861 -0.437860
v -0.390668 0.083828 -0.430305
v -0.210764 -0.037636 -0.028135
v -0.216062 -0.028216 -0.002532
v -0.205430 -0.044453 -0.013471
v -0.170689 0.175694 0.095988
v -0.176322 0.174115 0.085362
v -0.164425 0.185024 0.092283
v 0.191035 0.388314 -0.551307
v 0.205718 0.405686 -0.570119
v 0.219537 0.395752 -0.545928
v -0.038389 -0.192534 -0.271921
v -0.040166 -0.208238 -0.278108
v -0.038454 -0.196468 -0.287002
v 0.006357 -0.155560 0.301331
v -0.008475 -0.164136 0.306243
v 0.007396 -0.167172 0.306297
v -0.437345 0.022968 -0.224832
v -0.440433 0.019556 -0.212638
v 0.032393 -0.251705 -0.330539
v 0.022066 -0.258122 -0.338192
v 0.010832 -0.248725 -0.322089
v -0.449270 -0.010993 -0.363599
v -0.466952 -0.012903 -0.358170
v -0.030106 -0.205099 0.340071
v -0.037684 -0.195694 0.355493
v -0.031408 -0.211373 0.355181
v -0.206962 -0.042179 -0.453656
v -0.241360 -0.059499 -0.452108
v -0.226053 -0.062923 -0.449569
v 0.119420 0.170376 -0.066563
v 0.126828 0.184719 -0.078263
v 0.142303 0.195605 -0.070355
v 0.167473 0.185014 -0.215562
v 0.170172 0.175526 -0.188142
v 0.194382 0.203995 -0.205278
v 0.238019 0.025870 -0.165528
v 0.236465 0.012728 -0.179487
v 0.241356 0.005148 -0.173615
v -0.375842 0.043991 -0.372232
v 0.058487 0.314235 -0.480371
v 0.055449 0.323567 -0.497576
v 0.072478 0.328260 -0.500911
v -0.302040 -0.005538 -0.152160
v -0.288623 0.013421 -0.149380
v -0.284315 0.000324 -0.147947
v -0.366748 0.117433 -0.426816
v -0.357839 0.125375 -0.419822
v -0.357695 0.117963 -0.411568
v -0.490378 0.069123 -0.323026
v -0.494676 0.081006 -0.315669
v -0.499985 0.072834 -0.314060
v 0.357546 0.486848 -0.513328
v 0.345101 0.486526 -0.518625
v 0.356875 0.497399 -0.528531
v -0.076051 -0.194612 0.093613
v -0.260810 -0.081695 -0.142898
v -0.245697 -0.073179 -0.132877
v -0.244590 -0.090861 -0.147644
v 0.078866 -0.161896 -0.017718
v 0.064110 -0.160896 -0.018096
v 0.061467 -0.158901 -0.007870
v 0.061360 -0.161971 -0.035002
v -0.018353 0.270002 0.659029
v -0.026579 0.268566 0.636886
v -0.010528 0.269876 0.636591
v -0.137989 0.091086 0.701930
v -0.133975 0.113348 0.701689
v -0.125132 0.103691 0.700903
v -0.191912 0.154701 0.419168
v -0.186353 0.175065 0.423837
v -0.195065 0.157240 0.431156
v 0.290677 -0.097032 0.409998
v 0.291629 -0.111852 0.419528
v 0.299124 -0.103405 0.420801
v 0.263077 -0.244788 -0.118884
v 0.266644 -0.235219 -0.100903
v 0.271115 -0.229319 -0.108953
v -0.233479 -0.121772 0.679009
v -0.216644 -0.136350 0.691549
v -0.220543 -0.135871 0.680082
v -0.158539 0.083385 -0.080686
v -0.157059 0.083157 -0.062153
v -0.165585 0.075387 -0.077781
v -0.167471 0.074760 -0.114095
v -0.036716 -0.227074 0.515020
v -0.073931 -0.221089 0.522505
v -0.065112 -0.228430 0.533921
v 0.256752 -0.211482 0.693837
v 0.251309 -0.199845 0.702457
v 0.021171 -0.373184 -0.474216
v 0.024852 -0.379971 -0.485845
v 0.009074 -0.372964 -0.478651
v 0.269050 0.373552 -0.419436
v 0.249926 0.361075 -0.415040
v 0.258788 0.362027 -0.437397
v -0.092266 0.203070 0.003806
v -0.101236 0.216624 0.000316
v -0.090748 0.206722 -0.017267
v 0.110911 -0.366346 -0.488248
v 0.084772 -0.351522 -0.474332
v -0.307744 -0.005322 -0.462802
v -0.288077 -0.022878 -0.468783
v -0.298679 0.002630 -0.466346
v -0.063192 0.263139 0.591820
v -0.052726 0.261698 0.574528
v -0.033191 0.263162 0.576095
v -0.037057 -0.273433 -0.274502
v -0.045983 -0.291639 -0.281290
v -0.047331 -0.281959 -0.264022
v -0.136924 -0.081258 0.339737
v -0.150203 -0.094146 0.326445
v -0.139822 -0.086546 0.329142
v -0.141671 -0.184643 0.432883
v -0.127644 -0.186155 0.426582
v 0.210629 -0.187805 0.702886
v 0.201358 -0.176094 0.703001
v 0.215480 -0.169306 0.703365
v -0.294897 0.042938 0.633933
v -0.299024 0.038871 0.659815
v -0.298432 0.021494 0.637302
v -0.163748 0.078718 -0.160425
v -0.179182 0.077194 -0.179774
v -0.159816 0.080476 -0.176556
v -0.512541 -0.000030 -0.314665
v -0.508040 -0.007778 -0.306311
v -0.405817 -0.020311 -0.362811
v -0.412144 -0.033027 -0.351096
v -0.398326 -0.032063 -0.357103
v 0.202166 -0.294274 -0.261704
v 0.195886 -0.288384 -0.245113
v 0.211547 -0.303408 -0.254932
v -0.140552 -0.127280 -0.151343
v -0.141374 -0.123052 -0.164093
v -0.150070 -0.117421 -0.142175
v 0.379376 0.434661 -0.452207
v 0.384516 0.434558 -0.472151
v 0.392847 0.429832 -0.457426
v -0.392734 0.044001 -0.225471
v -0.406808 0.046845 -0.218234
v -0.408338 0.043799 -0.240780
v -0.174022 0.051433 -0.013910
v -0.168421 0.052413 0.008089
v 0.313824 0.145389 0.437172
v 0.328090 0.139014 0.444357
v 0.317901 0.151321 0.448745
v 0.373842 0.028862 0.395790
v 0.347731 0.050770 0.393969
v 0.363424 0.039124 0.393638
v 0.277864 -0.236185 -0.137105
v 0.280732 -0.244616 -0.141085
v 0.270885 -0.247575 -0.131696
v 0.346660 0.491343 -0.652240
v 0.345192 0.484655 -0.659943
v 0.316329 -0.062060 0.405945
v 0.327448 -0.066071 0.419831
v 0.323181 -0.055746 0.398277
v -0.343492 -0.107840 -0.214410
v -0.351156 -0.091173 -0.205478
v -0.372024 -0.077626 -0.193933
v -0.282646 0.078136 -0.172445
v -0.285680 0.054898 -0.160530
v -0.294630 0.063813 -0.166529
v -0.119832 -0.233145 0.021830
v -0.107262 -0.225988 0.010719
v -0.123106 -0.236711 0.001866
v 0.234468 -0.284374 -0.387357
v 0.255038 -0.309973 -0.413874
v 0.256861 -0.298485 -0.393237
v -0.380139 -0.047105 -0.446343
v -0.376539 -0.030856 -0.437258
v -0.395497 -0.035578 -0.436961
v -0.390876 -0.050287 -0.444676
v -0.401075 -0.052593 -0.432409
v -0.341927 -0.042828 -0.438782
v -0.325349 -0.048706 -0.445585
v -0.327233 -0.031333 -0.441892
v 0.088394 -0.325966 -0.512962
v 0.081960 -0.334693 -0.522638
v 0.093833 -0.336284 -0.525188
v 0.093045 0.197879 0.166091
v 0.120077 0.199539 0.181194
v 0.103236 0.202061 0.190453
v -0.316932 0.139806 -0.402357
v -0.331393 0.143590 -0.403814
v -0.048886 0.160821 -0.267626
v -0.046100 0.150808 -0.255415
v -0.046129 0.135309 -0.258967
v -0.047119 -0.181187 0.031114
v -0.029272 -0.173213 0.034093
v -0.029158 -0.169017 0.022032
v 0.337293 0.402853 -0.279875
v 0.346243 0.407744 -0.294284
v 0.350547 0.403449 -0.285421
v 0.354446 0.481601 -0.626110
v 0.356584 0.472293 -0.624086
v 0.363836 0.471636 -0.612379
v 0.271348 -0.338778 -0.235051
v 0.262058 -0.341796 -0.243874
v -0.381821 0.027225 -0.385091
v -0.174909 0.195716 0.352705
v -0.169749 0.195013 0.340139
v -0.165035 0.206002 0.353682
v -0.158923 -0.116929 0.079599
v -0.161922 -0.121477 0.094177
v -0.169939 -0.129847 0.085904
v -0.034836 -0.206501 -0.347322
v -0.031380 -0.197899 -0.355536
v -0.024621 -0.181876 -0.346758
v -0.085665 -0.204680 0.087167
v -0.083005 -0.200019 0.102490
v -0.170462 0.132811 0.307516
v -0.176110 0.122387 0.315680
v -0.164417 0.120982 0.309329
v 0.401050 0.401543 -0.380725
v 0.399028 0.415403 -0.382316
v 0.406505 0.411639 -0.390567
v 0.341756 -0.377603 -0.267660
v 0.344262 -0.388527 -0.272101
v 0.332855 -0.383464 -0.266169
v 0.077758 0.197333 0.163401
v 0.060646 0.197461 0.166134
v 0.230652 0.316157 -0.277853
v 0.209873 0.290986 -0.265134
v -0.170418 -0.172241 -0.416176
v -0.170729 -0.172997 -0.426551
v -0.170782 -0.155315 -0.428987
v 0.208535 0.075921 -0.142021
v 0.229720 0.057275 -0.141586
v 0.220638 0.082457 -0.118504
v 0.392920 0.130195 0.685428
v -0.063629 -0.131011 -0.262439
v -0.068605 -0.135105 -0.249511
v -0.055069 -0.145455 -0.255569
v -0.374047 -0.037175 -0.126083
v -0.404202 -0.062465 -0.131363
v -0.390627 -0.035125 -0.120040
v 0.229688 0.305725 -0.171671
v 0.221485 0.289044 -0.165334
v 0.211438 0.297628 -0.173967
v -0.282349 0.006523 -0.469416
v -0.295024 0.020803 -0.466445
v -0.474026 -0.108943 -0.311461
v -0.464332 -0.106560 -0.320081
v -0.473014 -0.099547 -0.329054
v 0.121363 -0.184385 0.386394
v 0.130331 -0.190457 0.373555
v 0.100556 -0.193596 0.388478
v -0.098534 -0.235235 0.613625
v -0.092262 -0.234387 0.635780
v -0.038541 0.209305 -0.240288
v 0.048779 0.219650 -0.267838
v 0.040688 0.217206 -0.255535
v 0.028597 0.217625 -0.270634
v -0.396200 -0.050705 -0.218641
v -0.385762 -0.048791 -0.238787
v -0.402151 -0.052059 -0.234475
v -0.158147 -0.076939 0.370745
v -0.173450 -0.082556 0.380849
v -0.171946 -0.079714 0.362589
v 0.180274 -0.314653 -0.350275
v 0.201034 -0.336240 -0.372676
v 0.177163 -0.315627 -0.367276
v 0.163241 0.202310 -0.063042
v 0.149652 0.218116 -0.076514
v -0.139818 0.220523 0.433026
v -0.139525 0.210621 0.421159
v -0.122670 0.208020 0.422501
v -0.508853 -0.036093 -0.308694
v -0.514486 -0.031976 -0.301999
v -0.520250 -0.039067 -0.298193
v 0.377112 -0.351937 -0.349749
v 0.381902 -0.363951 -0.369560
v 0.381644 -0.361594 -0.351371
v -0.291329 0.131036 -0.260279
v -0.287515 0.135331 -0.250368
v -0.408560 0.054522 -0.206988
v -0.394755 0.061481 -0.189996
v -0.415123 0.065453 -0.196583
v -0.112123 -0.121303 -0.444320
v -0.114087 -0.134302 -0.431137
v -0.111134 -0.111167 -0.432756
v 0.173228 -0.243848 0.663467
v 0.180686 -0.241606 0.674283
v 0.186912 -0.241152 0.650454
v 0.343054 0.112245 0.701261
v 0.355834 0.086166 0.701493
v 0.340950 0.095838 0.702120
v -0.373362 0.119018 -0.376588
v -0.027157 -0.166238 -0.302125
v 0.224285 0.202720 0.462544
v 0.240861 0.193256 0.461609
v -0.156712 -0.145801 0.154673
v -0.160601 -0.133934 0.130719
v -0.150886 -0.132475 0.157078
v -0.397688 -0.040386 -0.355510
v 0.007515 0.293567 -0.451123
v -0.007246 0.295413 -0.451982
v 0.227147 0.165058 0.356263
v 0.216582 0.171340 0.369943
v 0.199777 0.171781 0.352204
v 0.344327 -0.081966 0.437499
v 0.352905 -0.059908 0.430738
v -0.169674 0.014966 0.701841
v -0.167649 -0.012928 0.702413
v -0.186212 0.016051 0.703159
v -0.138448 0.105354 -0.176603
v -0.145718 0.110397 -0.158862
v -0.145930 0.095462 -0.156368
v -0.079166 0.258557 0.682245
v -0.077248 0.252556 0.696527
v -0.094079 0.255012 0.686441
v 0.131046 -0.025652 -0.279862
v 0.155671 -0.031926 -0.247003
v 0.007748 -0.242375 0.374735
v 0.016916 -0.234744 0.390002
v 0.022495 -0.241186 0.364221
v -0.387592 -0.086435 -0.335720
v -0.394650 -0.088278 -0.324098
v -0.385079 -0.095328 -0.322497
v -0.508115 -0.020914 -0.307465
v -0.515137 -0.013096 -0.297051
v -0.513067 -0.002684 -0.300532
v -0.184132 -0.058689 0.411771
v -0.188265 -0.034743 0.409705
v -0.197038 -0.055471 0.412646
v -0.006920 0.244515 0.436503
v -0.013884 0.236406 0.420848
v -0.003151 0.240493 0.424519
v 0.313228 0.293850 -0.178947
v 0.305992 0.301580 -0.176471
v 0.317093 0.300472 -0.188102
v -0.137397 -0.133740 -0.370289
v -0.126682 -0.111508 -0.355280
v -0.124337 -0.113633 -0.369125
v -0.119201 -0.044467 0.186811
v -0.124659 -0.050561 0.164557
v -0.137892 -0.027826 0.166425
v -0.215991 -0.032085 0.415756
v -0.209753 -0.046699 0.413474
v -0.203956 -0.034899 0.411304
v 0.362957 0.052132 0.701885
v 0.396184 0.039259 0.702663
v -0.480462 0.124679 -0.285322
v -0.465367 0.130383 -0.301504
v -0.461735 0.131157 -0.291382
v -0.126073 0.088531 0.181123
v -0.125128 0.079161 0.170964
v -0.130492 0.088566 0.155872
v 0.234508 0.151125 0.131722
v 0.242432 0.141686 0.124089
v 0.253169 0.146074 0.141137
v 0.339286 -0.116279 0.295098
v 0.335567 -0.126276 0.278103
v 0.330657 -0.127664 0.301727
v -0.113525 -0.227381 0.031821
v -0.101940 -0.218033 0.027960
v 0.008835 0.195591 -0.384630
v -0.005142 0.191302 -0.374233
v 0.005013 0.181695 -0.356678
v 0.015744 -0.367240 -0.487898
v 0.024777 -0.377316 -0.495710
v 0.382782 -0.357911 -0.332545
v 0.376815 -0.367933 -0.335756
v 0.377350 -0.369101 -0.318848
v 0.395259 0.432947 -0.435168
v -0.055524 -0.241249 -0.304180
v -0.047758 -0.231219 -0.285732
v -0.055756 -0.255319 -0.287679
v -0.078600 0.027792 0.330625
v -0.080712 0.047059 0.309485
v -0.078279 0.037185 0.335333
v -0.042996 0.208992 0.352085
v 0.223337 0.297438 -0.243005
v 0.243905 0.310184 -0.225574
v 0.209376 0.290137 -0.230162
v 0.409830 0.034311 0.693800
v 0.397882 0.022766 0.702817
v 0.314649 0.287742 -0.204555
v 0.321153 0.291849 -0.214101
v 0.308757 0.286341 -0.214863
v -0.392248 -0.018027 -0.375781
v -0.389544 -0.016257 -0.384782
v -0.386136 -0.002288 -0.386999
v 0.294823 -0.114508 0.138667
v 0.311544 -0.107797 0.150392
v 0.306455 -0.107074 0.131819
v 0.300498 0.217069 0.702423
v 0.304597 0.204046 0.702447
v 0.289121 0.211951 0.701433
v -0.128586 0.127988 -0.466762
v 0.221107 0.328747 -0.510445
v 0.246662 0.328709 -0.482776
v 0.254832 0.341410 -0.497184
v -0.157102 0.121223 0.301303
v -0.166430 0.110858 0.312026
v 0.202623 -0.273273 -0.390456
v 0.222733 -0.303168 -0.426963
v -0.139976 0.199340 0.318746
v -0.133128 0.207785 0.330684
v 0.221932 0.243163 -0.108286
v 0.223636 0.248819 -0.129530
v 0.230577 0.245007 -0.123318
v 0.312533 0.330742 -0.245044
v 0.334623 0.327870 -0.246035
v 0.010747 -0.151657 0.017525
v 0.012376 -0.159713 0.026738
v -0.216403 0.068412 -0.166569
v -0.224220 0.052551 -0.142854
v -0.235407 0.059061 -0.156501
v -0.238279 0.087195 -0.452419
v -0.245071 0.076485 -0.448668
v -0.237067 0.068402 -0.451972
v -0.068407 0.176755 0.053024
v -0.064633 0.172779 0.027593
v -0.052710 0.164199 0.035967
v 0.317539 0.018325 -0.046102
v 0.319165 0.001051 -0.046729
v 0.326310 0.029674 -0.008766
v 0.166677 -0.159224 0.017226
v 0.146642 -0.163655 0.020259
v 0.162206 -0.161431 0.029957
v -0.011468 0.142968 0.035253
v -0.009787 0.157541 0.047201
v -0.023036 0.146545 0.039356
v 0.041622 -0.191196 0.321715
v 0.046465 -0.178978 0.317511
v -0.168041 -0.185648 -0.422110
v -0.158355 -0.185628 -0.416920
v -0.154221 -0.191722 -0.435918
v -0.175893 0.080614 0.393680
v -0.183263 0.079900 0.380263
v -0.380260 0.087159 -0.347696
v -0.376271 0.097350 -0.348361
v -0.382318 0.084711 -0.337513
v -0.512475 0.006416 -0.264826
v -0.511785 -0.005603 -0.257588
v -0.261750 -0.162994 -0.338210
v -0.251232 -0.162444 -0.318412
v -0.228612 -0.152196 -0.342716
v -0.186030 -0.103332 0.353051
v -0.188259 -0.114132 0.350179
v -0.180575 -0.107987 0.342526
v -0.271836 0.134731 -0.231126
v -0.280123 0.151138 -0.255571
v 0.329863 0.301820 -0.228690
v 0.332964 0.314028 -0.235894
v 0.333528 0.304961 -0.241473
v 0.275722 0.368691 -0.315057
v 0.290691 0.380750 -0.321931
v 0.278618 0.378177 -0.303054
v 0.041113 -0.205840 -0.184825
v 0.046263 -0.200203 -0.167188
v 0.062085 -0.199661 -0.176170
v 0.009379 -0.195425 -0.121006
v 0.007069 -0.180856 -0.097066
v 0.019869 -0.181387 -0.109895
v 0.239925 -0.298808 -0.185949
v 0.172345 0.202593 0.436197
v 0.184569 0.194362 0.438306
v -0.295808 -0.158622 -0.352535
v -0.286460 -0.156360 -0.360830
v -0.305567 -0.152370 -0.367298
v -0.097224 -0.057270 0.360724
v -0.086051 -0.045923 0.351687
v -0.096781 -0.042695 0.376411
v 0.402659 -0.006169 0.363545
v 0.392999 -0.005981 0.375998
v 0.404508 0.008255 0.373177
v 0.044201 0.199062 -0.214639
v 0.028650 0.212889 -0.225875
v 0.052545 0.203037 -0.219512
v -0.142636 0.188284 0.311207
v -0.082477 -0.044617 0.336355
v -0.081167 -0.042759 0.322906
v -0.176783 0.189727 0.419518
v -0.181476 0.180058 0.411607
v -0.249360 0.139202 0.702645
v -0.241445 0.128586 0.701627
v -0.257774 0.123808 0.700713
v -0.177387 0.183775 0.314542
v -0.166800 0.180751 0.311167
v -0.485350 -0.023729 -0.244658
v -0.489863 -0.032803 -0.240614
v 0.289036 0.388623 -0.428481
v 0.302768 0.411020 -0.409538
v 0.290784 0.395699 -0.415372
v -0.014062 0.155398 -0.098131
v -0.000675 0.159421 -0.116513
v 0.000580 0.152918 -0.106641
v -0.120844 -0.149433 0.702619
v -0.078275 -0.156890 0.701889
v -0.116646 -0.159297 0.702975
v -0.195952 0.138964 0.319516
v -0.181969 0.151214 0.318378
v -0.190863 0.153106 0.326637
v 0.074318 -0.174297 0.064266
v 0.052743 -0.168619 0.047571
v 0.059825 -0.186940 0.057394
v -0.151230 0.177905 0.172066
v -0.154856 0.167267 0.170002
v -0.153583 0.176888 0.153735
v -0.118027 -0.100543 -0.368972
v -0.116687 -0.099555 -0.352302
v -0.110417 -0.089497 -0.369598
v 0.256878 -0.215639 -0.071089
v 0.242824 -0.212280 -0.065197
v 0.246120 -0.203750 -0.064672
v 0.261144 -0.134880 0.147372
v 0.267089 -0.127468 0.138479
v 0.245664 -0.135826 0.131655
v 0.105688 -0.182050 0.422988
v -0.023099 -0.202469 -0.095754
v -0.023535 -0.194077 -0.076987
v -0.008574 -0.195136 -0.100331
v 0.321966 0.181612 0.509961
v 0.299795 0.194934 0.507339
v 0.316729 0.175570 0.483580
v 0.128002 0.212386 -0.362396
v 0.138137 0.223610 -0.376196
v 0.119818 0.229330 -0.406054
v -0.203079 0.011097 0.042659
v -0.207243 -0.008853 0.059367
v -0.213543 -0.008562 0.032662
v -0.035297 -0.190899 0.059456
v -0.046222 -0.196625 0.081683
v -0.210362 0.018420 -0.045201
v -0.215035 0.005918 -0.020534
v -0.039839 0.216438 0.414247
v -0.010569 0.108980 -0.285005
v -0.003769 0.089681 -0.294573
v 0.004884 0.093663 -0.289842
v -0.474981 -0.055609 -0.199572
v -0.118170 0.075280 0.366838
v -0.110617 0.063763 0.372002
v -0.103678 0.069865 0.355891
v -0.244234 0.079579 -0.177977
v -0.231274 0.068802 -0.168002
v 0.271073 0.371994 -0.292689
v 0.270272 0.364568 -0.280018
v 0.257460 0.356339 -0.289617
v 0.177353 0.059397 -0.201555
v 0.169036 0.054297 -0.216735
v 0.189392 0.044490 -0.206327
v -0.091371 0.219593 -0.081030
v -0.099656 0.224214 -0.093953
v -0.087205 0.213123 -0.101782
v -0.045915 -0.087360 -0.320801
v -0.041969 -0.077248 -0.332043
v -0.066893 -0.095447 -0.314289
v -0.477056 0.004297 -0.198064
v -0.481895 0.007115 -0.182660
v -0.478578 -0.010098 -0.187552
v -0.395317 -0.066907 -0.408394
v -0.388776 -0.066451 -0.396859
v -0.388382 -0.085804 -0.405271
v -0.238698 0.097184 -0.422642
v -0.231599 0.105595 -0.415800
v -0.242627 0.118442 -0.404540
v -0.011810 -0.110312 -0.308105
v -0.026363 -0.099771 -0.309975
v -0.036310 -0.106999 -0.307000
v -0.377008 0.055235 -0.355181
v 0.357601 -0.011739 0.407221
v 0.368934 -0.015355 0.390167
v 0.348645 -0.028273 0.396063
v 0.198306 0.143329 -0.007523
v 0.162903 0.302263 -0.374920
v 0.173250 0.315474 -0.388715
v 0.191437 0.318382 -0.380082
v 0.305853 0.127440 0.422404
v 0.300880 0.117271 0.418899
v 0.307457 0.110682 0.421347
v -0.384899 0.016399 -0.383120
v -0.398375 0.010456 -0.377960
v -0.387371 0.010297 -0.383286
v -0.143709 -0.188929 0.354864
v -0.136671 -0.194447 0.348014
v -0.140004 -0.182778 0.340242
v 0.331630 0.466146 -0.638269
v 0.329544 0.474492 -0.653249
v 0.316484 0.462069 -0.645162
v -0.212561 -0.152388 0.579419
v -0.199740 -0.164975 0.562247
v -0.216783 -0.146314 0.560705
v 0.298659 -0.561046 -0.668780
v -0.147012 0.214985 0.424911
v -0.156218 0.209400 0.419265
v -0.147214 0.208804 0.411726
v -0.335787 -0.041878 -0.150686
v -0.359387 -0.051111 -0.142379
v -0.344519 -0.014947 -0.141702
v 0.306338 0.447947 -0.547509
v 0.317250 0.458617 -0.530508
v 0.300626 0.440454 -0.527923
v 0.219897 0.224406 0.699963
v 0.202957 0.218179 0.699417
v 0.203341 0.234514 0.700390
v -0.467073 0.067920 -0.221169
v -0.460436 0.077303 -0.227829
v -0.455952 0.074570 -0.216476
v -0.336037 0.064490 -0.249111
v -0.347577 0.069151 -0.271341
v -0.326517 0.078635 -0.252236
v -0.120064 -0.241625 -0.090629
v -0.122294 -0.247260 -0.071223
v 0.330948 0.193568 0.546129
v 0.337368 0.202659 0.572513
v 0.321891 0.203533 0.553503
v -0.515110 0.002953 -0.289443
v -0.520216 0.007054 -0.302561
v -0.514383 0.015424 -0.286096
v -0.359727 -0.007806 -0.415363
v -0.350170 -0.008459 -0.419705
v 0.152358 -0.169921 0.702431
v 0.145646 -0.185870 0.702647
v 0.137769 -0.177331 0.701835
v 0.160217 -0.159123 0.004746
v 0.030505 -0.215850 0.188210
v 0.340315 -0.081695 0.180266
v 0.332911 -0.075087 0.141789
v 0.326643 -0.094184 0.156987
v -0.090528 -0.209905 0.039201
v -0.087795 -0.209634 0.010758
v 0.238876 -0.368495 -0.366283
v 0.259936 -0.387685 -0.386862
v 0.244168 -0.373400 -0.382257
v -0.359779 0.028023 -0.431915
v -0.345980 0.034279 -0.437595
v -0.363561 0.042489 -0.442406
v 0.077813 -0.401763 -0.545627
v 0.067753 -0.400631 -0.537033
v 0.402776 0.036409 0.547556
v 0.400451 0.068796 0.556086
v 0.400292 0.046483 0.541907
v 0.260178 0.211981 0.699365
v 0.268726 0.224362 0.699007
v 0.277353 0.212153 0.699415
v -0.204084 -0.156451 0.528164
v -0.202742 -0.159246 0.545814
v -0.181430 -0.175873 0.545349
v 0.342678 -0.295307 -0.225232
v 0.334346 -0.306838 -0.215203
v 0.190396 -0.150874 0.088408
v 0.169094 -0.153643 0.083711
v 0.175977 -0.156890 0.103242
v -0.330752 -0.154220 -0.364824
v -0.342230 -0.150003 -0.375132
v -0.342461 -0.142963 -0.362730
v -0.179313 -0.138423 -0.324595
v -0.181090 -0.144303 -0.341282
v -0.192213 -0.139931 -0.324478
v -0.382991 -0.064506 -0.135816
v -0.029977 -0.210184 0.397256
v -0.017595 -0.216804 0.390687
v -0.026880 -0.213901 0.388843
v -0.146717 0.209085 -0.010777
v -0.150818 0.198386 -0.031960
v -0.141878 0.215981 -0.008507
v -0.101083 0.255855 -0.310784
v -0.098126 0.237619 -0.313145
v -0.098305 0.250213 -0.329893
v -0.112939 -0.093444 0.196331
v -0.132885 -0.106265 0.183969
v -0.122185 -0.097539 0.182352
v -0.066731 -0.234783 0.672217
v -0.068069 -0.236703 0.650572
v -0.104252 -0.223243 0.672066
v 0.379230 0.393353 -0.313866
v 0.366124 0.399400 -0.304160
v 0.364198 0.399629 -0.334196
v -0.004408 -0.205521 0.315203
v -0.015024 -0.195506 0.314522
v -0.020004 -0.202277 0.322267
v -0.420043 0.009482 -0.108381
v -0.392748 0.013731 -0.112016
v -0.424870 -0.000669 -0.110552
v -0.062105 0.286996 -0.420685
v -0.057777 0.293798 -0.414696
v -0.069246 0.291075 -0.404938
v -0.332708 -0.126825 -0.271323
v -0.328541 -0.127260 -0.255078
v -0.195841 -0.135905 0.334221
v -0.199540 -0.137391 0.346795
v -0.195995 -0.146761 0.358306
v -0.107541 0.099406 -0.311232
v -0.090631 0.095019 -0.313060
v -0.096393 0.095680 -0.294925
v 0.314920 -0.269975 -0.197769
v 0.327822 -0.280657 -0.213792
v 0.332737 -0.283885 -0.204078
v -0.010425 -0.231252 0.112966
v -0.006427 -0.232416 0.101118
v -0.021463 -0.231630 0.103236
v 0.399332 0.033870 0.305313
v 0.403586 0.028239 0.346579
v 0.397039 0.036819 0.343780
v -0.127048 0.103240 -0.389629
v -0.126934 0.102417 -0.408990
v -0.124422 0.086595 -0.386789
v -0.091971 0.285070 -0.326545
v -0.100511 0.271707 -0.322404
v -0.096145 0.281163 -0.342556
v 0.065713 0.330354 -0.512766
v 0.053952 0.322560 -0.507535
v 0.333475 0.498563 -0.649132
v 0.338916 0.502133 -0.662935
v 0.238310 -0.420597 -0.481214
v 0.242064 -0.194226 0.701857
v 0.266406 -0.189563 0.704626
v -0.508861 0.053905 -0.335019
v -0.497499 0.058714 -0.337117
v -0.500618 0.060523 -0.325189
v -0.160287 0.123976 0.092024
v -0.161524 0.126424 0.070387
v -0.167519 0.132113 0.078132
v -0.166753 0.132338 0.101003
v 0.139087 0.100453 0.702720
v 0.146770 0.071474 0.703031
v 0.123147 0.098429 0.702690
v 0.106634 -0.333303 -0.521778
v 0.099163 -0.342356 -0.531575
v 0.013450 -0.223292 0.146903
v 0.009563 -0.228482 0.121308
v 0.294564 -0.127608 0.367475
v 0.288304 -0.135862 0.375052
v 0.284821 -0.130838 0.388761
v 0.206203 0.215262 0.476722
v 0.227321 0.213659 0.488853
v 0.221390 0.227195 0.522281
v -0.337260 -0.117309 -0.336739
v -0.328656 -0.136244 -0.333448
v -0.362787 0.120513 -0.351672
v -0.131169 0.205243 0.402758
v -0.133611 0.213792 0.384239
v -0.122852 0.201060 0.388807
v -0.449038 0.053610 -0.187443
v -0.443708 0.062328 -0.182109
v -0.455718 0.053745 -0.172217
v -0.219457 0.097164 -0.438816
v -0.226316 0.093180 -0.430028
v -0.235140 0.093667 -0.443109
v -0.174004 -0.133540 0.069999
v -0.173355 -0.134302 0.035514
v -0.164279 -0.120301 0.038465
v -0.218075 -0.044322 -0.112606
v -0.203492 -0.056209 -0.102756
v -0.216862 -0.053232 -0.113016
v 0.097049 0.205889 0.336612
v 0.079203 0.209744 0.326296
v 0.087559 0.195662 0.322866
v 0.322534 0.296638 -0.235183
v 0.058451 -0.231041 0.702245
v 0.077336 -0.237705 0.701560
v -0.220082 -0.085859 0.443822
v -0.214972 -0.072840 0.425822
v -0.223900 -0.068866 0.442429
v -0.186143 0.131062 -0.333472
v -0.186646 0.133696 -0.346796
v -0.170994 0.131438 -0.338325
v 0.243776 0.188587 0.698829
v 0.257888 0.198107 0.699161
v 0.249049 0.179692 0.698874
v -0.487585 -0.068221 -0.325971
v -0.504452 -0.072183 -0.316902
v -0.494235 -0.079627 -0.325355
v 0.384863 0.441060 -0.525010
v 0.382725 0.427425 -0.501984
v 0.391012 0.435249 -0.500826
v 0.409250 0.488713 -0.553304
v 0.400722 0.490787 -0.543313
v 0.400516 0.498250 -0.553607
v -0.386375 0.065471 -0.341988
v -0.373431 0.064341 -0.358128
v 0.407629 -0.425805 -0.436985
v 0.403528 -0.432219 -0.426895
v 0.407580 -0.420253 -0.429193
v 0.231703 0.216931 -0.084031
v 0.223050 0.219422 -0.072082
v 0.231321 0.228457 -0.083528
v 0.302687 0.309323 -0.198327
v 0.314212 0.308971 -0.212496
v 0.317232 0.303587 -0.196465
v -0.149364 -0.132141 0.243392
v -0.150411 -0.159853 0.234783
v -0.151751 -0.143337 0.225247
v -0.189349 -0.080996 -0.113673
v -0.217182 -0.069444 -0.119132
v -0.203845 -0.067797 -0.111817
v -0.169088 -0.157920 -0.410816
v -0.171566 -0.142312 -0.415060
v -0.394306 -0.002880 -0.379310
v -0.116517 -0.006832 0.224562
v -0.123149 0.009731 0.215282
v -0.113368 0.019285 0.237320
v -0.227937 -0.144142 -0.244208
v -0.231084 -0.150466 -0.266207
v -0.250037 -0.154407 -0.240341
v -0.171127 0.078631 0.380322
v 0.005884 -0.226314 0.501850
v 0.040955 -0.225592 0.506844
v 0.010173 -0.226316 0.487562
v 0.022372 0.157652 0.266899
v 0.013165 0.148433 0.272886
v 0.003774 0.146915 0.252019
v 0.319496 0.291558 -0.192043
v 0.208638 0.034058 -0.196781
v 0.215757 0.019475 -0.203144
v 0.228493 0.035968 -0.168938
v -0.338010 -0.104945 -0.246112
v -0.052079 0.162325 -0.278345
v -0.061545 0.175471 -0.280938
v -0.054386 0.175261 -0.266086
v 0.325305 -0.495037 -0.509214
v 0.311373 -0.477295 -0.497622
v 0.327252 -0.480907 -0.496962
v 0.022394 0.217946 -0.425312
v 0.046693 0.217580 -0.423398
v 0.030186 0.235727 -0.448174
v -0.157108 0.184834 -0.058832
v -0.154987 0.192610 -0.022383
v 0.087076 0.142630 0.052537
v 0.082079 0.141820 0.043203
v 0.098185 0.143398 0.038526
v 0.109100 -0.264337 -0.333264
v 0.072757 -0.252301 -0.331360
v 0.083278 -0.249285 -0.314887
v -0.203522 -0.153480 0.496493
v -0.202115 -0.153057 0.480718
v -0.250126 0.017246 0.698827
v -0.245530 0.033298 0.699033
v -0.249158 -0.005918 0.699391
v 0.079207 -0.225069 0.494315
v 0.085265 -0.223007 0.465065
v 0.067096 -0.225309 0.466967
v -0.103538 0.012732 0.394349
v -0.097291 0.010860 0.385039
v -0.102079 0.024579 0.388041
v -0.244119 0.007940 0.498978
v -0.253190 0.042546 0.515235
v -0.251610 0.002104 0.514064
v 0.198211 0.168221 -0.070186
v 0.193542 0.168890 -0.058830
v 0.200404 0.177721 -0.065363
v 0.205627 0.183763 -0.072373
v 0.213022 0.196565 -0.071241
v 0.214437 0.196705 -0.087043
v 0.089471 -0.220333 0.451120
v 0.109718 -0.219035 0.466251
v -0.106572 -0.209329 0.119855
v -0.103460 -0.213725 0.097332
v -0.123901 -0.219795 0.100847
v 0.321016 0.089321 0.379760
v 0.340230 0.083371 0.364576
v 0.332194 0.076903 0.380973
v -0.468757 0.059906 -0.225539
v -0.486380 0.059664 -0.237889
v -0.475724 0.069994 -0.231348
v 0.401013 -0.487773 -0.538848
v 0.395574 -0.487672 -0.531020
v 0.396742 -0.477564 -0.528990
v 0.315933 0.113051 0.425014
v 0.063680 0.253597 0.516457
v 0.040454 0.252960 0.494868
v 0.065986 0.250294 0.498321
v -0.046707 0.207716 0.413295
v -0.049640 0.221107 0.420783
v 0.038685 0.133799 0.703013
v 0.023548 0.146596 0.703145
v 0.037543 0.158475 0.702073
v 0.140587 0.371875 -0.548566
v 0.130810 0.367812 -0.546234
v 0.127341 0.370700 -0.557741
v 0.380633 -0.043093 0.489348
v 0.376231 -0.043107 0.474743
v 0.367869 -0.061812 0.479226
v -0.208799 0.097922 -0.434545
v -0.050834 0.198633 -0.122124
v -0.036500 0.193297 -0.125232
v -0.086792 0.094407 -0.301684
v -0.068874 0.092450 -0.301001
v -0.193189 0.140969 0.412452
v -0.195427 0.145136 0.400348
v -0.190289 0.154436 0.404640
v -0.398826 0.025183 -0.112511
v -0.421167 0.031530 -0.111377
v -0.370759 0.109391 -0.439552
v -0.383007 0.092436 -0.440659
v -0.364600 0.096467 -0.447788
v -0.362207 -0.102528 -0.326216
v -0.375674 -0.106093 -0.316530
v -0.356084 -0.107678 -0.318270
v -0.185037 -0.015291 0.112746
v -0.174931 -0.006617 0.128449
v -0.167457 -0.020720 0.131453
v 0.110646 0.177258 0.108740
v 0.144383 0.169602 0.107980
v 0.105114 -0.211421 -0.216842
v 0.111343 -0.209432 -0.202072
v 0.136827 -0.223672 -0.213563
v 0.005138 0.285217 -0.469592
v 0.011867 0.293747 -0.478160
v 0.397468 -0.433122 -0.487126
v 0.394796 -0.442388 -0.499830
v 0.391887 -0.438125 -0.479075
v -0.018502 0.187854 0.078619
v -0.022866 0.184490 0.093110
v -0.182984 0.162978 -0.455740
v -0.021449 0.256813 0.534263
v -0.049830 0.256797 0.547138
v -0.176259 -0.191861 -0.076354
v -0.172415 -0.184102 -0.097291
v -0.171107 -0.164908 -0.087928
v 0.059187 0.206409 0.395554
v 0.069905 0.208701 0.406396
v 0.049923 0.210265 0.404846
v -0.252054 0.061784 -0.159072
v 0.277763 -0.141833 0.178685
v 0.242068 -0.152423 0.164880
v 0.235699 -0.161886 0.182952
v -0.056453 -0.187352 0.094601
v -0.276325 0.155706 -0.337139
v -0.256125 0.150711 -0.321446
v -0.259149 0.156470 -0.307378
v 0.240350 0.395699 -0.519978
v 0.264500 0.409618 -0.522066
v 0.249098 0.397189 -0.509916
v -0.372869 0.113130 -0.360537
v -0.372731 0.111107 -0.348262
v -0.371545 0.101053 -0.357905
v 0.368823 0.029808 0.435144
v 0.353730 0.037355 0.427755
v 0.361459 0.024817 0.422730
v -0.124228 -0.132058 -0.406193
v -0.123201 -0.145720 -0.422448
v -0.130815 -0.151266 -0.412103
v -0.055635 0.130905 -0.213208
v -0.045539 0.146551 -0.212136
v -0.052912 0.142590 -0.202477
v 0.006776 0.256673 -0.346544
v -0.015337 0.247351 -0.324941
v -0.023691 0.254397 -0.342960
v -0.123381 -0.179491 0.250891
v -0.123246 -0.175077 0.268674
v -0.107868 -0.179354 0.255804
v -0.153744 -0.161783 -0.510643
v 0.232206 -0.363100 -0.374663
v 0.216133 -0.349054 -0.366627
v 0.223490 -0.353339 -0.351221
v -0.015218 0.160951 0.310105
v -0.033662 0.171000 0.316206
v 0.354654 -0.019509 0.422483
v 0.340220 -0.036243 0.417679
v 0.346067 -0.039513 0.422530
v -0.450382 0.066493 -0.200476
v -0.443423 0.064456 -0.192231
v 0.391166 -0.019519 0.702283
v 0.402105 -0.031683 0.701097
v 0.390982 -0.031869 0.701885
v 0.325798 0.107515 0.167094
v 0.329362 0.090623 0.155655
v 0.336175 0.090433 0.175177
v 0.007059 0.261783 -0.362580
v 0.032506 0.267451 -0.369527
v -0.187322 0.045404 -0.040819
v -0.181642 0.058417 -0.073796
v 0.190463 -0.460335 -0.621792
v 0.177222 -0.469089 -0.615542
v 0.215850 -0.483781 -0.636693
v -0.393643 -0.062182 -0.369261
v -0.393906 -0.072415 -0.367826
v -0.390330 -0.068769 -0.382961
v 0.000035 0.214381 0.323238
v -0.016028 0.214647 0.330023
v -0.001152 0.206389 0.313643
v 0.064573 -0.402975 -0.528942
v 0.085459 -0.415770 -0.538187
v 0.061194 -0.398110 -0.517724
v 0.051114 -0.389973 -0.522530
v -0.139133 -0.103743 0.271898
v -0.139935 -0.104709 0.254675
v -0.107231 -0.220385 0.052515
v 0.017812 0.183653 0.701920
v 0.037543 0.158475 0.702073
v -0.028198 0.178034 0.702104
v 0.247705 0.264287 -0.157756
v 0.258323 0.279063 -0.162628
v 0.257601 0.262020 -0.157752
v 0.363315 -0.128182 0.634836
v 0.359964 -0.134387 0.669549
v 0.377844 -0.108640 0.654515
v -0.109768 -0.191550 0.426875
v -0.102493 -0.177203 0.415247
v -0.116527 -0.182171 0.415649
v -0.374997 0.047544 -0.445690
v -0.364681 0.056850 -0.451297
v -0.381398 0.055712 -0.450220
v 0.260221 0.129041 0.115119
v 0.290895 0.115788 0.121258
v 0.270691 0.130701 0.127812
v -0.142969 0.095515 0.315419
v -0.176510 0.143323 0.068755
v -0.208981 -0.153894 0.649622
v -0.229899 -0.131937 0.631246
v -0.222168 -0.138027 0.654315
v 0.367525 0.505191 -0.543038
v 0.373953 0.503062 -0.535412
v -0.309373 -0.162717 -0.343435
v -0.317684 -0.159616 -0.348755
v 0.276647 -0.153371 0.351642
v 0.305139 -0.140447 0.329695
v 0.296100 -0.147869 0.320121
v 0.148716 0.165933 -0.210129
v 0.229136 -0.520277 -0.641607
v 0.234888 -0.531117 -0.634870
v 0.249437 -0.537898 -0.649627
v 0.254434 -0.530337 -0.653952
v 0.260623 -0.542594 -0.655064
v -0.032445 -0.246506 -0.237924
v -0.034333 -0.234817 -0.242255
v -0.343754 0.108814 -0.284006
v -0.337475 0.101991 -0.275761
v -0.201986 0.153824 0.370076
v -0.210206 0.144393 0.365073
v -0.200112 0.155063 0.357476
v 0.407295 0.481297 -0.546054
v 0.357967 -0.500786 -0.525146
v 0.344285 -0.504333 -0.530868
v 0.352416 -0.500988 -0.515888
v -0.387357 -0.038996 -0.368577
v -0.390282 -0.050002 -0.367241
v 0.368311 0.018842 0.429968
v 0.278266 0.218443 0.548751
v 0.257231 0.222854 0.542635
v 0.274661 0.210003 0.522493
v -0.085618 -0.066188 0.276789
v -0.175928 -0.149381 0.331314
v -0.174994 -0.139369 0.320258
v -0.186842 -0.140497 0.327925
v -0.171378 0.178180 -0.008582
v -0.176932 0.164872 -0.026500
v 0.248190 0.164490 0.412761
v 0.253557 0.163400 0.427581
v 0.223757 0.169687 0.430964
v -0.217541 -0.112169 -0.440132
v -0.216264 -0.119169 -0.451661
v -0.226099 -0.106548 -0.446044
v -0.162399 -0.121117 -0.256774
v -0.227106 -0.012499 0.430368
v -0.219468 -0.017379 0.416882
v 0.134717 0.196547 0.413531
v 0.144356 0.209374 0.427854
v 0.132162 0.204644 0.419241
v 0.143364 -0.245061 0.684757
v 0.214326 -0.170394 0.323563
v 0.197810 -0.173565 0.321449
v -0.101790 0.191209 0.419282
v -0.111448 0.195480 0.419805
v -0.110908 0.185535 0.411803
v 0.361524 -0.046416 0.200390
v 0.371246 -0.049559 0.240958
v -0.162725 0.192836 0.045622
v -0.174189 0.183308 0.049651
v -0.169365 0.187373 0.026914
v -0.032512 0.267406 0.659617
v -0.016016 0.268746 0.676027
v 0.185493 -0.493146 -0.618787
v 0.194815 -0.502466 -0.616923
v 0.194170 -0.492931 -0.625489
v -0.042794 0.138521 0.190451
v -0.037694 0.138929 0.165881
v -0.030971 0.134551 0.188224
v 0.161005 -0.464264 -0.606904
v 0.151030 -0.465365 -0.597521
v 0.163108 -0.475421 -0.605040
v 0.221231 0.206277 -0.076031
v -0.210984 0.132880 0.453912
v -0.206515 0.142234 0.444761
v -0.207979 0.157593 0.476584
v 0.209435 0.337311 -0.406729
v 0.174196 0.318641 -0.415090
v 0.207286 0.333903 -0.419062
v 0.209544 -0.277694 -0.197169
v 0.191969 -0.271921 -0.219227
v 0.180741 -0.257043 -0.209412
v -0.000309 -0.228353 0.064832
v -0.011171 -0.228541 0.075767
v 0.002387 -0.230259 0.075242
v 0.235551 -0.367201 -0.395456
v 0.218567 0.336735 -0.529918
v 0.236237 0.347104 -0.528430
v 0.252843 0.366145 -0.545272
v -0.157963 0.124657 0.239279
v -0.155325 0.120083 0.212467
v -0.164014 0.140657 0.231216
v -0.159341 0.141231 0.273735
v -0.158715 0.128977 0.256514
v -0.162282 0.149963 0.250456
v 0.366050 -0.039804 0.701861
v 0.361306 0.007616 0.702108
v -0.297597 -0.153876 -0.252042
v -0.296896 -0.165983 -0.255011
v 0.344048 0.011289 0.702787
v 0.334069 -0.000226 0.703092
v 0.324478 0.022323 0.703381
v 0.170380 0.372081 -0.533330
v 0.136979 0.362064 -0.536661
v 0.163332 0.377187 -0.548453
v -0.411481 0.068167 -0.137550
v -0.426416 0.062461 -0.132707
v -0.423024 0.077396 -0.151871
v -0.379080 -0.096856 -0.341782
v -0.374106 -0.098306 -0.325777
v -0.369897 -0.100331 -0.337830
v -0.316718 0.111008 -0.294792
v -0.319455 0.108439 -0.310094
v -0.309312 0.123962 -0.311390
v 0.247838 0.046152 -0.133877
v 0.254009 0.029219 -0.141362
v 0.264128 0.039492 -0.118538
v -0.056292 0.262454 0.681167
v -0.101311 0.040741 0.379808
v -0.103255 0.054087 0.373049
v -0.110352 0.049377 0.384368
v -0.066117 -0.268164 -0.304025
v 0.241108 -0.512560 -0.648638
v -0.199291 -0.125241 0.341643
v 0.138268 0.377164 -0.567018
v 0.147117 0.377949 -0.574695
v 0.147241 0.386361 -0.568577
v 0.055251 -0.217851 -0.235205
v 0.038683 -0.219229 -0.230823
v 0.053695 -0.211985 -0.220628
v 0.411043 0.010800 0.346817
v 0.410172 0.013967 0.329495
v 0.409442 -0.000952 0.326215
v -0.351280 0.065841 -0.452860
v -0.366752 0.076483 -0.453343
v -0.077341 -0.168714 0.361205
v -0.120475 -0.236764 -0.009847
v -0.136279 -0.237487 0.002493
v 0.048775 0.315356 -0.485143
v 0.041064 0.316670 -0.495751
v 0.281333 -0.265823 -0.154714
v 0.261822 -0.271966 -0.149407
v 0.279847 -0.255583 -0.146474
v -0.153480 -0.113606 -0.058677
v -0.151848 -0.116107 -0.080603
v -0.154137 -0.107628 -0.065395
v -0.157292 -0.119565 -0.040299
v -0.158323 -0.099419 -0.062460
v 0.184602 0.160306 -0.047107
v -0.145467 -0.189967 0.367050
v -0.156890 -0.186913 0.358478
v 0.134503 -0.209549 -0.089796
v 0.150111 -0.217014 -0.099439
v 0.109265 -0.198719 -0.103086
v -0.163679 0.165630 -0.454741
v -0.283782 0.112410 -0.215698
v -0.288085 0.113096 -0.225731
v -0.276358 0.123594 -0.220842
v -0.130882 0.079268 0.149094
v -0.127751 0.061483 0.173537
v -0.136653 0.068226 0.143168
v 0.261025 -0.216880 -0.114546
v 0.270242 -0.225416 -0.121843
v 0.267483 -0.221580 -0.113790
v 0.186346 0.273710 -0.262757
v 0.161937 0.258933 -0.270708
v -0.238544 -0.094459 -0.439600
v -0.239971 -0.084729 -0.442808
v -0.252968 -0.090819 -0.436742
v 0.274240 0.134598 0.137070
v 0.293216 0.135440 0.155138
v 0.269905 0.141068 0.145121
v 0.216525 -0.495517 -0.602295
v 0.246777 -0.492388 -0.595085
v 0.242203 -0.502898 -0.603375
v -0.082643 0.185368 -0.137176
v -0.095051 0.184874 -0.150035
v -0.086956 0.175587 -0.153104
v 0.195488 -0.415420 -0.599324
v 0.121755 -0.157807 0.060575
v 0.119374 -0.161716 0.044628
v 0.107400 -0.157480 0.054833
v -0.188389 -0.013126 0.703949
v 0.097180 0.238090 -0.296643
v 0.072377 0.231084 -0.302355
v 0.112897 0.249710 -0.315612
v 0.035247 0.175421 -0.158401
v 0.043356 0.170948 -0.146983
v 0.011150 0.172045 -0.140469
v 0.323332 -0.106197 0.434049
v 0.331981 -0.088646 0.429410
v 0.322069 -0.086479 0.423518
v -0.377144 0.047904 -0.265714
v -0.383787 0.054332 -0.270526
v -0.371812 0.064181 -0.277104
v -0.036174 0.186085 -0.221416
v -0.030375 0.203510 -0.216290
v 0.179850 -0.282891 -0.420507
v -0.151812 -0.038159 -0.442875
v -0.113600 -0.048215 -0.422023
v -0.124560 -0.035667 -0.433716
v 0.375938 0.367624 -0.275420
v 0.365995 0.379729 -0.276287
v 0.381654 0.378996 -0.278264
v 0.239333 -0.427645 -0.496778
v 0.263180 -0.439287 -0.489725
v 0.253852 -0.437836 -0.502174
v 0.222173 -0.193450 -0.155836
v 0.242496 -0.215514 -0.172770
v 0.244384 -0.209733 -0.146650
v 0.243857 -0.189980 -0.062986
v 0.235133 -0.176959 -0.062523
v 0.243026 -0.184654 -0.077258
v 0.398648 -0.405536 -0.416053
v 0.390852 -0.393744 -0.418824
v 0.389340 -0.398678 -0.437264
v -0.092492 -0.181888 0.353370
v -0.090849 -0.173284 0.364477
v -0.084434 -0.173195 0.348050
v 0.193083 0.417005 -0.601252
v 0.205232 0.424890 -0.610918
v 0.210617 0.431275 -0.600411
v -0.080100 0.184537 0.043088
v -0.073757 0.178044 0.020076
v -0.521585 -0.019345 -0.288972
v -0.312801 0.109302 -0.260390
v -0.315047 0.104699 -0.250993
v -0.323603 0.105706 -0.265914
v 0.195342 0.162519 -0.082746
v 0.201091 0.176789 -0.084751
v 0.196319 0.169472 -0.096989
v -0.172465 0.142189 0.309180
v -0.164166 0.141027 0.302776
v 0.265906 -0.027032 -0.120689
v 0.269258 -0.009965 -0.130035
v -0.100509 -0.079811 0.701988
v -0.109483 -0.047376 0.702283
v -0.090237 -0.062547 0.703003
v 0.350854 0.179372 0.702987
v 0.342508 0.168274 0.701245
v 0.290331 0.150442 0.373795
v 0.273787 0.156431 0.364328
v 0.287922 0.145995 0.360809
v -0.053573 0.169394 -0.167030
v -0.056465 0.184682 -0.144768
v -0.069185 0.178946 -0.142355
v -0.045795 -0.301892 -0.302737
v -0.057860 -0.304124 -0.286494
v 0.153151 -0.181660 0.300221
v -0.055993 -0.152457 0.234986
v -0.042664 -0.143725 0.236000
v -0.051141 -0.153488 0.211877
v 0.219622 -0.176170 -0.121604
v 0.199146 -0.155145 -0.136325
v 0.198227 -0.168386 -0.160190
v 0.329331 0.424179 -0.445272
v 0.343599 0.436638 -0.427190
v 0.319223 0.421881 -0.420980
v -0.384903 0.105544 -0.287446
v -0.390098 0.116906 -0.295642
v -0.046092 0.238047 -0.293209
v -0.032518 0.226581 -0.286896
v -0.042470 0.226644 -0.275272
v 0.230840 0.412833 -0.617950
v 0.251901 0.437537 -0.631488
v 0.224511 0.421484 -0.618146
v 0.120924 -0.187067 0.114668
v 0.156330 -0.178919 0.132676
v 0.145761 -0.173529 0.110990
v 0.254458 -0.077369 -0.077193
v 0.238862 -0.099116 -0.073654
v 0.254915 -0.094524 -0.056520
v -0.456997 -0.075118 -0.338909
v -0.440805 -0.075320 -0.337553
v -0.447754 -0.061070 -0.340555
v -0.278941 -0.061939 -0.146856
v -0.285304 -0.080397 -0.151671
v 0.295827 0.140055 0.374333
v 0.296173 0.133454 0.383451
v 0.294839 0.122337 0.384655
v 0.064612 -0.154535 0.040363
v 0.061311 -0.160350 0.048642
v 0.070682 -0.160043 0.051650
v -0.134074 0.213544 0.699401
v -0.156427 0.205416 0.701505
v -0.153377 0.217512 0.700945
v -0.472466 0.031409 -0.157197
v -0.465402 0.044868 -0.170492
v -0.458740 0.048411 -0.154773
v 0.199201 -0.166852 -0.038808
v 0.197857 -0.183499 -0.046236
v -0.049812 0.158143 0.051906
v -0.039073 0.154315 0.060620
v -0.057417 0.162873 0.067169
v -0.399725 0.108742 -0.311934
v -0.053128 0.264544 0.649325
v -0.044534 0.266644 0.617065
v -0.042579 0.266685 0.643910
v -0.145073 0.185743 0.168040
v 0.309463 -0.121896 0.348226
v 0.300692 -0.115838 0.365605
v 0.315656 -0.110385 0.351563
v 0.211141 -0.162856 -0.046058
v 0.211654 -0.176381 -0.046626
v 0.154420 -0.121259 -0.190325
v 0.164298 -0.138288 -0.185345
v 0.173899 -0.123994 -0.162573
v -0.022630 0.135491 0.209993
v -0.031881 0.129623 0.233696
v -0.038650 0.134713 0.213063
v -0.177866 -0.166102 0.362424
v -0.177013 -0.157067 0.363238
v -0.160661 -0.210332 0.060480
v -0.211136 0.005181 0.014200
v -0.216248 0.001150 -0.002480
v -0.206956 0.016273 -0.004281
v 0.152587 -0.191884 0.433279
v 0.142392 -0.203417 0.441903
v 0.180084 -0.191320 0.436650
v 0.164557 0.178990 0.326910
v 0.158000 0.183063 0.341095
v 0.141494 0.181224 0.323207
v 0.326316 -0.280578 -0.175034
v 0.317717 -0.279990 -0.169686
v 0.313299 -0.268435 -0.172014
v 0.301307 -0.132568 0.349720
v 0.316620 -0.129997 0.328048
v -0.096476 -0.175807 0.319405
v -0.093028 -0.166579 0.310120
v -0.102247 -0.169591 0.314328
v 0.312646 -0.533199 -0.612559
v 0.309091 -0.550891 -0.623731
v 0.298908 -0.541318 -0.612794
v -0.371438 -0.072623 -0.144050
v -0.389508 -0.081240 -0.144275
v -0.195065 0.157240 0.431156
v -0.200860 0.130288 0.427118
v -0.191912 0.154701 0.419168
v -0.387767 -0.029712 -0.381194
v -0.390288 -0.026333 -0.389427
v 0.323397 -0.362405 -0.443150
v 0.346138 -0.377437 -0.447758
v 0.208000 -0.236539 0.677473
v 0.209152 -0.232361 0.694023
v -0.154826 0.125213 0.282271
v -0.142757 0.110345 0.283566
v -0.143345 0.110298 0.267218
v -0.294402 0.120315 -0.263741
v -0.300995 0.111792 -0.256125
v -0.308716 0.113033 -0.271090
v -0.163036 -0.150642 0.322067
v 0.196648 -0.153627 0.055530
v 0.162362 -0.158060 0.065115
v 0.187664 -0.152730 0.072745
v 0.027461 0.220081 0.311478
v 0.037881 0.225310 0.314946
v 0.016492 0.232630 0.318765
v 0.003075 -0.240925 0.695927
v -0.003790 -0.231444 0.702635
v -0.184069 0.154673 0.067935
v 0.335537 -0.095217 0.184753
v 0.189932 -0.051877 -0.191445
v 0.201861 -0.039200 -0.194691
v 0.185452 -0.043627 -0.205436
v -0.189456 0.160251 -0.476753
v -0.187942 0.157949 -0.488866
v -0.176114 0.159898 -0.490386
v -0.038410 0.163510 -0.053120
v -0.049725 0.166970 -0.041146
v -0.048542 0.167936 -0.055897
v -0.175057 0.143800 -0.357998
v -0.179847 0.147863 -0.379836
v -0.170363 0.154202 -0.378467
v -0.016497 0.185450 0.068867
v -0.185219 0.174327 0.405658
v -0.186780 0.182457 0.396623
v -0.366795 0.118773 -0.388206
v 0.196175 0.151210 -0.069549
v -0.531679 0.010216 -0.343665
v -0.521722 -0.000950 -0.363209
v -0.525803 0.017341 -0.358596
v -0.530444 0.023653 -0.346900
v -0.363019 0.104048 -0.405083
v -0.364177 0.110355 -0.415196
v -0.363779 0.111121 -0.396184
v 0.362074 0.052328 0.380229
v 0.009294 -0.372177 -0.468737
v 0.001464 -0.366235 -0.454752
v -0.500711 -0.029728 -0.331942
v -0.501293 -0.030575 -0.320227
v 0.302758 -0.310452 -0.174096
v 0.309289 -0.315099 -0.182371
v 0.295678 -0.319738 -0.185830
v 0.290012 0.501134 -0.636766
v 0.296961 0.496253 -0.629620
v 0.135291 0.267691 -0.343847
v 0.143303 0.283342 -0.360389
v 0.165452 0.289561 -0.358170
v -0.026052 -0.173005 -0.327301
v -0.028309 -0.189258 -0.339188
v 0.209408 0.413280 -0.610546
v 0.217471 0.429141 -0.618091
v -0.119547 0.075280 -0.380276
v -0.123569 0.080569 -0.395543
v -0.122445 0.068470 -0.395436
v -0.153106 -0.148370 0.212077
v -0.149348 -0.128036 0.220208
v -0.024637 -0.230263 0.700889
v -0.031744 -0.236519 0.696092
v -0.033399 -0.194285 0.338352
v 0.396041 0.063761 0.530406
v 0.398392 0.049232 0.510675
v 0.400455 0.043247 0.527113
v 0.029300 0.310416 -0.483164
v 0.041068 0.309772 -0.501582
v 0.008077 0.119026 -0.282864
v -0.019301 0.121041 -0.285892
v 0.255252 0.245752 0.691840
v 0.280838 0.230013 0.696822
v 0.253953 0.339858 -0.342758
v 0.269620 0.355339 -0.333616
v 0.176256 0.399352 -0.571024
v -0.006211 0.171823 0.309649
v -0.016681 0.171744 0.313814
v -0.208925 -0.023293 0.048048
v -0.296589 -0.176007 -0.269322
v -0.309019 -0.170899 -0.278023
v 0.030701 0.304700 -0.468894
v 0.019028 0.305202 -0.469695
v -0.446925 -0.070637 -0.148081
v -0.358619 -0.114370 -0.364024
v -0.368857 -0.110795 -0.379114
v -0.375917 -0.109186 -0.363836
v -0.057316 -0.161809 0.189584
v -0.039816 -0.152576 0.196838
v -0.054171 -0.162961 0.168331
v 0.255509 -0.104658 0.702946
v 0.256835 -0.077468 0.702587
v 0.269579 -0.081660 0.702492
v -0.166587 -0.088719 -0.018011
v -0.161696 -0.094558 -0.043572
v -0.171964 -0.081046 -0.032782
v -0.277969 -0.148582 -0.220482
v -0.275691 -0.137494 -0.202099
v -0.267094 -0.145777 -0.214265
v 0.264120 0.399004 -0.496398
v 0.303009 0.434566 -0.502205
v 0.294766 0.414459 -0.488082
v -0.381584 0.088068 -0.327419
v -0.375502 0.097411 -0.338681
v -0.005105 -0.220909 0.349114
v 0.003877 -0.225358 0.335852
v -0.003133 -0.214849 0.336897
v -0.028578 -0.184710 -0.324787
v -0.199253 0.135851 0.392730
v -0.147331 -0.026533 0.401139
v -0.145211 0.002686 0.401395
v -0.163192 -0.015879 0.403710
v 0.193030 -0.151034 0.008407
v -0.393661 0.042911 -0.244280
v 0.090458 0.217661 0.414239
v 0.068472 0.224196 0.415508
v 0.075005 0.215565 0.411952
v -0.135594 -0.058574 -0.430828
v -0.117459 -0.063520 -0.417597
v -0.442236 0.063096 -0.148004
v -0.447758 0.063702 -0.163129
v -0.147032 -0.118884 0.281507
v 0.013613 0.300961 -0.463192
v -0.167552 0.135020 -0.052880
v -0.161478 0.120063 -0.054970
v -0.169751 0.144706 -0.070549
v -0.146682 0.178441 0.301105
v -0.156924 0.177444 0.306362
v -0.152166 0.169790 0.294829
v -0.095656 -0.226653 -0.085590
v -0.104670 -0.233552 -0.097440
v -0.102223 -0.235082 -0.077682
v 0.000087 -0.233780 -0.183107
v -0.005845 -0.227298 -0.163450
v 0.006893 -0.224056 -0.161191
v 0.133468 0.269300 0.690785
v -0.026981 0.149195 -0.309638
v -0.006929 0.143703 -0.303372
v -0.018056 0.154657 -0.317553
v 0.287338 -0.319049 -0.175277
v -0.116790 -0.096531 -0.435851
v -0.126201 -0.095991 -0.451206
v -0.160912 0.152104 0.298805
v -0.159311 0.140405 0.287704
v 0.252023 -0.335898 -0.269908
v 0.231098 -0.320876 -0.254878
v 0.263903 -0.346857 -0.260642
v -0.060253 -0.221232 0.509029
v -0.078069 -0.215063 0.491735
v -0.081048 -0.215445 0.509183
v -0.016546 -0.214465 -0.164412
v -0.010072 -0.219761 -0.151367
v -0.014187 -0.214348 -0.142726
v 0.000041 -0.219658 -0.148184
v -0.122079 0.062287 0.385575
v -0.132984 0.067092 0.389614
v -0.113691 0.038424 0.394394
v 0.417317 0.035908 0.600481
v 0.417195 0.034871 0.618314
v 0.416068 0.049036 0.609694
v -0.003583 -0.207267 -0.122833
v -0.216203 0.100734 -0.212737
v -0.237156 0.112633 -0.216492
v -0.214063 0.110747 -0.232624
v 0.394169 0.409690 -0.375242
v 0.393472 0.399285 -0.364856
v -0.151414 -0.130353 -0.099063
v -0.146041 -0.132430 -0.117659
v 0.307526 0.140112 0.427676
v 0.192727 0.246963 0.699911
v 0.200869 0.252542 0.697970
v 0.406228 0.490484 -0.563384
v 0.198657 0.276221 -0.427012
v 0.217786 0.278632 -0.408734
v 0.227226 0.303641 -0.453555
v 0.273266 0.317764 -0.191513
v 0.256631 0.319361 -0.188536
v 0.261818 0.319599 -0.199948
v 0.135616 -0.373231 -0.486111
v 0.159983 -0.380212 -0.478786
v 0.187346 -0.401858 -0.505372
v -0.376739 -0.064096 -0.258724
v -0.362718 -0.064381 -0.260535
v -0.372072 -0.071271 -0.266530
v -0.521055 -0.069535 -0.290407
v -0.513588 -0.068844 -0.307273
v -0.520069 -0.057749 -0.297310
v -0.148825 0.154127 -0.453108
v 0.297187 0.395232 -0.280661
v 0.303714 0.405250 -0.294597
v 0.313616 0.406339 -0.283111
v 0.235147 -0.175928 0.702655
v 0.235699 -0.151182 0.703080
v 0.242318 -0.163343 0.703872
v -0.179491 -0.096343 0.341445
v -0.183350 -0.087795 0.349194
v -0.225398 0.041844 -0.457798
v -0.246682 0.052571 -0.456555
v -0.252305 0.032322 -0.463085
v 0.003968 -0.139450 0.270414
v 0.010086 -0.152643 0.255356
v -0.003678 -0.137700 0.261680
v 0.322023 -0.370005 -0.261093
v 0.310847 -0.366938 -0.257495
v 0.323446 -0.360505 -0.262449
v -0.170228 -0.082764 0.398950
v -0.183261 -0.090047 0.387936
v 0.044474 -0.174222 0.312870
v 0.046190 -0.165634 0.305046
v 0.217394 -0.447958 -0.626568
v 0.228677 -0.440799 -0.619353
v 0.217289 -0.431180 -0.612341
v 0.082938 -0.202095 -0.190014
v 0.076848 -0.200983 -0.180229
v 0.095343 -0.202376 -0.180198
v -0.380363 -0.113467 -0.406375
v -0.177547 -0.119375 -0.496567
v -0.166707 -0.119878 -0.499098
v -0.251703 -0.098574 0.668729
v -0.236105 -0.119090 0.667540
v -0.245835 -0.108869 0.651712
v 0.294251 0.132350 0.396294
v -0.213137 0.130143 -0.342384
v -0.201090 0.129464 -0.323849
v -0.218708 0.131572 -0.322881
v -0.140893 -0.176799 0.328557
v -0.157011 -0.179598 0.325356
v -0.397352 -0.057373 -0.354793
v -0.391106 -0.078867 -0.353531
v 0.005989 0.263610 0.695848
v -0.009831 0.246017 0.698552
v -0.017302 0.260124 0.697414
v 0.235729 0.444183 -0.628228
v -0.133277 -0.246276 -0.070592
v -0.145057 -0.237869 -0.078347
v -0.228145 0.101591 -0.448132
v -0.235387 0.102292 -0.460561
v -0.225289 0.110814 -0.458374
v 0.057794 0.238417 -0.453294
v 0.048438 0.252136 -0.469375
v 0.031690 0.247036 -0.461013
v -0.170895 0.073984 0.402230
v -0.158517 0.065845 0.401703
v -0.166935 0.078255 0.392488
v -0.082817 0.259129 -0.370671
v -0.071829 0.265977 -0.392964
v -0.164900 0.197311 0.411710
v -0.159901 0.205610 0.402932
v 0.094053 -0.374292 -0.498447
v 0.119438 -0.375925 -0.498696
v 0.118581 -0.389799 -0.515498
v 0.337459 -0.290796 -0.178393
v 0.334075 -0.284417 -0.190159
v 0.340549 -0.296708 -0.184954
v -0.148372 0.110670 -0.324025
v -0.137140 0.104172 -0.313005
v -0.043372 -0.207524 -0.299263
v -0.046404 -0.218313 -0.306284
v -0.046624 -0.223223 -0.320546
v -0.061141 -0.001588 0.703733
v -0.073426 -0.059623 0.703735
v -0.103274 -0.009409 0.703761
v 0.337473 0.476242 -0.654441
v 0.346498 0.469356 -0.633406
v -0.154832 -0.025429 -0.447825
v -0.171542 -0.033763 -0.449230
v -0.159934 -0.005013 -0.453688
v -0.134524 -0.092527 0.314318
v 0.383721 -0.444840 -0.488743
v 0.389072 -0.453856 -0.508276
v 0.365441 -0.455574 -0.494694
v -0.171770 0.154816 -0.070497
v 0.395483 -0.490193 -0.548742
v 0.386480 -0.493754 -0.539230
v -0.093351 0.023257 0.378388
v 0.282548 -0.188039 0.704885
v -0.176087 0.237870 0.594979
v -0.156348 0.246502 0.581849
v -0.165500 0.243588 0.603200
v -0.093370 0.132362 -0.200654
v -0.099755 0.146776 -0.190723
v 0.174382 0.180525 0.312444
v 0.174879 0.189250 0.288563
v 0.188800 0.181693 0.305497
v -0.097683 -0.216219 0.013937
v -0.091118 -0.216405 -0.016552
v -0.107328 0.258689 0.612631
v -0.137285 0.252791 0.616091
v -0.119100 0.256617 0.595365
v 0.243369 0.331324 -0.336514
v 0.220665 0.317279 -0.351856
v 0.404718 0.434604 -0.419020
v 0.413618 0.430420 -0.420772
v -0.284186 -0.050183 0.679102
v -0.275887 -0.055283 0.690469
v -0.268079 -0.075190 0.685184
v 0.079367 -0.197824 -0.161096
v 0.088917 -0.198669 -0.159869
v 0.387449 0.470211 -0.519792
v 0.376548 0.471195 -0.513483
v 0.387455 0.481789 -0.529665
v 0.044084 0.182954 -0.193335
v 0.025812 0.186061 -0.189775
v 0.039188 0.190827 -0.206046
v -0.176560 0.162891 0.315244
v -0.106825 0.223818 -0.016913
v -0.109851 0.226221 -0.031305
v -0.099017 0.220725 -0.028568
v 0.141894 0.327555 -0.553094
v 0.130260 0.303011 -0.529049
v 0.155006 0.316092 -0.538201
v -0.085491 0.063365 0.329125
v -0.082139 0.059183 0.318259
v -0.089477 0.077835 0.302754
v 0.360726 -0.097382 0.512320
v 0.359911 -0.110257 0.536225
v 0.376916 -0.079203 0.527451
v -0.192882 0.124881 0.386511
v -0.107371 0.087438 -0.343358
v -0.114912 0.078540 -0.363112
v -0.101064 0.075510 -0.358212
v -0.157433 -0.113206 -0.174527
v -0.146757 -0.115707 -0.197707
v -0.167151 -0.113400 -0.193870
v -0.196918 -0.052124 -0.040257
v -0.208444 -0.038179 -0.056350
v 0.271641 -0.148813 0.418075
v 0.277947 -0.139171 0.407892
v 0.272959 -0.148000 0.407219
v -0.055093 -0.200967 -0.101184
v -0.050208 -0.202424 -0.092729
v -0.041249 -0.201531 -0.108319
v -0.063625 -0.151169 -0.239338
v -0.064698 -0.165822 -0.225084
v -0.017354 0.290958 -0.455103
v -0.017742 0.295635 -0.445280
v -0.159487 -0.007670 0.147768
v -0.146084 0.013096 0.169818
v -0.143582 -0.004594 0.171332
v 0.228022 0.222872 -0.180081
v 0.253193 0.237797 -0.164115
v 0.257035 0.246450 -0.193787
v -0.176556 -0.058196 0.065212
v -0.168829 -0.071251 0.051126
v -0.189848 -0.042670 0.071622
v 0.246086 0.015145 -0.159349
v 0.393953 0.416726 -0.461630
v 0.400862 0.415504 -0.449674
v 0.394264 -0.434758 -0.507260
v 0.395964 -0.445689 -0.513398
v 0.359887 -0.344096 -0.358954
v 0.373379 -0.358041 -0.371569
v 0.088911 0.208361 -0.218812
v 0.098761 0.219143 -0.232442
v 0.104649 0.213158 -0.212375
v -0.298877 -0.034495 -0.464225
v -0.288944 -0.044524 -0.464642
v -0.156002 0.041575 0.137696
v -0.156885 0.051445 0.118488
v -0.148127 0.058091 0.128953
v -0.444429 0.035683 -0.217280
v -0.123666 -0.186448 0.211337
v -0.108972 -0.186871 0.189028
v -0.121279 -0.188850 0.190239
v -0.267100 0.142802 0.663536
v -0.241899 0.181192 0.650737
v -0.236351 0.185095 0.663465
v 0.222233 -0.205048 -0.060077
v 0.226771 -0.219017 -0.065221
v -0.412374 -0.071308 -0.138144
v 0.033670 -0.383270 -0.492353
v 0.038511 -0.378920 -0.488775
v 0.178643 -0.203271 0.464976
v 0.205792 -0.193068 0.458908
v 0.212412 -0.186568 0.446623
v -0.420552 -0.068334 -0.245271
v -0.413480 -0.069262 -0.250506
v -0.418302 -0.080116 -0.262073
v -0.174365 0.152649 -0.041253
v -0.177658 0.154604 -0.015486
v -0.172065 0.141173 -0.029682
v 0.241075 0.221588 -0.121115
v 0.247519 0.228966 -0.136822
v 0.367034 0.440880 -0.470141
v 0.355456 0.444490 -0.467192
v 0.359618 0.461091 -0.492185
v -0.065741 0.164900 -0.161775
v -0.067782 0.144690 -0.187038
v -0.054183 0.157513 -0.180255
v 0.087798 -0.197774 0.263948
v 0.061170 -0.193600 0.264120
v 0.093039 -0.192500 0.272175
v -0.122831 0.182730 -0.159709
v -0.138656 0.183862 -0.151090
v -0.132024 0.170622 -0.165118
v -0.350993 0.129229 -0.409013
v -0.425436 -0.047627 -0.341978
v -0.436571 -0.050161 -0.341513
v -0.428469 -0.068391 -0.335479
v -0.101537 -0.188179 0.368886
v -0.107852 -0.197672 0.371845
v -0.112838 -0.189783 0.389607
v -0.356290 0.123404 -0.430875
v -0.127034 0.208078 0.373799
v -0.118138 0.196418 0.369468
v -0.116240 0.192333 0.384081
v -0.110285 0.092584 0.258196
v -0.103860 0.081511 0.235048
v -0.115151 0.088485 0.227418
v -0.023610 -0.217040 0.067201
v -0.009783 -0.223670 0.060596
v -0.196629 -0.168694 -0.480504
v -0.202321 -0.161393 -0.489622
v -0.118324 -0.226186 -0.119915
v -0.093483 -0.209523 -0.149574
v -0.156503 0.154675 0.166770
v -0.159853 0.151548 0.151285
v -0.067653 0.021084 -0.417391
v -0.075958 0.031279 -0.411881
v -0.106696 0.020805 -0.428113
v -0.159489 0.143699 -0.501610
v -0.181533 0.148310 -0.499935
v 0.307011 0.135147 0.347432
v 0.296363 0.148255 0.337287
v 0.076006 0.148451 -0.011440
v 0.112685 0.153474 -0.022518
v -0.372179 0.095686 -0.320061
v -0.356212 0.098975 -0.323720
v -0.312961 -0.062547 -0.449163
v -0.318735 -0.081570 -0.440898
v -0.167582 -0.168833 -0.510649
v -0.160732 -0.188771 -0.496818
v -0.336500 0.067737 -0.229208
v -0.327801 0.082011 -0.234190
v -0.436011 0.072462 -0.161001
v 0.043906 0.119701 0.702845
v 0.016350 0.134426 0.704287
v -0.524135 -0.053806 -0.277732
v -0.521629 -0.045585 -0.259998
v -0.433890 -0.063732 -0.197660
v -0.049999 0.193232 -0.141748
v -0.169543 0.241027 0.623990
v -0.201523 0.221047 0.643388
v -0.182717 0.235584 0.609991
v 0.038847 0.217962 0.384079
v -0.056993 -0.311956 -0.302676
v -0.049589 -0.315273 -0.321903
v -0.061680 -0.319916 -0.319796
v 0.034238 -0.184631 -0.121778
v 0.033377 -0.195896 -0.142973
v 0.020700 -0.194954 -0.132161
v -0.154100 0.077576 0.382794
v -0.157100 0.074570 0.394586
v -0.148008 0.070297 0.393044
v 0.322162 0.218550 0.593514
v 0.330730 0.221115 0.628441
v 0.304876 0.233061 0.621639
v 0.293741 -0.094548 0.399536
v 0.301561 -0.082873 0.405810
v 0.304739 -0.084876 0.392152
v -0.465950 0.050807 -0.232909
v -0.462978 0.036832 -0.238671
v -0.477489 0.045895 -0.239066
v -0.202170 -0.109986 -0.179835
v -0.228026 -0.097097 -0.156216
v -0.204949 -0.098601 -0.152131
v -0.109236 -0.188383 0.326180
v -0.105578 -0.196753 0.335106
v -0.091593 -0.179689 0.327597
v -0.041003 0.139655 -0.282535
v -0.037320 0.144316 -0.299228
v -0.048560 0.153921 -0.293142
v -0.360656 0.003612 -0.413461
v 0.324046 0.215452 0.692080
v 0.289689 -0.142973 0.434859
v 0.277949 -0.143715 0.423548
v 0.269179 -0.154583 0.429899
v -0.368525 -0.116952 -0.273847
v -0.356315 -0.122591 -0.265320
v -0.131575 -0.140580 -0.398765
v -0.121675 -0.115771 -0.393663
v -0.220003 -0.116566 -0.459291
v -0.225709 -0.103393 -0.452476
v 0.385286 -0.077501 0.575923
v 0.380968 -0.087245 0.587587
v 0.398181 -0.053325 0.589261
v 0.116229 0.279162 -0.500472
v 0.084454 0.271317 -0.496497
v 0.090708 0.264467 -0.486178
v -0.124493 -0.191489 0.333158
v 0.046705 0.233625 0.348972
v 0.037379 0.241201 0.350828
v -0.058612 0.188187 0.394028
v -0.049522 0.201024 0.383691
v -0.052851 0.193699 0.396825
v 0.334852 0.164773 0.493229
v -0.150318 -0.177967 -0.409421
v -0.054758 0.191617 -0.352725
v -0.065551 0.193826 -0.336828
v -0.051780 0.174922 -0.332043
v 0.104776 0.247873 0.700167
v 0.044807 0.239567 0.700036
v 0.084347 0.254915 0.700204
v -0.027082 -0.044922 -0.382407
v -0.060259 -0.056688 -0.381435
v -0.033019 -0.052423 -0.372970
v 0.352649 0.324557 -0.261556
v 0.348412 0.325845 -0.251844
v 0.354613 0.336016 -0.256549
v -0.170410 0.038796 0.099879
v -0.180352 0.032815 0.078599
v -0.167734 0.048460 0.073819
v -0.059467 0.162085 0.086169
v -0.049741 0.159037 0.072343
v -0.149350 -0.119751 0.306154
v -0.156673 -0.123234 0.314811
v -0.151036 -0.129320 0.304541
v 0.377815 -0.373712 -0.285558
v 0.370215 -0.380497 -0.288809
v 0.367715 -0.370025 -0.278330
v 0.365845 0.478124 -0.607320
v 0.358826 0.484178 -0.605857
v -0.198204 0.124700 0.703957
v -0.190954 0.114597 0.703041
v -0.202113 0.094656 0.702639
v 0.049917 -0.341372 -0.459540
v 0.043382 -0.352355 -0.470113
v 0.028963 -0.342447 -0.452108
v 0.162760 -0.158957 0.411391
v 0.151083 -0.161694 0.408700
v 0.227303 0.211139 -0.094010
v 0.215420 -0.516315 -0.631711
v 0.203846 -0.508606 -0.625160
v 0.218449 -0.518854 -0.622360
v -0.129718 0.202524 0.414966
v -0.071934 -0.282832 -0.310984
v 0.366939 0.357283 -0.268663
v 0.364358 0.344687 -0.264649
v 0.349977 0.346445 -0.259852
v 0.224626 0.138592 0.094704
v 0.240964 0.133658 0.080580
v -0.362481 0.014968 -0.420093
v -0.376353 0.023968 -0.414213
v 0.360143 0.192458 0.679910
v 0.377815 0.169307 0.661181
v 0.378331 0.167615 0.671720
v 0.201063 0.353582 -0.470891
v 0.245312 0.381005 -0.485442
v 0.226898 0.360538 -0.469624
v -0.034197 -0.245455 0.615857
v -0.040010 -0.244879 0.604796
v -0.050224 -0.245479 0.605857
v -0.196577 -0.152283 0.429234
v -0.192195 -0.142820 0.422247
v -0.199576 -0.135820 0.427833
v 0.361892 -0.383438 -0.276915
v 0.354090 -0.378098 -0.271808
v -0.474376 -0.079528 -0.238253
v 0.117920 -0.442863 -0.572284
v 0.114923 -0.437569 -0.559869
v 0.126844 -0.443172 -0.565080
v 0.360695 0.118876 0.700034
v 0.335907 0.120590 0.701576
v -0.030310 -0.257910 -0.259488
v -0.030943 -0.264184 -0.290094
v -0.324456 -0.123387 -0.291715
v -0.331352 -0.121621 -0.289140
v -0.317711 -0.126488 -0.277738
v -0.002379 0.175989 -0.345648
v -0.262724 0.148150 0.676994
v -0.277494 0.124372 0.684826
v -0.186800 -0.102239 0.384437
v -0.184502 -0.087702 0.371281
v -0.150492 -0.163412 0.212240
v -0.153255 -0.146899 0.197146
v 0.054510 0.205457 0.700319
v 0.007026 0.214047 0.700070
v 0.068480 0.221609 0.698799
v 0.255123 -0.402806 -0.451997
v 0.223832 -0.384725 -0.444920
v 0.237953 -0.381423 -0.433765
v -0.137599 0.089168 0.126100
v -0.148580 0.109985 0.099693
v -0.143282 0.103078 0.130535
v 0.196786 0.255634 -0.141576
v -0.227502 -0.074643 -0.127185
v -0.232072 -0.058942 -0.123312
v -0.298375 -0.098348 -0.164772
v -0.314519 -0.091160 -0.167228
v -0.155115 0.171566 0.227947
v -0.152572 0.174303 0.204291
v -0.145237 0.181762 0.222848
v 0.031029 -0.223603 0.128241
v 0.311908 -0.377035 -0.262949
v 0.317566 -0.382078 -0.270716
v -0.253216 0.092137 -0.429197
v -0.260978 0.078160 -0.444597
v -0.247717 0.085174 -0.439178
v -0.240968 0.089451 -0.434297
v -0.287642 -0.036423 0.688816
v -0.240723 -0.110051 -0.176120
v -0.200878 -0.117218 -0.199861
v -0.226873 -0.120796 -0.199795
v 0.302374 -0.092830 0.416933
v 0.310338 -0.100739 0.423563
v -0.512669 0.011655 -0.270421
v 0.400694 -0.409340 -0.428318
v 0.339793 -0.031936 0.409482
v 0.386966 -0.354168 -0.300457
v 0.380888 -0.346928 -0.301672
v 0.130244 0.200294 0.355266
v 0.174382 0.183300 0.357850
v 0.172286 0.187209 0.366278
v 0.154752 -0.022290 0.703337
v 0.125902 -0.038201 0.704968
v 0.149521 -0.002858 0.705867
v 0.028512 0.133045 0.005165
v 0.035710 0.136467 -0.003618
v 0.045408 0.135087 0.020235
v -0.176686 0.064003 -0.081820
v -0.205284 0.067150 -0.160471
v -0.204250 0.079328 -0.183089
v -0.074772 0.245298 0.699114
v -0.084508 0.237672 0.699191
v 0.089071 0.046196 -0.293799
v 0.073055 0.033581 -0.319556
v -0.109040 0.181652 0.387635
v 0.379157 -0.378063 -0.406217
v 0.387576 -0.382593 -0.398427
v 0.381575 -0.371535 -0.388081
v -0.038541 0.151265 0.301133
v -0.055964 0.157505 0.295825
v -0.045660 0.144104 0.289319
v 0.290432 0.228594 0.696115
v 0.393427 0.427570 -0.468745
v 0.320953 -0.499581 -0.530874
v 0.307187 -0.486807 -0.532447
v 0.298869 -0.477006 -0.519880
v -0.136040 0.038857 -0.427026
v -0.112662 0.035027 -0.417904
v -0.120855 0.046384 -0.410516
v -0.233606 0.093429 -0.194816
v -0.257039 0.099598 -0.196742
v 0.313913 0.290788 -0.226309
v 0.326536 0.299734 -0.218451
v 0.016607 -0.220422 0.044591
v 0.026960 -0.220638 0.058180
v 0.034125 -0.213159 0.051421
v 0.110711 0.183823 0.289757
v 0.112970 0.180351 0.302134
v 0.081358 0.179880 0.286823
v 0.273804 0.186966 0.702011
v 0.253904 0.171166 0.699280
v 0.100333 0.346170 -0.543216
v 0.090565 0.345586 -0.531919
v 0.093188 0.336382 -0.537449
v -0.036645 0.173915 -0.102550
v -0.012859 0.171997 -0.125408
v -0.188718 -0.146007 0.336176
v -0.292817 0.156688 -0.277358
v -0.290234 0.165183 -0.295060
v -0.280532 0.164987 -0.289492
v 0.171067 0.286299 -0.347868
v 0.196953 0.304646 -0.356723
v 0.208972 0.307067 -0.336929
v 0.018883 0.269037 0.588952
v 0.205902 -0.432490 -0.614950
v 0.252305 0.458969 -0.611631
v 0.253997 0.446421 -0.598974
v 0.200943 0.268558 0.642000
v 0.180523 0.272405 0.644920
v 0.185481 0.270236 0.628528
v 0.063583 0.156597 -0.120846
v 0.076220 0.154832 -0.103783
v 0.056670 0.145862 -0.100745
v 0.317317 0.407105 -0.365228
v 0.285733 0.380461 -0.371231
v 0.338267 0.453281 -0.605380
v 0.307552 0.426384 -0.592439
v 0.337986 0.437545 -0.577118
v 0.293016 -0.032085 -0.069733
v 0.281885 -0.050751 -0.060977
v 0.307177 -0.031778 -0.038907
v -0.028980 -0.121394 -0.305591
v -0.003723 -0.122094 -0.307926
v 0.190358 0.202651 -0.060019
v 0.188846 0.190801 -0.058840
v -0.326738 -0.124440 -0.234766
v -0.318533 -0.125423 -0.259555
v -0.394943 0.058140 -0.341622
v -0.347498 0.065416 -0.157350
v -0.361164 0.062065 -0.147086
v -0.360650 0.077356 -0.157955
v 0.005718 -0.195625 0.309950
v -0.005938 -0.186903 0.310055
v -0.433090 0.019287 -0.365220
v -0.440613 0.029692 -0.357513
v 0.237979 -0.196199 -0.059819
v 0.223947 -0.192338 -0.054814
v 0.229194 -0.183386 -0.053723
v 0.330221 -0.116499 0.323993
v 0.353803 -0.089675 0.303961
v -0.184332 -0.151452 0.352934
v -0.360007 0.081926 -0.164716
v -0.363233 0.081243 -0.178585
v -0.350964 0.086201 -0.174893
v 0.022832 -0.182574 0.031300
v 0.016938 -0.204167 0.030928
v 0.033391 -0.192181 0.037507
v -0.157969 -0.173632 0.700939
v -0.178264 -0.157488 0.701176
v -0.162765 -0.155390 0.702106
v -0.001111 0.271212 0.663635
v 0.345904 -0.495078 -0.606704
v 0.344105 -0.494195 -0.618968
v 0.299959 -0.120535 0.427021
v 0.396496 -0.453723 -0.518860
v 0.390951 -0.468670 -0.521593
v -0.177320 0.090401 -0.225297
v -0.160793 0.085893 -0.226809
v -0.172490 0.083029 -0.206885
v -0.048415 -0.238544 0.670481
v -0.038159 -0.240632 0.654519
v -0.056571 -0.237962 0.655020
v 0.143467 0.379062 -0.555936
v -0.306523 0.115561 -0.282866
v -0.300273 0.128892 -0.284891
v -0.304393 -0.134484 -0.405892
v -0.304758 -0.118023 -0.420063
v -0.317998 -0.131282 -0.416647
v -0.130860 -0.188728 0.174888
v -0.135191 -0.184617 0.189404
v 0.367529 -0.048069 0.439090
v 0.381557 -0.027022 0.454486
v 0.378406 -0.011487 0.444584
v 0.330554 -0.502767 -0.516824
v 0.316652 -0.492921 -0.516925
v -0.147580 0.112926 0.245498
v -0.157963 0.124657 0.239279
v -0.158715 0.128977 0.256514
v 0.013017 0.131600 0.000803
v 0.014230 0.129409 0.018760
v -0.002302 0.132124 0.016245
v -0.384101 0.029614 -0.375906
v 0.336939 -0.151976 0.579470
v 0.357061 -0.123887 0.580087
v 0.351947 -0.128032 0.560159
v -0.209452 -0.099017 0.430865
v -0.219354 -0.106320 0.453610
v 0.030752 0.299437 -0.491211
v 0.020225 0.300771 -0.484899
v -0.091063 -0.081297 0.266475
v -0.245424 -0.096699 0.696454
v -0.253255 -0.096767 0.682520
v -0.256539 -0.090647 0.688181
v 0.311714 0.053753 -0.022892
v 0.302093 0.075662 -0.012889
v 0.293705 0.073709 -0.034369
v 0.040581 -0.274949 -0.455538
v 0.067652 -0.282984 -0.461497
v 0.040510 -0.263371 -0.442507
v -0.389350 -0.118557 -0.432041
v -0.398128 -0.099031 -0.426446
v -0.391638 -0.111217 -0.419523
v -0.227563 -0.106538 -0.423085
v -0.231161 -0.103933 -0.434721
v -0.246698 -0.101810 -0.428623
v 0.170798 -0.480899 -0.597250
v 0.177507 -0.488968 -0.606380
v -0.230134 0.164718 0.702724
v -0.226289 0.175342 0.703650
v -0.045783 -0.245786 -0.269356
v -0.049203 -0.260067 -0.256517
v -0.053183 -0.259434 -0.272746
v 0.024680 -0.210342 0.039601
v 0.306811 0.222868 0.589370
v 0.281551 0.228058 0.578908
v -0.122789 0.195043 0.409555
v -0.008885 0.267491 0.688430
v -0.024412 0.265189 0.690285
v -0.332733 -0.084337 -0.164214
v -0.347862 -0.086639 -0.161021
v -0.342006 -0.069256 -0.155644
v -0.413836 0.053420 -0.341583
v -0.408059 0.064173 -0.336096
v -0.426513 0.072636 -0.332468
v 0.170137 -0.266945 -0.254562
v 0.160490 -0.260333 -0.256875
v 0.161581 -0.256602 -0.238593
v 0.281076 0.316571 -0.208247
v 0.278495 0.322346 -0.223059
v -0.156445 0.190572 -0.097885
v -0.160748 0.180106 -0.116856
v -0.154812 0.190766 -0.120557
v 0.383095 -0.098657 0.672276
v 0.396336 -0.068668 0.680205
v 0.395146 -0.076227 0.666748
v 0.030909 0.190995 -0.377170
v 0.053606 0.200428 -0.389821
v 0.029757 0.205511 -0.404085
v -0.110811 0.047702 0.229148
v -0.466756 -0.058277 -0.191091
v 0.007944 0.176142 0.304238
v 0.024965 0.171823 0.301861
v 0.026839 0.184644 0.305994
v -0.331675 0.105825 -0.304797
v -0.332757 0.106842 -0.325054
v -0.203762 -0.124388 0.702348
v -0.193963 -0.137890 0.702162
v -0.214505 -0.127092 0.699727
v 0.191476 -0.194077 -0.049898
v -0.357616 -0.061319 -0.220541
v -0.359805 -0.055708 -0.241267
v -0.368014 -0.052203 -0.233028
v 0.200820 0.287459 -0.175669
v 0.189612 0.279251 -0.181718
v -0.140756 0.244530 0.547059
v -0.116115 0.253676 0.559526
v -0.133109 0.252047 0.573420
v -0.009445 -0.359120 -0.436419
v -0.024740 -0.353352 -0.417886
v -0.011871 -0.348098 -0.423293
v -0.171683 0.028324 0.115244
v -0.184607 0.163861 0.043273
v -0.182064 0.152362 0.055846
v -0.181153 0.155855 0.037177
v -0.039800 0.134197 0.273023
v -0.036855 0.140302 0.286273
v -0.357647 -0.111025 -0.349943
v 0.322330 0.079814 0.073754
v 0.315641 0.077032 0.033117
v 0.336515 0.053537 0.062104
v -0.457612 0.043730 -0.183481
v -0.449973 0.037614 -0.194351
v -0.454048 -0.070586 -0.225230
v -0.461392 -0.072157 -0.214574
v 0.416088 0.010691 0.616388
v 0.416757 0.011067 0.599763
v -0.092399 -0.178897 0.419229
v -0.088260 -0.166282 0.403740
v -0.298250 0.107478 -0.233275
v -0.301852 0.099050 -0.212927
v -0.316595 0.101991 -0.224474
v -0.489699 -0.108260 -0.275307
v -0.500428 -0.105564 -0.285077
v -0.503753 -0.092648 -0.262005
v -0.119272 0.184110 0.204141
v -0.130912 0.186635 0.206005
v -0.132232 0.186263 0.184668
v 0.014557 -0.214338 0.177188
v 0.030830 -0.222146 0.162990
v -0.187772 -0.101240 0.364263
v -0.187123 -0.104165 0.373235
v -0.135214 -0.086859 0.704390
v -0.122344 -0.079781 0.705212
v 0.354183 -0.385789 -0.345539
v 0.334381 -0.396196 -0.344328
v 0.343226 -0.387094 -0.330475
v -0.034723 0.281662 -0.414969
v -0.044967 0.284710 -0.408340
v -0.044785 0.291160 -0.415766
v -0.188023 0.086067 0.402946
v 0.128823 -0.196585 -0.061381
v 0.127459 -0.186800 -0.052366
v -0.012418 -0.222275 -0.168902
v -0.011634 -0.226789 -0.179119
v -0.290456 0.144106 -0.261253
v 0.310603 0.285044 -0.182210
v 0.304399 0.289353 -0.172114
v -0.195206 -0.075415 0.414447
v -0.196100 -0.100646 0.416169
v -0.187528 -0.092733 0.410097
v 0.292710 -0.141049 0.357039
v 0.377086 0.061137 0.701348
v 0.390228 0.057895 0.702122
v 0.195510 -0.449725 -0.624220
v 0.177624 -0.431536 -0.612436
v 0.172421 -0.443033 -0.611472
v 0.124451 0.230120 0.441950
v 0.131713 0.232752 0.455785
v 0.088699 0.238357 0.439555
v 0.323718 0.145296 0.291664
v 0.318756 0.148548 0.260991
v 0.333447 0.134660 0.273349
v -0.081167 0.095383 -0.281562
v 0.047793 -0.213986 0.079933
v -0.315417 0.067753 -0.170953
v -0.316609 0.080723 -0.178216
v -0.300916 0.080709 -0.177779
v 0.010642 -0.274767 -0.448577
v 0.020443 -0.274723 -0.452569
v 0.012463 -0.260653 -0.438903
v -0.031693 0.217738 0.350456
v -0.039820 0.221350 0.366268
v -0.348814 0.051122 -0.245723
v 0.113876 0.203300 0.216479
v 0.098682 0.200573 0.225777
v 0.100932 0.203528 0.206924
v 0.149711 0.348060 -0.566850
v 0.171655 0.361285 -0.580831
v 0.156514 0.365914 -0.575885
v -0.186169 -0.168285 0.439785
v -0.181717 -0.163204 0.425671
v -0.190683 0.125417 -0.314301
v -0.211037 0.128772 -0.304688
v -0.201090 0.129464 -0.323849
v -0.402852 -0.066766 -0.428362
v 0.244843 0.042016 -0.141409
v -0.369897 -0.100331 -0.337830
v -0.357382 -0.105085 -0.338046
v -0.371098 -0.105994 -0.348515
v 0.335446 0.494064 -0.641148
v 0.072517 -0.220555 -0.244208
v 0.085146 -0.229732 -0.264711
v 0.061254 -0.228307 -0.266114
v 0.413393 0.420636 -0.407586
v 0.407853 0.432781 -0.405298
v 0.322568 0.311880 -0.225756
v -0.000289 0.238818 0.339838
v -0.002684 0.228238 0.336942
v 0.008494 0.238310 0.328422
v 0.022127 0.219680 -0.290876
v 0.120776 -0.433021 -0.579473
v 0.128114 -0.444460 -0.584850
v -0.370108 -0.126567 -0.436823
v -0.354178 -0.143382 -0.418145
v -0.351179 -0.134993 -0.427948
v -0.076603 0.125728 -0.207403
v -0.061343 0.118143 -0.226560
v -0.189876 0.128374 -0.376553
v -0.195105 0.117983 -0.395159
v -0.183679 0.120720 -0.402138
v -0.374783 -0.094194 -0.168180
v -0.381350 -0.085444 -0.184267
v 0.347899 0.068290 0.375372
v -0.392810 -0.107102 -0.279143
v -0.405221 -0.116309 -0.282405
v -0.408885 -0.106742 -0.278530
v -0.464440 -0.073303 -0.224434
v 0.035194 -0.375003 -0.506890
v 0.042802 -0.388667 -0.505404
v -0.128663 -0.017700 0.191355
v -0.174440 0.188096 0.412668
v -0.178171 0.186603 0.402956
v -0.290592 0.088038 0.673151
v 0.225667 0.441495 -0.604054
v 0.217253 0.438984 -0.614405
v 0.046414 -0.204456 0.419453
v 0.033747 -0.206067 0.410772
v 0.036625 -0.210200 0.421376
v 0.112908 -0.165347 -0.009122
v 0.102207 -0.163596 -0.023258
v 0.100034 -0.163691 -0.002243
v 0.126658 -0.165314 0.002630
v -0.101719 -0.182909 0.215169
v -0.092496 -0.177078 0.241140
v -0.087532 -0.177072 0.215100
v -0.132974 -0.202202 0.357298
v 0.366197 -0.015622 0.137801
v 0.373328 -0.019994 0.167045
v 0.375865 -0.006551 0.147495
v 0.338397 -0.447936 -0.403842
v 0.328319 -0.439210 -0.387240
v 0.349152 -0.443255 -0.389940
v -0.401304 -0.043123 -0.431531
v -0.398751 -0.030030 -0.422270
v 0.274060 0.235432 0.592673
v 0.236932 0.254652 0.617959
v 0.211947 0.251303 0.581091
v -0.377489 0.047475 -0.218701
v -0.365331 0.052363 -0.213325
v -0.375444 0.056557 -0.195459
v -0.109954 -0.023606 0.703332
v -0.113293 -0.029449 0.702732
v -0.131157 -0.027705 0.702348
v 0.192618 0.118686 -0.110158
v 0.188992 0.106472 -0.128315
v 0.207276 0.106146 -0.101438
v -0.217950 0.024514 0.417177
v -0.212308 0.052599 0.418600
v -0.223090 0.023085 0.426243
v -0.126775 -0.019588 0.399210
v -0.069969 0.267697 -0.310895
v -0.055455 0.257405 -0.316374
v -0.028186 0.224164 0.396025
v -0.357093 0.079862 -0.186404
v -0.350964 0.086201 -0.174893
v 0.043631 0.222587 0.412215
v 0.039075 0.235939 0.421994
v -0.379080 -0.096856 -0.341782
v -0.164099 0.081295 0.340881
v -0.159564 0.090003 0.321414
v -0.174038 0.087248 0.327379
v 0.205232 -0.182719 0.285858
v -0.233483 0.070760 0.486088
v -0.219342 0.099664 0.460297
v -0.234053 0.090959 0.492229
v 0.283362 -0.322384 -0.184716
v 0.275790 -0.319132 -0.181027
v 0.056114 -0.169098 0.284494
v 0.042006 -0.159487 0.289881
v 0.065792 -0.168435 0.299187
v -0.326267 -0.050802 -0.155054
v -0.320900 -0.015145 -0.151962
v -0.311340 -0.027434 -0.152966
v -0.456419 0.030277 -0.122037
v -0.461202 0.036241 -0.141740
v -0.450501 0.043916 -0.134350
v -0.067041 -0.187588 -0.184399
v -0.074467 -0.196100 -0.163895
v 0.015495 -0.241576 -0.308910
v 0.007020 -0.235345 -0.291939
v -0.363815 -0.040548 -0.442820
v -0.452805 0.047391 -0.223732
v -0.444575 0.033252 -0.229952
v -0.452625 0.036080 -0.236171
v -0.139034 -0.113198 -0.296657
v -0.143873 -0.115719 -0.322311
v -0.159147 -0.121841 -0.294795
v -0.466847 -0.069266 -0.198151
v -0.449185 -0.069206 -0.203819
v -0.073389 -0.300340 -0.289821
v -0.071684 -0.285429 -0.299630
v -0.071031 -0.286422 -0.287557
v -0.525811 0.033931 -0.342249
v -0.516372 0.045984 -0.342788
v 0.377842 -0.470493 -0.575425
v 0.380396 -0.482429 -0.574204
v 0.389322 -0.478853 -0.568009
v 0.391315 -0.471550 -0.564128
v 0.394561 -0.485119 -0.558018
v 0.111058 0.223652 -0.223482
v 0.131321 0.224438 -0.199235
v -0.141265 -0.147232 -0.146526
v -0.149904 -0.145639 -0.122593
v -0.153977 -0.156710 -0.127276
v 0.301329 -0.110435 0.105884
v 0.282410 -0.121330 0.101876
v 0.284033 -0.118138 0.124942
v 0.291211 -0.456672 -0.489657
v 0.092424 0.186119 -0.133194
v 0.086037 0.173436 -0.122833
v 0.070160 0.170766 -0.134708
v -0.096763 0.102799 0.702322
v -0.110035 0.106373 0.702469
v -0.088591 0.119695 0.703824
v 0.017996 -0.089068 -0.300105
v 0.007715 -0.075411 -0.314303
v -0.006508 -0.074449 -0.322347
v 0.348127 -0.305415 -0.247268
v 0.351210 -0.316257 -0.256630
v -0.507424 0.040884 -0.318515
v -0.505499 0.053711 -0.321700
v -0.196870 -0.140200 0.376758
v -0.194645 -0.131877 0.389727
v -0.360646 0.048355 -0.257233
v -0.357592 0.056680 -0.270106
v -0.102954 0.178546 0.402242
v -0.090902 0.180731 0.411534
v -0.133912 -0.151586 -0.494619
v -0.307125 0.106828 -0.239199
v -0.155291 -0.150098 -0.371181
v -0.165007 -0.151311 -0.364319
v -0.160093 -0.141437 -0.349377
v 0.249933 -0.203362 -0.098188
v 0.253389 -0.200662 -0.076427
v 0.244532 -0.193961 -0.091682
v -0.323805 0.130634 -0.356684
v -0.325612 0.134933 -0.369056
v -0.320266 0.145969 -0.369085
v 0.146321 0.144518 0.079315
v 0.126980 0.143356 0.067409
v 0.141207 0.144397 0.060586
v -0.499417 -0.055885 -0.317822
v 0.324596 -0.137235 0.270461
v 0.314299 -0.142270 0.293406
v -0.147911 0.203456 -0.098798
v -0.153963 0.193725 -0.077721
v -0.169874 0.153379 0.311021
v -0.181474 -0.080931 0.410026
v -0.143875 -0.127420 -0.130526
v 0.339027 -0.500780 -0.588549
v 0.353746 -0.491500 -0.589347
v 0.322872 -0.538978 -0.638429
v 0.318429 -0.534959 -0.623262
v 0.327991 -0.515216 -0.615524
v 0.057072 0.180177 -0.180166
v 0.039696 0.178216 -0.172918
v 0.181640 -0.162642 0.119548
v 0.192400 -0.152788 0.105288
v -0.503955 -0.015857 -0.363160
v -0.495537 -0.023760 -0.355700
v -0.491112 -0.012916 -0.364189
v 0.188060 0.337287 -0.456445
v 0.159475 0.324258 -0.449618
v 0.151524 0.330136 -0.456795
v -0.161868 -0.093287 0.001001
v -0.157718 -0.104202 -0.029332
v 0.217219 -0.163784 0.388019
v 0.214179 -0.169229 0.376239
v 0.200879 -0.168821 0.378343
v -0.444633 0.072205 -0.203894
v -0.442663 0.073580 -0.215916
v -0.428063 0.067225 -0.208522
v 0.321831 0.131252 0.430283
v -0.068599 0.109692 -0.242008
v 0.212319 -0.104638 -0.108131
v 0.223709 -0.083518 -0.113772
v 0.212109 -0.090639 -0.122514
v -0.169421 0.215254 0.434382
v -0.168423 0.206399 0.423441
v -0.160497 0.214506 0.426004
v -0.212866 -0.126807 -0.461100
v -0.204062 -0.127567 -0.451566
v -0.032623 0.225178 0.380271
v -0.022765 0.228127 0.389874
v 0.081952 0.245890 0.470955
v 0.092309 0.242690 0.460293
v 0.107994 0.245595 0.490046
v 0.322675 0.488230 -0.668417
v 0.316292 0.502323 -0.671078
v -0.035558 0.160502 0.068697
v -0.022379 0.157048 0.055450
v -0.422333 -0.114486 -0.302733
v -0.405829 -0.115965 -0.306499
v 0.080392 -0.196213 0.392597
v 0.073901 -0.190677 0.402200
v -0.002666 -0.166683 0.224774
v 0.003380 -0.180360 0.224526
v -0.008535 -0.168785 0.206807
v -0.022933 -0.140916 -0.311430
v -0.030173 -0.136576 -0.302209
v -0.470354 -0.113000 -0.294310
v -0.445765 -0.112390 -0.298899
v -0.097396 0.208242 -0.125416
v -0.090419 0.194972 -0.132507
v -0.447520 -0.003054 -0.237986
v 0.026653 0.294572 -0.449153
v 0.023214 0.296122 -0.455437
v 0.201212 0.193477 -0.061520
v -0.176486 0.173854 0.310930
v -0.166674 0.167930 0.306588
v -0.517130 -0.010120 -0.337970
v -0.510672 -0.021613 -0.336963
v -0.162842 0.207626 0.341659
v 0.312110 -0.431633 -0.397999
v 0.342809 -0.386177 -0.311340
v 0.323058 -0.390700 -0.327063
v 0.326346 -0.388305 -0.318614
v -0.048682 0.158857 0.085334
v -0.126872 0.210399 0.070322
v -0.121202 0.205176 0.080883
v -0.141004 0.203530 0.093999
v 0.064585 -0.172920 0.312949
v 0.165240 0.338376 -0.562373
v 0.168021 0.350472 -0.572651
v 0.263673 0.192076 0.699191
v 0.317384 -0.121675 0.441439
v 0.313782 -0.111015 0.429792
v -0.234356 0.191488 0.608158
v -0.226888 0.188935 0.577847
v -0.313715 0.098179 -0.212243
v -0.228953 0.197847 0.634549
v -0.221794 0.204860 0.619394
v -0.208136 0.216545 0.630476
v 0.361168 -0.441048 -0.550341
v 0.342001 -0.462950 -0.595352
v 0.369886 -0.456385 -0.562410
v -0.163141 -0.165375 0.407966
v -0.172255 -0.153652 0.411249
v -0.108426 0.084865 0.701920
v 0.361290 0.043445 0.433699
v 0.374337 0.056589 0.447527
v 0.365813 0.060391 0.438692
v 0.397561 0.436775 -0.413334
v 0.375222 0.439443 -0.427438
v 0.389072 0.434748 -0.431137
v 0.013957 0.302990 -0.476927
v 0.339492 0.413149 -0.352840
v 0.327334 0.407928 -0.336124
v 0.328444 0.412209 -0.357713
v 0.128718 0.336094 -0.554759
v 0.124621 0.313960 -0.541528
v 0.041347 0.270899 0.596453
v 0.040349 0.266984 0.579413
v -0.098493 0.235707 0.699937
v -0.222613 -0.057804 0.698886
v -0.229333 -0.069139 0.699041
v -0.236953 -0.062020 0.699165
v -0.041902 0.248289 -0.313387
v 0.256237 0.016013 -0.145853
v 0.273563 0.016350 -0.124935
v -0.430127 0.068913 -0.245863
v -0.444991 0.082946 -0.248147
v 0.255618 0.159991 0.360429
v 0.252560 0.159115 0.343745
v 0.390323 0.498741 -0.542707
v 0.350981 0.446269 -0.407505
v 0.362987 0.447650 -0.410888
v 0.356635 0.447710 -0.395106
v -0.262070 -0.084737 0.676727
v -0.268600 -0.075696 0.663449
v -0.245968 0.017579 -0.123082
v -0.258650 0.019437 -0.133202
v -0.249900 0.031081 -0.130013
v 0.409434 -0.015707 0.574603
v 0.404088 -0.033538 0.574298
v -0.252020 0.085475 0.525933
v -0.238362 0.116570 0.517937
v -0.245386 0.112228 0.532664
v -0.259104 0.152302 0.691437
v -0.236727 -0.093463 0.698993
v -0.237166 -0.083154 0.699201
v 0.348194 -0.365063 -0.271658
v 0.027020 0.180971 -0.357927
v 0.347818 0.096473 0.227662
v 0.345299 0.080373 0.193588
v 0.353859 0.078118 0.218656
v -0.061717 0.281308 -0.380923
v -0.047586 0.272142 -0.388289
v -0.186052 -0.181460 -0.471914
v 0.083777 -0.247056 0.616863
v 0.064891 -0.247015 0.621825
v 0.088681 -0.248299 0.628077
v 0.035710 0.219450 0.398337
v 0.047702 0.208212 0.391954
v 0.133292 0.194813 0.346706
v 0.120251 0.191706 0.333877
v -0.129483 -0.180872 0.332321
v -0.186452 0.193940 0.341900
v 0.280716 -0.130055 0.415156
v 0.352863 0.051708 0.137701
v 0.338947 0.067755 0.133640
v 0.341071 0.055265 0.092786
v -0.225828 -0.117356 -0.402949
v -0.210034 -0.111747 -0.409898
v -0.242795 -0.110597 -0.416384
v 0.172116 0.273387 0.640445
v 0.161699 0.271463 0.621546
v 0.169701 0.266911 0.602393
v 0.346413 0.406062 -0.307186
v 0.333964 0.409692 -0.322145
v 0.344315 0.406410 -0.321329
v -0.513611 0.039863 -0.328904
v -0.178658 -0.161478 -0.050808
v -0.170658 -0.146187 -0.048659
v -0.175618 -0.146153 -0.027042
v -0.176991 -0.131883 -0.384303
v -0.183916 -0.122813 -0.388105
v 0.140641 0.220513 -0.088630
v 0.136868 0.207033 -0.083409
v 0.123273 0.206013 -0.104446
v -0.260404 0.009749 0.528637
v -0.262615 0.038760 0.533501
v 0.228851 -0.149342 0.143435
v 0.258173 -0.142092 0.158335
v 0.393979 0.410865 -0.444568
v -0.394128 -0.082370 -0.411978
v 0.158166 -0.235615 -0.192734
v 0.183704 -0.256525 -0.194169
v -0.005970 0.211856 -0.200357
v -0.001607 0.204153 -0.191214
v -0.008721 0.210205 -0.189929
v -0.309925 0.116036 -0.423784
v -0.304514 0.131192 -0.405865
v -0.026401 -0.190788 0.324737
v 0.325441 0.074997 0.389745
v -0.025797 0.208911 -0.202917
v -0.358536 -0.111725 -0.268695
v 0.199328 0.179453 0.380595
v 0.192424 0.207221 -0.225402
v 0.205716 0.216820 -0.224466
v 0.050904 0.211725 0.375291
v 0.353704 0.156138 0.700788
v 0.357275 0.168563 0.701313
v 0.369552 0.160627 0.698083
v -0.153793 0.027552 0.400825
v -0.149635 0.041276 0.400926
v -0.168107 0.032104 0.402839
v -0.156922 -0.195726 -0.470103
v -0.151596 -0.190309 -0.484438
v -0.163824 -0.197155 -0.482041
v -0.278389 0.162956 -0.312668
v -0.289437 0.163447 -0.312900
v -0.292797 0.160589 -0.326200
v -0.008366 -0.152439 0.224986
v -0.328403 -0.116240 -0.206762
v -0.024356 -0.134235 0.267793
v -0.020562 -0.135387 0.280828
v 0.213134 -0.354720 -0.409267
v 0.201756 -0.340880 -0.391680
v -0.517956 0.023602 -0.303748
v 0.373607 0.013470 0.409394
v 0.365789 0.023914 0.409968
v -0.470297 0.000770 -0.205624
v -0.469596 -0.012794 -0.196480
v -0.456571 -0.006585 -0.205505
v 0.276625 0.387711 -0.560560
v 0.294990 0.394442 -0.549641
v 0.289873 0.407853 -0.580821
v 0.014652 0.268649 0.689822
v 0.028456 0.267141 0.692640
v 0.021533 0.260308 0.697693
v -0.159808 0.078704 0.371798
v -0.175827 0.075294 0.366891
v 0.295793 -0.084373 0.702029
v 0.302922 -0.068714 0.703094
v 0.314006 -0.083290 0.701948
v 0.070576 0.006660 -0.344553
v 0.052418 0.021397 -0.350588
v 0.060159 0.000831 -0.356280
v -0.227324 0.125177 -0.246678
v -0.170111 0.168413 -0.436004
v -0.176168 0.167591 -0.448261
v 0.080816 0.157818 -0.282393
v 0.057103 0.144346 -0.279594
v 0.085125 0.149638 -0.263646
v 0.379081 0.057010 0.339272
v 0.382026 0.058241 0.306740
v 0.145284 0.310032 -0.430864
v -0.183057 -0.147123 0.033899
v -0.184379 -0.150994 0.000079
v -0.176868 -0.139531 0.022174
v -0.020823 0.207876 0.321847
v -0.009494 0.199787 0.310821
v -0.057329 0.152217 0.151483
v -0.068268 0.160749 0.147558
v -0.057822 0.152298 0.129632
v -0.013663 -0.214239 0.345128
v -0.284281 -0.169351 -0.251330
v -0.269787 -0.167578 -0.252325
v -0.281971 -0.174693 -0.263513
v 0.248778 0.251513 0.679666
v 0.327221 -0.150019 0.703175
v 0.321471 -0.168447 0.693889
v 0.305745 -0.170234 0.704119
v 0.398855 0.105485 0.579941
v 0.381767 0.133872 0.565675
v 0.389696 0.110630 0.562069
v -0.323736 0.094935 -0.198873
v -0.328013 0.097188 -0.207865
v -0.294226 0.140946 -0.270591
v -0.300777 0.144360 -0.290031
v 0.020538 0.134933 -0.014047
v 0.009183 0.135077 -0.018631
v -0.476545 -0.026761 -0.167430
v -0.479385 -0.009118 -0.170707
v -0.475565 -0.014626 -0.155109
v 0.208656 -0.145787 -0.077191
v 0.217974 -0.159818 -0.072844
v 0.316333 -0.547388 -0.674347
v 0.320935 -0.527723 -0.672831
v 0.306732 -0.537171 -0.672528
v -0.111569 -0.029664 0.394909
v -0.102859 -0.013096 0.392205
v -0.114116 -0.020461 0.397294
v 0.329184 -0.171133 0.647097
v 0.340469 -0.158771 0.650188
v 0.346668 -0.149381 0.630009
v -0.530680 0.020227 -0.334329
v -0.527725 0.005597 -0.332340
v -0.017002 -0.243126 -0.265261
v -0.021132 -0.248758 -0.276946
v -0.026890 -0.255893 -0.268022
v -0.018068 -0.245578 -0.252960
v 0.212992 0.258246 -0.368096
v 0.172765 0.221471 -0.328173
v 0.243493 0.270749 -0.355205
v 0.218162 -0.121051 -0.075081
v 0.208582 -0.122140 -0.094752
v 0.212729 -0.134458 -0.067683
v -0.376578 -0.106279 -0.399741
v -0.389354 -0.102336 -0.412275
v -0.197056 0.153763 0.334344
v -0.198622 0.146885 0.324650
v 0.241706 0.252966 -0.289789
v 0.210870 0.231389 -0.276343
v 0.261751 0.260833 -0.263331
v -0.376537 0.086338 -0.378554
v -0.045294 0.169737 0.313107
v -0.051742 0.162256 0.306473
v -0.036447 0.162396 0.309606
v -0.353786 -0.080846 -0.267755
v -0.358615 -0.092749 -0.270462
v -0.376745 -0.091502 -0.275814
v -0.116859 -0.164103 0.293634
v -0.134728 -0.163566 0.282115
v -0.486097 -0.041886 -0.229745
v 0.384025 -0.461859 -0.512834
v -0.004701 0.200238 -0.173829
v -0.013455 0.207652 -0.172016
v 0.156880 0.201786 0.429503
v 0.148617 0.191464 0.417606
v 0.164474 0.190566 0.423878
v -0.337022 -0.147909 -0.356159
v -0.156415 -0.173696 0.143863
v -0.160154 -0.155420 0.145680
v -0.153936 -0.165787 0.168270
v -0.293011 0.022000 0.615576
v -0.287404 0.019016 0.596677
v -0.281916 0.057378 0.595082
v 0.007752 -0.197464 -0.369726
v 0.019127 -0.217511 -0.388768
v 0.032987 -0.204147 -0.369006
v -0.179940 0.040724 0.022192
v -0.168061 0.051370 0.038544
v -0.183592 0.036268 0.044472
v 0.382723 -0.488373 -0.561448
v -0.414887 0.123691 -0.288930
v -0.418129 0.114555 -0.276778
v -0.429809 0.124978 -0.285091
v 0.319122 -0.331247 -0.246065
v 0.301105 -0.335639 -0.242544
v 0.308272 -0.319730 -0.218857
v -0.028008 0.105459 -0.282997
v 0.131635 -0.187259 0.331050
v 0.119026 -0.197499 0.345291
v 0.157854 -0.185381 0.345631
v 0.163655 0.241263 -0.113839
v 0.173717 0.242575 -0.127268
v -0.423368 -0.072949 -0.184320
v -0.423497 -0.064518 -0.195125
v -0.437858 -0.069909 -0.180694
v 0.193818 -0.481911 -0.625061
v 0.214373 -0.496133 -0.635557
v -0.020895 -0.149199 -0.320075
v -0.025504 -0.156726 -0.306474
v 0.211884 -0.504329 -0.633871
v 0.151026 -0.177973 0.314273
v 0.126252 -0.177508 0.308456
v 0.132259 -0.181533 0.321661
v 0.336588 0.440955 -0.399185
v 0.327771 0.433036 -0.408164
v 0.339141 0.437958 -0.417079
v -0.144042 0.183275 0.201782
v 0.078411 0.338122 -0.514593
v 0.072648 0.186309 0.314112
v 0.099505 0.181551 0.310732
v 0.108109 0.187166 0.322876
v 0.217621 -0.073893 -0.134354
v -0.099637 0.117603 -0.212132
v -0.106471 0.106282 -0.220128
v -0.086938 0.116317 -0.215116
v -0.337323 -0.116084 -0.312180
v -0.337260 -0.117309 -0.336739
v -0.345046 -0.109857 -0.328146
v -0.530680 0.020227 -0.334329
v -0.531679 0.010216 -0.343665
v -0.530444 0.023653 -0.346900
v 0.216269 -0.252406 -0.343354
v 0.246092 -0.271667 -0.355423
v 0.234175 -0.254868 -0.330978
v 0.393039 0.137500 0.665509
v 0.387768 0.147016 0.678396
v -0.072490 -0.198032 0.042942
v -0.072205 -0.200359 0.028801
v -0.100727 0.257585 0.647269
v -0.123816 0.251590 0.658584
v -0.105289 0.256419 0.646841
v 0.325548 -0.296967 -0.171855
v 0.311104 -0.286311 -0.169437
v 0.271004 -0.240640 -0.121188
v 0.274279 -0.232394 -0.127375
v -0.081689 -0.040061 0.304739
v -0.083035 -0.056609 0.313461
v 0.034873 0.278107 -0.402051
v 0.023621 0.283113 -0.412855
v 0.048385 0.290006 -0.419620
v 0.342096 0.373631 -0.271529
v 0.336970 0.390191 -0.275345
v 0.352709 0.390759 -0.277445
v -0.320029 0.111725 -0.283078
v -0.380398 0.072590 -0.449482
v -0.461671 0.003810 -0.210505
v 0.239741 -0.160477 0.421345
v 0.250248 -0.164079 0.433970
v 0.257043 -0.158373 0.417266
v 0.309018 -0.425359 -0.380058
v 0.319884 -0.436643 -0.395371
v -0.216765 -0.072450 -0.447859
v -0.212773 -0.061416 -0.448530
v -0.038600 -0.145166 0.218860
v -0.026925 -0.146331 0.212574
v -0.191063 -0.135751 -0.307335
v -0.448749 0.051938 -0.145112
v 0.384267 -0.352810 -0.311934
v 0.384677 -0.361910 -0.316532
v 0.385249 -0.367058 -0.301278
v 0.021759 -0.244153 0.691551
v -0.097473 0.060593 -0.379694
v -0.083522 0.047690 -0.395719
v -0.068941 0.059021 -0.373123
v -0.161734 0.187003 -0.008746
v 0.290576 -0.399004 -0.356662
v 0.293222 -0.380964 -0.333739
v -0.200799 -0.154395 0.685673
v -0.194691 -0.165201 0.666319
v -0.212165 -0.146496 0.666883
v 0.259798 0.379867 -0.475077
v 0.240206 0.362207 -0.464183
v 0.000647 0.041474 0.706480
v 0.000692 0.075102 0.705667
v 0.013670 0.065497 0.705875
v -0.308763 -0.158870 -0.276436
v 0.379234 -0.493364 -0.547673
v 0.016957 -0.196547 0.314257
v 0.174782 -0.057205 -0.202089
v 0.175797 -0.068346 -0.189201
v -0.173866 0.058681 0.702597
v -0.189203 0.038610 0.703011
v -0.187400 0.058119 0.703191
v 0.000004 -0.223625 0.045125
v 0.009945 -0.226973 0.059490
v -0.074594 0.278677 -0.335390
v -0.082032 0.283512 -0.326727
v -0.176211 0.060692 -0.455160
v -0.194463 0.049990 -0.456164
v -0.172267 0.040122 -0.449181
v 0.108247 0.205970 0.410705
v 0.121595 0.201022 0.410857
v 0.111624 0.214668 0.415211
v 0.200945 0.033929 -0.206451
v 0.000016 0.239428 0.415991
v -0.011919 -0.238443 -0.220227
v -0.024645 -0.249089 -0.240141
v -0.014278 0.214989 -0.415986
v 0.001945 0.216610 -0.420431
v 0.003186 0.225572 -0.432726
v -0.066216 0.266147 -0.321983
v -0.053783 0.261203 -0.333021
v -0.207195 -0.083405 -0.127607
v -0.356296 -0.063793 -0.148467
v -0.020398 0.186237 -0.133885
v -0.370728 0.085059 -0.392271
v 0.344366 -0.117738 0.702676
v 0.353459 -0.121698 0.700382
v 0.139344 -0.163837 0.000126
v 0.130418 -0.165644 0.022313
v -0.466368 0.030475 -0.359009
v -0.460446 0.016724 -0.363134
v 0.399099 0.087294 0.698059
v 0.394826 0.099992 0.698522
v -0.365643 0.109150 -0.290185
v -0.371013 0.113263 -0.296663
v -0.156853 -0.114963 0.324012
v -0.160099 -0.103338 0.329022
v -0.170460 -0.110087 0.335664
v 0.393708 0.383535 -0.355682
v 0.392898 0.385854 -0.368923
v 0.044482 -0.318133 -0.429914
v 0.021029 -0.303695 -0.400778
v 0.037224 -0.302836 -0.401665
v -0.117681 -0.117942 -0.458960
v -0.134017 -0.114793 -0.480250
v -0.035855 -0.295269 -0.328134
v -0.040783 -0.307706 -0.330430
v 0.270086 -0.156979 0.329192
v 0.257144 -0.159404 0.344327
v -0.152451 -0.124048 -0.329406
v -0.166824 -0.137322 -0.331396
v -0.175750 -0.131929 -0.312182
v -0.192466 0.122102 0.414479
v -0.192856 0.132411 0.399837
v 0.189319 -0.173927 -0.188872
v 0.179110 -0.148166 -0.170610
v 0.163029 -0.153987 -0.205050
v -0.037761 -0.210328 0.426271
v -0.047713 -0.213125 0.428957
v -0.034747 -0.223549 0.433073
v -0.473014 -0.031576 -0.175087
v 0.152745 0.184280 0.300769
v 0.154778 0.180169 0.316456
v 0.140609 0.181790 0.305932
v 0.061440 -0.223536 0.441139
v 0.058934 -0.226380 0.456250
v 0.126024 -0.168455 0.404536
v 0.135026 -0.176073 0.389405
v 0.317323 0.500942 -0.640450
v 0.328323 0.493797 -0.635464
v 0.307880 -0.273445 -0.166664
v 0.271034 0.350468 -0.497479
v 0.266357 0.329831 -0.461139
v -0.011426 0.259988 -0.358485
v -0.013378 0.267948 -0.387668
v 0.007582 0.266005 -0.376909
v -0.492628 0.050152 -0.353129
v -0.477224 0.034950 -0.361347
v -0.476699 0.053470 -0.346154
v 0.241207 -0.294804 -0.160835
v -0.024621 -0.181876 -0.346758
v -0.012283 -0.173195 -0.348945
v -0.051412 0.164421 0.019243
v -0.039327 0.158180 0.002396
v -0.032788 0.152674 0.010380
v -0.355294 -0.007610 -0.132838
v -0.369469 0.009330 -0.121968
v -0.360519 0.016973 -0.129420
v 0.393593 0.082411 0.546259
v 0.161058 0.393260 -0.582311
v 0.161282 0.394220 -0.570177
v 0.117676 0.296298 -0.404847
v 0.117932 0.295085 -0.392737
v 0.088085 0.284441 -0.387699
v -0.047509 0.187377 0.339658
v -0.043038 0.180320 0.325265
v -0.212423 -0.026913 -0.050693
v -0.217022 -0.019950 -0.029045
v -0.103304 0.193521 -0.146510
v -0.107504 0.175762 -0.169055
v 0.087278 -0.175354 0.291585
v -0.025864 0.159716 -0.088725
v -0.022537 0.155047 -0.069066
v -0.125231 0.243935 0.516534
v -0.163434 0.225611 0.521990
v -0.146397 -0.117863 0.205859
v -0.128984 -0.100968 0.222676
v -0.143204 -0.113168 0.227764
v 0.326382 -0.552948 -0.652693
v 0.330322 -0.545720 -0.661641
v -0.088197 0.280245 -0.310133
v -0.076080 0.274875 -0.312504
v 0.406950 -0.028210 0.691152
v 0.409794 -0.028764 0.679201
v 0.402553 -0.051524 0.688448
v 0.340715 0.075729 0.167284
v -0.002718 0.187906 0.114418
v -0.113825 0.094476 0.285042
v -0.102067 0.090526 0.287771
v -0.099217 0.088620 0.266859
v -0.483637 -0.027889 -0.344100
v -0.501978 -0.027519 -0.344512
v -0.485077 -0.033454 -0.335057
v 0.047482 -0.196870 0.049679
v 0.052444 -0.205852 0.066197
v 0.294651 0.389191 -0.314790
v 0.297555 0.397456 -0.304928
v -0.002607 -0.254538 -0.324884
v -0.009872 -0.246298 -0.300728
v 0.039124 0.140530 -0.097086
v 0.051983 0.142515 -0.078580
v -0.008657 -0.185359 -0.082374
v 0.154901 -0.155036 0.077431
v 0.138234 -0.157437 0.065867
v 0.135732 -0.156085 0.082156
v 0.107183 0.354126 -0.533118
v 0.109379 0.357593 -0.544150
v 0.118070 0.354795 -0.531949
v -0.261793 0.007657 -0.136048
v -0.269205 -0.009948 -0.141702
v 0.021391 -0.210697 -0.157692
v 0.011602 -0.202889 -0.134112
v 0.035837 -0.201159 -0.156473
v 0.356806 -0.007608 0.075678
v 0.354573 0.005779 0.057730
v 0.348645 -0.012859 0.051916
v -0.203635 -0.133477 -0.491458
v -0.209541 -0.125010 -0.481630
v -0.211882 -0.133603 -0.475860
v -0.061193 -0.296855 -0.275201
v -0.069458 -0.286697 -0.275990
v -0.271416 -0.059069 0.592889
v -0.252171 -0.092232 0.570480
v -0.269283 -0.056486 0.572596
v -0.209879 0.138309 -0.488213
v -0.210875 0.137086 -0.478501
v -0.214265 0.123974 -0.488786
v 0.151588 0.354872 -0.499704
v 0.100089 0.326908 -0.468100
v 0.086708 0.324232 -0.477840
v 0.182073 -0.179265 0.703587
v 0.174018 -0.152584 0.701873
v 0.198512 -0.165373 0.702892
v -0.015685 -0.241891 0.663825
v -0.008798 -0.131733 -0.311887
v 0.006836 -0.136548 -0.312524
v -0.018949 -0.211938 0.407920
v -0.014676 -0.218002 0.399611
v -0.032849 -0.202912 0.411104
v -0.409791 -0.059966 -0.205266
v -0.085082 0.205279 -0.051200
v -0.085943 0.212337 -0.066816
v -0.080104 0.197455 -0.062192
v -0.062345 -0.269684 -0.288275
v 0.397816 -0.431912 -0.468278
v -0.180259 0.121411 -0.416790
v -0.187823 0.109560 -0.417455
v -0.183827 0.116790 -0.432690
v -0.479783 0.018436 -0.176174
v -0.477986 0.006157 -0.160530
v -0.199942 -0.027600 0.075040
v -0.203126 -0.035244 0.049746
v -0.204747 -0.016610 0.074949
v -0.029548 0.205107 -0.153049
v -0.021243 0.208159 -0.164340
v -0.206178 0.013822 0.702985
v 0.058354 -0.242245 0.577202
v 0.022287 -0.240076 0.559405
v 0.039746 -0.243818 0.580669
v 0.222330 -0.403549 -0.466816
v -0.129894 0.098670 0.235297
v -0.144263 0.107513 0.218991
v 0.310556 0.484588 -0.610918
v 0.308975 0.497629 -0.628869
v -0.105812 0.229079 -0.070052
v -0.116400 0.230613 -0.081048
v -0.146537 0.125134 -0.166420
v -0.143305 0.134092 -0.175010
v -0.151210 0.146048 -0.159394
v -0.319107 -0.161063 -0.300160
v 0.010250 -0.148148 0.005688
v 0.013834 -0.148932 -0.014276
v 0.000740 -0.152261 -0.003272
v 0.294901 -0.368355 -0.264885
v 0.282378 -0.360250 -0.262193
v 0.011036 0.216430 -0.265067
v 0.013630 0.216638 -0.275171
v 0.010042 -0.205276 0.319611
v 0.004316 -0.213966 0.327862
v 0.118888 -0.006650 -0.311400
v 0.100283 0.000645 -0.323726
v 0.100562 -0.009823 -0.322786
v 0.327181 -0.099504 0.348827
v 0.342177 -0.090146 0.337942
v 0.184409 -0.234227 -0.085016
v 0.172735 -0.228503 -0.105473
v 0.168628 -0.224986 -0.078089
v -0.204813 0.160951 0.468204
v -0.196494 0.178578 0.475072
v -0.006348 0.061523 0.705489
v -0.015786 0.065505 0.702963
v -0.281427 -0.030818 0.592511
v -0.289739 -0.027964 0.624504
v -0.205854 0.034448 -0.073446
v -0.217384 0.031813 -0.099112
v -0.206008 0.046608 -0.109602
v 0.315334 -0.394050 -0.338732
v -0.264558 0.144763 -0.247973
v -0.270739 0.157321 -0.267757
v 0.349621 -0.098518 0.288830
v 0.368222 -0.067722 0.284533
v 0.359390 -0.078548 0.259321
v -0.461422 -0.049747 -0.184508
v -0.467953 -0.050095 -0.168726
v -0.462014 -0.058214 -0.173096
v 0.129599 0.150115 0.002383
v 0.103052 0.149911 -0.004224
v 0.144615 0.150911 -0.008582
v 0.102264 -0.246736 -0.294102
v 0.139952 -0.277401 -0.321814
v 0.106787 -0.256172 -0.311101
v -0.079041 0.201582 -0.077185
v -0.070752 0.190570 -0.078948
v -0.001307 0.138012 0.028957
v 0.273605 0.295261 -0.167604
v 0.269399 0.277355 -0.162989
v 0.245563 0.287728 -0.163968
v -0.381550 -0.095858 -0.395046
v -0.386698 -0.081830 -0.392068
v -0.387707 -0.092218 -0.382379
v -0.056700 0.182524 -0.086574
v -0.039252 0.167817 -0.084102
v -0.045888 0.170422 -0.075178
v -0.226344 0.115978 -0.468850
v -0.223740 0.109859 -0.480195
v 0.344493 0.436539 -0.455578
v 0.338583 0.445735 -0.478600
v 0.140496 -0.233768 -0.226520
v 0.162386 -0.248743 -0.223229
v 0.189487 0.360400 -0.580623
v -0.269077 0.122654 0.698475
v -0.267414 0.134668 0.695397
v -0.297302 0.049038 0.692375
v -0.299404 0.056545 0.678164
v 0.217471 0.429141 -0.618091
v -0.186491 -0.118716 0.397145
v 0.110583 0.250084 0.516957
v 0.134161 0.247681 0.517450
v -0.090691 0.042329 0.368762
v -0.083752 0.022737 0.363178
v 0.039459 0.167019 0.275566
v 0.033028 0.169309 0.261187
v 0.039114 0.177345 0.257076
v 0.176850 0.172650 -0.053114
v 0.165654 0.162333 -0.043226
v -0.065860 -0.177866 -0.205881
v -0.072876 -0.166375 -0.217691
v -0.086028 -0.166816 -0.210149
v -0.106215 0.097263 -0.324369
v -0.096711 0.089360 -0.338269
v -0.096699 0.171247 -0.166409
v -0.090305 0.161925 -0.171200
v 0.067203 -0.202131 -0.193007
v -0.357382 -0.105085 -0.338046
v -0.223559 0.100835 -0.418632
v -0.165282 -0.132147 0.315678
v -0.156950 -0.139375 0.313024
v -0.137762 0.116281 -0.181033
v 0.401209 0.459696 -0.525633
v 0.397209 0.463769 -0.520879
v 0.209235 0.285727 -0.167719
v 0.375060 0.427354 -0.510520
v -0.512778 -0.048415 -0.307014
v -0.084165 -0.234457 0.647637
v 0.402590 0.102144 0.680005
v 0.119448 0.363090 -0.545993
v 0.133371 -0.198386 0.264728
v 0.094262 -0.208662 0.236980
v 0.099741 -0.201513 0.257870
v -0.400065 -0.075508 -0.420586
v -0.080902 -0.214344 0.459589
v -0.068140 -0.217026 0.465647
v -0.050001 -0.223850 0.446803
v -0.231587 0.094904 -0.465074
v 0.312040 0.292286 -0.243231
v -0.118255 -0.117186 -0.251096
v -0.116270 -0.118654 -0.240547
v -0.095803 -0.122213 -0.243116
v 0.202801 0.424710 -0.593430
v 0.218029 0.423837 -0.588472
v 0.310845 0.214104 0.702195
v -0.365208 -0.041985 -0.133605
v -0.005841 -0.235421 0.386996
v -0.004170 -0.235539 0.371180
v -0.012101 -0.223971 0.384312
v -0.010684 -0.228923 0.392932
v 0.056745 -0.194879 -0.151497
v -0.397556 -0.090229 -0.167230
v -0.402533 -0.087595 -0.153342
v -0.383256 -0.091219 -0.158039
v 0.331098 -0.390215 -0.276212
v -0.181209 -0.134795 -0.376822
v -0.150559 -0.204763 0.650291
v -0.131555 -0.220262 0.622446
v -0.180182 0.066208 0.405282
v -0.185118 0.077756 0.405418
v 0.012205 -0.245261 0.664264
v 0.000431 -0.242993 0.655225
v 0.282669 0.238407 0.611258
v -0.172589 -0.047819 0.410158
v 0.153284 0.384497 -0.559459
v 0.373749 0.445479 -0.406611
v 0.384338 0.440563 -0.412558
v 0.390917 0.438708 -0.403024
v -0.131656 -0.038939 0.400346
v -0.020014 -0.213103 -0.212278
v 0.176401 -0.398888 -0.585717
v 0.161106 -0.399006 -0.587888
v 0.173131 0.152676 -0.029075
v 0.143776 0.159354 -0.038124
v 0.030576 -0.181155 0.256692
v 0.022402 -0.163637 0.258561
v 0.035576 -0.169751 0.266458
v -0.194727 -0.171546 -0.501928
v -0.188015 -0.169925 -0.505198
v -0.179615 -0.161512 -0.509388
v -0.266593 0.064155 0.699102
v -0.275074 0.084157 0.699260
v -0.259098 0.077867 0.699161
v -0.474867 0.018958 -0.365566
v -0.474912 0.005148 -0.366922
v -0.083682 0.241728 -0.276323
v -0.095740 0.251766 -0.289864
v -0.087789 0.255744 -0.281999
v -0.184035 0.164231 0.079709
v -0.224790 0.128499 -0.371836
v -0.215514 0.120869 -0.393882
v -0.202804 0.124722 -0.376353
v -0.116911 0.212066 0.049364
v -0.111678 0.202621 0.069113
v 0.035837 -0.149759 -0.001467
v 0.020961 -0.146114 0.002434
v 0.046503 -0.148730 0.012370
v -0.061895 0.180308 0.327597
v -0.078532 0.181192 0.330819
v -0.065395 0.175692 0.309048
v 0.264401 -0.526876 -0.658514
v -0.133172 0.190132 0.158477
v -0.135842 0.187844 0.172656
v -0.048841 0.119380 -0.267947
v -0.039558 0.109459 -0.279220
v -0.034897 0.121225 -0.278957
v 0.292266 0.398650 -0.387719
v 0.285676 0.396138 -0.402906
v 0.308618 0.417773 -0.395933
v -0.054974 0.264661 0.603386
v -0.054434 0.265359 0.617284
v 0.048098 -0.205604 -0.200858
v -0.074018 0.180767 0.359525
v -0.085347 0.179025 0.348303
v -0.074964 0.180704 0.342923
v -0.083981 -0.154116 -0.221086
v -0.199449 -0.101497 0.699577
v -0.187827 -0.121352 0.702694
v -0.144121 0.059120 0.399532
v 0.217152 -0.321163 -0.315012
v 0.194025 -0.308259 -0.318818
v 0.189802 -0.289925 -0.296649
v 0.064454 -0.225994 0.520639
v 0.076753 -0.225774 0.517044
v 0.060272 -0.225362 0.503147
v -0.015278 -0.362613 -0.453771
v -0.046317 0.197574 -0.245109
v -0.040399 0.182342 -0.233929
v -0.028962 -0.152809 -0.294644
v 0.250026 0.347701 -0.368153
v 0.249300 0.339666 -0.356634
v 0.053784 0.218526 0.362802
v 0.022913 0.209273 0.313119
v 0.043425 0.205449 0.311937
v -0.050703 0.155332 0.100839
v -0.063287 0.162180 0.100754
v 0.392635 0.006796 0.483790
v 0.395726 -0.008107 0.503137
v 0.393913 0.023677 0.484386
v -0.047129 0.192567 -0.111528
v -0.033854 0.181855 -0.115470
v -0.021401 0.216891 -0.269099
v -0.034011 0.219280 -0.263519
v -0.195746 0.025064 0.022630
v 0.224911 0.214079 -0.151616
v 0.352841 -0.477869 -0.506995
v -0.416728 0.056941 -0.213856
v -0.124717 -0.094837 0.258675
v -0.182950 0.140997 0.313014
v 0.078148 -0.191467 0.418612
v 0.086112 -0.184249 0.412799
v -0.156695 -0.077529 0.388589
v -0.170210 0.183344 0.072006
v -0.179718 0.176290 0.064432
v -0.238055 -0.114833 0.689647
v -0.243136 -0.109629 0.675077
v -0.423491 -0.084840 -0.329412
v -0.415093 -0.063615 -0.334236
v -0.428469 -0.068391 -0.335479
v 0.377207 0.467652 -0.590729
v 0.383713 0.477783 -0.588086
v 0.374464 0.477148 -0.596836
v 0.026264 -0.245766 0.646378
v 0.027409 -0.245505 0.663837
v -0.270692 -0.039455 0.695817
v -0.284518 -0.022961 0.694696
v -0.186537 0.166447 0.410715
v -0.176439 -0.051984 0.702686
v -0.196088 -0.036795 0.701437
v -0.178491 -0.025427 0.703017
v -0.219134 -0.146470 0.618405
v -0.229135 -0.131802 0.600283
v 0.258879 -0.472553 -0.570028
v 0.268219 -0.503056 -0.596634
v 0.026194 -0.150169 -0.013406
v 0.044413 -0.157868 -0.021057
v 0.036421 -0.159673 -0.040138
v 0.172074 -0.046962 -0.214948
v 0.383378 0.394317 -0.343229
v 0.367913 0.407980 -0.359369
v 0.384134 0.404243 -0.363852
v -0.084601 0.171296 0.145759
v -0.106599 0.181960 0.151671
v -0.109580 0.184624 0.140108
v -0.068975 0.197711 -0.092943
v -0.504804 0.025296 -0.251207
v -0.508689 0.012340 -0.256315
v -0.512705 0.026157 -0.263638
v -0.045807 -0.182232 0.359907
v -0.039135 -0.187548 0.351610
v -0.388337 -0.028762 -0.432815
v -0.388643 -0.019952 -0.419620
v -0.376590 -0.018116 -0.421928
v -0.110354 -0.087546 -0.386409
v -0.117425 -0.099367 -0.382589
v -0.049448 -0.202121 -0.076745
v -0.039410 -0.204452 -0.087829
v 0.161106 -0.399006 -0.587888
v 0.153830 -0.412477 -0.596925
v -0.079231 0.012053 0.349469
v -0.078948 0.002460 0.331632
v 0.025513 0.259632 -0.348521
v 0.141909 0.354185 -0.512559
v 0.189210 0.375630 -0.523072
v 0.257551 -0.547368 -0.640731
v -0.029411 -0.217600 -0.240917
v -0.025581 -0.211900 -0.227656
v -0.122995 0.081726 -0.372741
v -0.165237 -0.206038 0.007922
v -0.159952 -0.214002 -0.008123
v -0.170895 -0.202309 -0.004355
v 0.106248 -0.250261 0.657329
v 0.119523 -0.248083 0.632811
v -0.381309 0.076163 -0.348209
v 0.307168 0.088068 0.401557
v 0.304842 0.093908 0.412613
v 0.298030 0.104366 0.403768
v -0.022367 0.218015 -0.219037
v 0.405893 -0.031543 0.588454
v 0.403277 -0.044736 0.603889
v -0.514682 -0.051548 -0.249823
v 0.214613 -0.159576 -0.099278
v -0.182289 -0.092925 0.398881
v -0.285470 -0.157876 -0.237024
v -0.095569 0.177911 0.360277
v -0.093497 0.184335 0.339874
v -0.264368 -0.081547 -0.443063
v -0.248450 -0.073792 -0.445648
v -0.050523 0.199201 0.404298
v -0.072229 0.250610 -0.278490
v -0.079671 0.260273 -0.282525
v 0.071375 0.268182 0.584913
v -0.395149 -0.004305 -0.112646
v -0.300148 0.025373 0.690077
v -0.301741 0.020613 0.680023
v 0.345188 -0.108664 0.276405
v -0.314022 0.136734 -0.340134
v 0.176211 0.095498 -0.159753
v 0.174631 0.119038 -0.144216
v -0.108026 -0.082065 -0.399363
v -0.100252 -0.073248 -0.389938
v 0.277858 -0.105546 -0.002890
v 0.280354 -0.086801 -0.023254
v 0.263764 -0.104105 -0.030763
v -0.385869 0.046477 -0.355326
v -0.266807 0.106173 0.698720
v 0.300098 0.278555 -0.175356
v 0.161343 -0.423283 -0.602576
v 0.172678 -0.414921 -0.600894
v 0.036694 -0.246369 0.679546
v 0.013084 -0.245489 0.681832
v 0.254416 -0.175600 0.704800
v -0.156526 -0.083692 -0.459999
v 0.287578 0.161284 0.397094
v 0.284959 0.160884 0.412167
v -0.089335 0.175310 0.221304
v -0.099629 0.178218 0.198704
v -0.078847 -0.166305 0.393890
v -0.071623 -0.175542 0.409329
v 0.295134 0.432876 -0.514043
v 0.048662 -0.223666 -0.252766
v 0.041755 0.016702 -0.362014
v 0.004194 0.028061 -0.377182
v 0.028243 0.011602 -0.375045
v -0.400875 0.045121 -0.351215
v -0.159701 0.217348 0.355303
v -0.158001 0.219395 0.376801
v -0.162961 0.212596 0.370187
v -0.038197 -0.201193 0.402384
v -0.158312 0.046928 -0.442048
v -0.155204 0.032280 -0.441618
v -0.097467 -0.097994 0.701918
v -0.039727 -0.115998 0.702866
v -0.092541 -0.111973 0.702021
v 0.195846 -0.436943 -0.618756
v -0.090568 -0.063580 0.252170
v -0.098031 -0.043046 0.246349
v -0.091819 -0.045221 0.263311
v -0.183922 0.194435 0.361356
v -0.196516 0.183621 0.343123
v -0.035887 -0.239878 0.676785
v 0.315686 0.096050 0.128197
v 0.307340 0.111064 0.138252
v 0.059219 -0.197968 0.413438
v 0.335810 0.152073 0.471315
v 0.358486 0.132257 0.484568
v -0.107632 -0.000438 0.397428
v -0.510967 0.020851 -0.367466
v -0.522854 0.033286 -0.354208
v -0.234766 -0.045480 -0.124153
v -0.226952 -0.032514 -0.116856
v -0.405284 -0.076159 -0.329779
v 0.019944 0.140427 0.031006
v 0.310679 0.419130 -0.476727
v 0.308209 0.429951 -0.491142
v 0.128150 -0.224104 0.702724
v 0.088192 -0.229210 0.702158
v -0.153850 0.185382 0.315175
v 0.098128 0.335430 -0.502215
v 0.089109 0.338049 -0.511353
v 0.034358 -0.382181 -0.504485
v 0.242266 -0.229414 -0.070923
v 0.255717 -0.229855 -0.075793
v -0.472741 -0.086471 -0.334234
v -0.484804 -0.092593 -0.326291
v -0.124461 -0.190936 0.397638
v -0.114940 -0.182784 0.401359
v 0.188771 0.269490 0.658329
v 0.203385 0.148704 0.109102
v 0.175100 0.154078 0.101657
v 0.230607 -0.173143 -0.078020
v -0.082439 -0.204100 0.061683
v -0.073666 -0.194616 0.070674
v 0.316331 0.508111 -0.650860
v 0.378527 0.036464 0.383845
v 0.388089 0.038873 0.368548
v -0.342851 0.123091 -0.374395
v -0.337624 0.121332 -0.359094
v -0.351253 0.123388 -0.370574
v -0.125962 0.100420 0.280270
v 0.245405 0.339363 -0.283778
v 0.228825 0.322825 -0.286452
v 0.232988 0.333976 -0.300991
v -0.194707 -0.141987 -0.339334
v -0.184221 -0.142086 -0.364527
v -0.196219 0.004340 0.093789
v -0.198459 0.008777 0.076743
v -0.183928 0.024837 0.095909
v 0.035142 -0.208124 0.321142
v -0.022106 -0.242138 0.644670
v -0.227526 -0.096517 0.474252
v 0.069649 0.203019 -0.220460
v 0.070570 0.211567 -0.233699
v -0.331215 0.046810 -0.446632
v -0.347306 0.053824 -0.447964
v -0.335621 -0.125059 -0.242872
v -0.344963 0.133945 -0.416121
v 0.225962 -0.189313 -0.130369
v 0.243361 -0.202859 -0.119438
v 0.234264 -0.003567 -0.184397
v -0.013021 -0.364939 -0.443629
v -0.022951 -0.360333 -0.438703
v 0.384548 0.147600 0.690263
v -0.016893 0.144207 -0.000711
v -0.028463 0.147042 0.022018
v -0.002549 0.162535 -0.325670
v -0.020667 0.175591 -0.344911
v -0.023994 0.161175 -0.326273
v 0.321032 -0.085202 0.107509
v 0.318611 -0.077185 0.077006
v 0.307890 -0.096866 0.073503
v -0.027673 0.218605 -0.249859
v 0.016158 -0.218164 0.323423
v 0.022693 0.247790 0.446983
v -0.006987 0.248974 0.454300
v 0.293875 -0.250840 -0.173886
v -0.262146 0.009322 0.696970
v 0.156278 0.202289 0.226575
v 0.132091 0.202524 0.225146
v 0.137500 0.202851 0.205827
v -0.514969 -0.019175 -0.352844
v -0.059034 -0.149763 0.286536
v -0.062766 -0.152669 0.275261
v 0.262951 0.248883 -0.181041
v -0.177201 -0.149488 -0.377198
v -0.383648 -0.104206 -0.444263
v 0.173790 0.394679 -0.591510
v 0.030267 -0.037824 -0.351435
v -0.011610 -0.029470 -0.390316
v 0.021967 -0.169148 -0.085867
v -0.141508 -0.131656 -0.497131
v 0.136868 -0.370453 -0.561723
v 0.286077 0.388374 -0.292726
v -0.169547 -0.086829 0.337964
v -0.169995 -0.099128 0.334641
v -0.161126 -0.093653 0.330466
v -0.161498 0.210279 0.391995
v -0.254999 -0.023764 0.697352
v -0.245669 -0.047427 0.698267
v -0.260258 -0.042812 0.695799
v 0.247875 0.403946 -0.535090
v 0.123064 -0.022957 -0.292089
v 0.130248 -0.012141 -0.297508
v -0.025227 0.269118 -0.395761
v -0.025203 0.277846 -0.418048
v 0.046912 0.161341 0.046299
v 0.030196 0.160080 0.037440
v -0.432114 -0.112925 -0.289346
v -0.410931 -0.119927 -0.295034
v 0.150881 -0.207674 0.455510
v 0.151376 -0.212864 0.478326
v 0.033298 -0.219542 0.386281
v 0.025662 -0.226746 0.391801
v 0.026921 -0.216242 0.403590
v 0.338530 0.112154 0.214646
v 0.328675 0.119622 0.190516
v 0.339052 0.099028 0.194853
v -0.239227 0.168405 0.700808
v -0.229600 0.185473 0.696768
v -0.183568 0.100681 -0.247945
v -0.193563 0.096535 -0.224369
v 0.179983 0.175399 0.335482
v 0.192511 0.174089 0.326763
v 0.332824 0.484163 -0.590493
v -0.153817 0.167809 -0.150213
v -0.148008 0.186835 -0.142494
v 0.125658 -0.430796 -0.554785
v 0.107489 -0.425923 -0.549496
v -0.021771 0.228248 0.376481
v -0.028718 0.223658 0.365239
v 0.342340 0.134575 0.458439
v 0.353403 0.107885 0.446793
v 0.159568 -0.168302 -0.028667
v 0.143861 -0.162866 -0.015699
v -0.182024 -0.142023 0.081309
v -0.186836 -0.152186 0.059300
v -0.180231 -0.142161 0.056796
v -0.028653 0.129698 0.249623
v -0.043918 0.132663 0.248221
v 0.057808 0.216537 0.410649
v -0.084001 -0.164002 0.299577
v -0.092254 -0.168663 0.287423
v 0.077281 0.183411 0.274206
v 0.058012 0.173535 0.285529
v 0.055009 0.176484 0.274558
v -0.216033 -0.034533 -0.104056
v 0.404203 0.080359 0.692537
v 0.404211 0.100141 0.668539
v 0.410408 0.061519 0.682453
v 0.310566 0.486878 -0.664453
v 0.300193 0.493979 -0.662559
v 0.278942 0.468291 -0.648394
v -0.151117 -0.141316 0.255404
v -0.147426 -0.156762 0.261286
v -0.001890 -0.149148 0.243273
v 0.392589 0.477471 -0.580631
v 0.387679 0.487816 -0.578901
v -0.102437 -0.133625 -0.214881
v -0.112487 -0.127723 -0.205705
v -0.110518 -0.140431 -0.195346
v -0.017108 0.208491 0.700414
v -0.033783 0.196100 0.701212
v -0.089076 0.208533 0.700416
v -0.143820 0.077544 0.378523
v 0.382052 0.048312 0.257430
v 0.386604 0.033509 0.239802
v 0.395348 0.028827 0.273561
v -0.043827 -0.222215 0.498691
v -0.054952 -0.220887 0.498416
v -0.059651 0.259893 0.568616
v -0.043897 0.258290 0.553739
v -0.398165 0.076533 -0.147466
v -0.383226 0.080291 -0.155319
v -0.380972 0.069727 -0.143232
v -0.369196 -0.060367 -0.451455
v -0.369796 -0.079474 -0.449191
v -0.360557 -0.068282 -0.450978
v -0.043784 -0.270506 -0.255787
v -0.038638 -0.272988 -0.264085
v -0.418238 0.055577 -0.256220
v -0.047184 0.140821 0.216944
v -0.043024 0.134565 0.231673
v -0.044103 -0.193466 0.391611
v -0.044585 -0.187417 0.375327
v -0.050539 -0.182628 0.396451
v -0.157876 -0.224464 -0.090774
v -0.170329 -0.206598 -0.087694
v -0.159159 -0.223931 -0.079522
v -0.383147 -0.103967 -0.375632
v -0.387866 -0.094690 -0.369321
v -0.014957 0.136162 0.233138
v -0.052241 0.081164 -0.329258
v -0.029073 0.078831 -0.318699
v -0.062675 0.252548 -0.291968
v -0.055895 0.238834 -0.281370
v -0.299176 0.002697 0.647255
v -0.295335 0.000117 0.626860
v -0.296867 0.006644 0.633997
v -0.036791 0.293240 -0.426739
v 0.248055 0.242872 -0.139401
v 0.250373 0.251820 -0.150557
v 0.258573 0.245872 -0.155517
v 0.232746 0.167481 0.370969
v 0.402030 0.482549 -0.571467
v 0.397611 0.492893 -0.568851
v 0.326294 -0.320316 -0.238506
v 0.299750 -0.563415 -0.632311
v -0.335708 -0.072060 -0.446139
v -0.336209 -0.091005 -0.442658
v -0.308902 -0.170861 -0.325816
v -0.315956 -0.170689 -0.317175
v -0.165652 -0.122344 0.014547
v -0.163966 -0.120165 0.001502
v -0.160839 -0.111516 0.011047
v 0.086336 -0.347482 -0.534460
v -0.085070 -0.214611 -0.082232
v -0.074782 -0.207862 -0.051147
v -0.068171 -0.203498 -0.086139
v 0.408324 -0.006605 0.338399
v 0.401046 -0.019378 0.326601
v 0.401937 -0.015933 0.345496
v 0.051880 0.108976 -0.263068
v 0.062696 0.124786 -0.258852
v 0.029468 0.121298 -0.274074
v 0.030006 -0.246029 0.617490
v 0.004572 -0.244707 0.604461
v 0.020417 -0.244966 0.626980
v -0.099639 0.247511 0.696869
v 0.111026 0.130893 -0.223736
v 0.101105 0.143526 -0.240780
v 0.098559 0.131721 -0.234681
v 0.011499 -0.228998 0.099749
v 0.173347 -0.249247 -0.157316
v 0.171957 -0.241342 -0.142413
v 0.192925 -0.255015 -0.138435
v -0.247741 0.109322 0.700838
v -0.043327 -0.319279 -0.342703
v -0.152770 0.099559 -0.109620
v -0.152950 0.113114 -0.118516
v -0.153522 0.105958 -0.090281
v -0.115628 -0.021265 -0.436995
v -0.097430 -0.032471 -0.425874
v 0.197111 -0.061106 -0.176661
v 0.211466 -0.038244 -0.183756
v 0.393609 -0.437221 -0.419163
v 0.380985 -0.441454 -0.415491
v -0.053167 0.147154 0.282463
v -0.044694 0.133858 0.267807
v 0.185758 0.110531 0.703854
v 0.189079 0.125395 0.702601
v 0.206732 0.126302 0.702514
v -0.049880 -0.338483 -0.387248
v -0.047372 -0.331946 -0.407414
v -0.056356 -0.325001 -0.389710
v 0.325622 -0.405997 -0.354307
v 0.318297 -0.408075 -0.356965
v -0.061626 0.168874 0.057584
v -0.197068 0.008306 0.405955
v -0.175511 0.000811 0.404253
v -0.185957 0.017339 0.404237
v -0.073925 -0.166305 0.327197
v -0.083134 -0.171984 0.330387
v -0.207577 -0.063952 0.415370
v 0.141397 0.306170 -0.417199
v 0.182404 0.322208 -0.427515
v -0.246979 0.073837 0.509767
v -0.244725 0.051722 0.501947
v -0.223627 0.083666 -0.186018
v -0.201903 0.091236 -0.206101
v 0.359717 0.080068 0.323314
v 0.368857 0.071876 0.317534
v 0.010626 0.188733 0.304992
v 0.019750 0.196559 0.309248
v -0.445286 0.044322 -0.124450
v 0.408241 0.086666 0.648866
v 0.402911 0.106274 0.629545
v 0.409171 0.081269 0.625924
v 0.398070 -0.433017 -0.442762
v 0.386871 -0.437624 -0.429500
v 0.076311 0.185404 -0.192967
v 0.091899 0.198514 -0.203789
v 0.108837 0.197091 -0.179831
v 0.290778 0.307197 -0.174927
v 0.307211 0.306976 -0.189929
v 0.112372 -0.121762 -0.231071
v 0.091929 -0.115106 -0.245661
v 0.099339 -0.129243 -0.246716
v 0.014301 -0.288394 -0.458857
v -0.459000 -0.110116 -0.281914
v -0.469915 -0.109077 -0.275100
v -0.191530 0.115699 0.382541
v 0.222902 0.276128 -0.396713
v 0.249354 0.285636 -0.383761
v 0.249724 0.302115 -0.420712
v 0.201958 0.186037 -0.121275
v 0.183019 0.161697 -0.137649
v 0.193157 0.167198 -0.110772
v 0.206512 0.187896 -0.099263
v -0.366544 -0.140901 -0.399149
v 0.400245 0.031504 0.531277
v 0.402014 0.021236 0.533400
v 0.114743 -0.017007 -0.307685
v -0.167719 0.046439 0.701914
v -0.147549 0.068207 0.703767
v -0.054810 -0.191888 -0.150967
v -0.039685 0.148851 0.121858
v -0.049082 0.148633 0.122533
v -0.057979 0.155861 0.110019
v -0.151099 -0.208349 0.597283
v -0.127810 -0.222033 0.611477
v -0.016034 0.217724 -0.252103
v -0.013552 0.220915 -0.236707
v -0.175046 -0.166383 0.340220
v -0.178711 0.191484 0.329429
v -0.095520 -0.212187 0.070924
v -0.060164 0.161068 0.286758
v -0.058012 0.155588 0.271734
v 0.362235 -0.323318 -0.287216
v 0.360724 -0.320977 -0.273029
v 0.353900 -0.316082 -0.287891
v -0.441139 -0.071859 -0.243985
v -0.321207 0.050960 -0.164485
v -0.334865 0.063427 -0.164976
v -0.315417 0.067753 -0.170953
v -0.126894 -0.187791 0.702916
v -0.104616 -0.202479 0.702716
v -0.139454 -0.194273 0.699813
v -0.180953 0.194105 0.427821
v 0.041309 0.182065 0.308397
v 0.040773 0.171710 0.302154
v 0.063735 0.230809 0.420070
v 0.284838 -0.321963 -0.197266
v 0.291083 -0.325759 -0.220773
v 0.274070 -0.322436 -0.209866
v -0.369608 0.100659 -0.415408
v -0.149918 -0.170307 0.319244
v 0.099909 0.228111 -0.264283
v 0.080891 0.221231 -0.258597
v 0.080145 0.227573 -0.282256
v 0.400558 0.477006 -0.533837
v 0.358440 0.061141 0.197811
v 0.362921 0.049545 0.175961
v 0.372847 0.046907 0.212002
v 0.238470 0.447813 -0.605836
v -0.136289 -0.230312 0.070176
v -0.126975 -0.226894 0.077216
v -0.118399 -0.227037 0.060885
v 0.255598 -0.201369 0.559827
v 0.275117 -0.193416 0.565661
v 0.271176 -0.181438 0.505830
v 0.123054 0.127327 -0.209460
v -0.054881 0.171287 0.312980
v -0.366728 -0.128273 -0.290969
v -0.377677 -0.118152 -0.307778
v 0.083434 0.229934 0.421024
v 0.016930 -0.169535 0.306958
v -0.162500 -0.076423 0.401137
v -0.156336 -0.063241 0.407378
v -0.171576 -0.071967 0.409731
v -0.028095 0.134345 0.275607
v -0.168550 -0.165593 0.399738
v -0.158884 -0.176184 0.394056
v -0.049892 -0.181042 0.049673
v -0.061430 -0.189591 0.042526
v -0.063514 -0.187805 0.060153
v -0.050535 -0.186266 0.068933
v -0.112068 -0.094182 -0.395169
v 0.112291 -0.345216 -0.448053
v 0.125625 -0.361661 -0.471950
v 0.393337 0.389565 -0.378486
v 0.376902 0.373342 -0.364557
v -0.219981 0.201289 0.668708
v -0.171835 0.144573 0.108704
v -0.160503 0.079379 0.354328
v 0.232845 0.313030 -0.193126
v 0.242221 0.314400 -0.200805
v 0.238832 0.316775 -0.185298
v -0.348769 -0.092157 -0.265809
v -0.363205 -0.101728 -0.272818
v 0.013630 0.154206 0.298374
v 0.024183 0.157244 0.292696
v 0.405268 0.414942 -0.435150
v -0.096098 0.251638 0.521468
v -0.092769 0.253015 0.539289
v -0.109242 0.250304 0.535095
v -0.123723 -0.211150 0.552856
v -0.144404 -0.202623 0.564092
v -0.123005 -0.214665 0.567765
v -0.032801 -0.202984 -0.367910
v -0.030933 -0.217260 -0.377200
v -0.016980 -0.207342 -0.381582
v -0.466501 -0.085727 -0.250401
v -0.459663 -0.075471 -0.240179
v -0.447229 -0.085762 -0.257835
v -0.096967 -0.157183 -0.208282
v 0.244617 -0.207989 0.701693
v 0.241583 -0.221719 0.690983
v 0.222854 -0.220893 0.700788
v -0.179059 -0.169300 0.351337
v -0.275626 0.023936 -0.143333
v 0.349374 0.199684 0.593132
v 0.334993 0.213425 0.600946
v -0.142925 -0.097996 0.317315
v -0.343027 -0.088644 -0.258914
v -0.343821 -0.074046 -0.243854
v -0.339815 -0.096939 -0.251122
v -0.125356 -0.148427 -0.480199
v -0.123589 -0.160273 -0.470368
v -0.169631 0.159091 -0.089905
v -0.255539 -0.165258 -0.300916
v -0.276552 -0.174784 -0.297128
v -0.252737 -0.163835 -0.277639
v -0.351684 0.110320 -0.300324
v -0.482481 -0.049399 -0.216302
v -0.003994 -0.190657 0.028191
v -0.016103 -0.199469 0.039577
v 0.231305 -0.140950 0.029096
v 0.260698 -0.127072 0.023940
v 0.230116 -0.137247 0.009312
v 0.369805 0.057313 0.229316
v 0.364420 0.069362 0.240766
v -0.522607 -0.002567 -0.338736
v -0.522561 0.003113 -0.324637
v -0.130646 -0.238110 0.016795
v 0.283473 -0.379317 -0.505786
v 0.290137 -0.361760 -0.471805
v 0.263669 -0.357552 -0.485004
v 0.056648 -0.224947 0.485035
v 0.310328 -0.115290 0.162908
v 0.288504 -0.124754 0.155017
v 0.218878 -0.157864 0.400476
v 0.219721 -0.157520 0.417998
v 0.362656 -0.028720 0.381789
v -0.193355 0.160682 0.343119
v -0.206174 0.150665 0.343197
v 0.161179 0.186898 -0.058008
v 0.157371 0.173994 -0.052987
v 0.351363 0.491604 -0.557680
v 0.347430 0.490532 -0.538472
v 0.340584 0.480681 -0.551256
v -0.106920 -0.064785 -0.406945
v -0.087065 -0.052360 -0.405667
v -0.184573 0.169301 0.057865
v 0.374610 0.484630 -0.588304
v -0.038587 0.170154 -0.218800
v 0.086247 0.153179 0.067387
v 0.070548 0.148247 0.054180
v -0.301446 0.043552 0.678651
v 0.204187 -0.092632 -0.132729
v 0.185739 -0.088416 -0.162122
v 0.198043 -0.112151 -0.124173
v -0.066260 -0.216583 0.436581
v -0.077325 -0.205941 0.427880
v -0.136495 0.126044 -0.485525
v -0.137021 0.115663 -0.479021
v -0.178838 0.158756 -0.436021
v 0.032664 -0.213933 -0.198869
v 0.154412 0.157893 0.098987
v 0.164015 0.149624 0.091385
v -0.104519 -0.213814 0.697340
v -0.110401 -0.217341 0.687682
v 0.175089 0.242987 -0.152216
v 0.152975 0.226102 -0.160422
v 0.147602 0.224620 -0.173567
v -0.377099 -0.064530 -0.201870
v -0.356943 -0.073460 -0.206810
v 0.321663 0.420403 -0.459647
v 0.301016 0.399497 -0.449452
v 0.386808 0.377336 -0.355550
v 0.198756 0.264659 -0.158005
v 0.196153 0.274373 -0.171798
v 0.185814 0.181513 0.154388
v 0.160967 0.193103 0.166077
v -0.196312 0.078908 0.411182
v 0.050093 0.213319 -0.232600
v -0.024283 -0.225271 0.477007
v -0.033629 -0.225800 0.460135
v -0.047525 -0.221242 0.474528
v 0.293529 0.501227 -0.661807
v 0.281828 0.503418 -0.651701
v 0.195245 0.201544 0.449356
v 0.192335 0.184038 0.434651
v -0.387592 -0.086435 -0.335720
v 0.078635 -0.411004 -0.544437
v -0.456640 -0.064494 -0.182796
v 0.021880 0.238783 0.325075
v 0.034218 -0.230942 0.371295
v -0.009370 0.192893 -0.152259
v 0.389987 0.068747 0.491212
v 0.389363 0.047718 0.474369
v -0.056045 0.264354 -0.347306
v -0.036071 0.259871 -0.351391
v 0.385171 -0.010710 0.187140
v 0.384989 -0.017817 0.207921
v 0.391012 -0.003444 0.197362
v -0.119236 -0.152772 -0.448514
v -0.487619 0.117271 -0.303451
v -0.495882 0.110442 -0.275771
v -0.506146 0.099589 -0.291626
v 0.347594 0.106286 0.249235
v 0.356265 0.090146 0.262293
v 0.351858 0.100723 0.283039
v 0.164708 0.143906 0.064852
v -0.368424 -0.015757 -0.418856
v 0.061414 0.319607 -0.514377
v 0.072056 0.318780 -0.520052
v 0.265064 -0.259982 -0.292813
v 0.266911 -0.251397 -0.258763
v 0.254175 -0.249081 -0.279862
v 0.115078 0.137155 0.703151
v 0.135760 0.123695 0.703324
v 0.117407 0.121415 0.703223
v 0.209835 0.132900 -0.048348
v -0.125659 -0.200840 0.383570
v 0.355183 -0.024845 0.116344
v 0.339270 -0.049696 0.107082
v 0.355082 -0.043004 0.163734
v -0.117014 0.189677 0.398473
v 0.210526 -0.237360 -0.069777
v 0.197998 -0.245522 -0.081296
v 0.199286 -0.241279 -0.075910
v -0.123213 0.103359 -0.325953
v -0.119128 0.098601 -0.302634
v -0.434103 0.119768 -0.276392
v -0.438929 0.112952 -0.271616
v -0.096272 0.255224 0.553459
v -0.183455 -0.050351 -0.447920
v -0.162412 -0.046177 -0.444823
v -0.098789 -0.212472 0.520672
v 0.026450 0.100250 -0.277884
v 0.050827 0.084113 -0.275141
v 0.067943 0.095581 -0.257192
v -0.141552 0.141490 -0.401944
v -0.139622 0.145615 -0.429674
v -0.133055 0.135071 -0.416859
v -0.115634 -0.033642 0.206597
v -0.110821 -0.047978 0.204754
v -0.054994 0.191090 0.378903
v -0.063301 0.186107 0.382666
v -0.048419 0.233637 0.426235
v -0.073664 0.179916 -0.036873
v -0.062085 0.172733 -0.045650
v -0.063978 0.174174 -0.021888
v -0.086807 -0.030511 0.289198
v -0.081137 -0.011521 0.311312
v -0.130963 0.211159 0.346021
v 0.041982 -0.224794 0.490903
v 0.282788 0.101043 -0.003454
v 0.276736 0.116592 0.035769
v 0.262228 0.113940 -0.009851
v -0.028639 -0.224492 0.081200
v -0.031394 -0.207265 0.066459
v 0.175304 -0.019620 -0.243195
v 0.188996 -0.002055 -0.241523
v -0.251490 -0.011737 -0.470483
v -0.237295 -0.026082 -0.465695
v -0.218178 -0.013959 -0.466503
v -0.246126 0.000724 -0.469953
v 0.359784 -0.492794 -0.565531
v -0.050850 -0.336276 -0.373447
v -0.060876 -0.329632 -0.373008
v -0.049805 -0.332373 -0.361048
v -0.395875 -0.086216 -0.178974
v 0.114561 -0.108806 -0.227077
v 0.103363 -0.096620 -0.237592
v 0.111155 0.198451 -0.149397
v -0.074101 0.091751 -0.317326
v -0.035070 0.272461 -0.436269
v -0.026747 0.277709 -0.445723
v -0.040417 0.288080 -0.438937
v 0.246975 0.234355 -0.123092
v 0.240683 0.243640 -0.128756
v 0.048023 -0.214184 0.379428
v 0.066079 -0.206404 0.383297
v 0.056189 -0.216181 0.372160
v -0.061711 -0.171689 0.151843
v -0.064835 -0.169276 0.169677
v -0.206804 -0.040635 0.012312
v -0.196144 -0.054268 -0.003462
v -0.046588 -0.140513 0.273745
v -0.198024 -0.112367 -0.420960
v -0.183604 -0.116555 -0.409603
v -0.189591 -0.121107 -0.430893
v -0.188312 -0.172403 0.000813
v -0.318434 0.113864 -0.320795
v -0.321201 0.118668 -0.335611
v -0.326776 -0.149100 -0.332981
v -0.328656 -0.136244 -0.333448
v -0.182719 0.139958 -0.372650
v -0.155673 0.216372 0.341085
v -0.179863 -0.188142 0.038154
v -0.172429 -0.195964 0.039940
v 0.343563 0.441655 -0.386866
v 0.361961 0.438576 -0.384505
v -0.170301 -0.118965 0.329315
v 0.014778 0.255353 0.527855
v 0.014679 0.259762 0.546540
v -0.010096 0.258755 0.545994
v -0.163505 0.135796 -0.352755
v -0.166218 0.144336 -0.362130
v 0.048601 0.227353 0.357178
v 0.057845 0.225728 0.349585
v 0.158192 -0.463607 -0.582289
v 0.157141 -0.470196 -0.588876
v 0.146980 -0.464428 -0.588512
v 0.231923 -0.284178 -0.149948
v -0.433996 0.067876 -0.194770
v -0.430145 0.069186 -0.188314
v -0.443423 0.064456 -0.192231
v -0.145300 0.090795 0.034839
v -0.144022 0.087842 0.057198
v -0.146692 0.079949 0.034085
v -0.473557 0.085315 -0.238281
v -0.470132 0.077620 -0.232818
v -0.010549 -0.173672 0.312024
v 0.002248 -0.177785 0.308070
v 0.218775 0.307599 -0.182774
v 0.215569 0.306073 -0.189965
v 0.308553 -0.383612 -0.325153
v 0.312781 -0.378193 -0.300999
v 0.320691 -0.384713 -0.307920
v -0.333483 -0.152231 -0.379126
v 0.323652 0.298174 -0.205432
v 0.334791 -0.299853 -0.175748
v -0.320173 0.058728 -0.451516
v -0.311621 0.040678 -0.455597
v -0.308015 0.060306 -0.455178
v 0.321616 -0.515679 -0.601824
v 0.311973 -0.516283 -0.591888
v 0.327219 -0.507636 -0.583687
v -0.183774 -0.063910 0.702878
v -0.214550 -0.072405 0.698473
v -0.224937 -0.080084 0.698279
v -0.200017 -0.053876 -0.449070
v 0.010648 -0.228846 -0.181211
v 0.240467 0.222745 0.528504
v 0.243351 0.203894 0.481211
v -0.146462 0.102318 0.074924
v -0.142520 0.096988 0.095355
v -0.142698 0.086575 0.085540
v 0.140433 0.365047 -0.569094
v 0.137757 -0.165286 -0.026050
v -0.029148 -0.155653 0.189004
v -0.043097 -0.160584 0.168793
v -0.213531 0.018846 -0.067811
v -0.216806 0.002905 -0.074855
v -0.030660 0.294384 -0.438175
v -0.016105 0.289499 -0.435938
v 0.257007 -0.338138 -0.279163
v 0.060579 0.213960 0.369557
v 0.071243 0.217803 0.362464
v -0.141469 -0.118029 -0.231514
v -0.143666 -0.116644 -0.214057
v -0.131891 -0.118981 -0.229535
v 0.256409 0.209817 0.508558
v -0.226184 0.126084 0.702273
v -0.218693 0.103893 0.702235
v -0.031489 0.130193 -0.286508
v 0.139871 0.147241 0.040905
v 0.122606 0.146323 0.032761
v 0.140512 0.146561 0.025133
v 0.023823 -0.227813 0.476283
v -0.008408 -0.227203 0.470536
v 0.101692 -0.428837 -0.559899
v 0.110589 -0.434529 -0.568997
v 0.106361 -0.422468 -0.568874
v 0.292219 0.109995 0.703122
v 0.311955 0.099345 0.702423
v 0.283776 0.095100 0.702290
v -0.370639 0.024126 -0.422975
v 0.013233 0.213168 -0.220397
v 0.261993 0.374135 -0.406807
v 0.158681 -0.442780 -0.603098
v 0.139083 -0.451768 -0.591983
v 0.150832 -0.452856 -0.599415
v 0.369801 0.491064 -0.577327
v 0.358130 0.494882 -0.568150
v -0.381540 0.037226 -0.369123
v -0.379913 0.040854 -0.383529
v -0.106572 -0.225588 -0.117736
v 0.290911 0.119353 0.402944
v -0.000337 -0.160429 0.022182
v -0.004869 -0.156097 0.013385
v -0.032297 -0.209254 0.128647
v -0.047036 -0.204290 0.102826
v 0.288025 -0.299404 -0.169405
v 0.284565 -0.311338 -0.170131
v -0.267171 0.036906 -0.141801
v -0.117449 -0.210164 0.531380
v -0.176635 0.225643 0.694473
v -0.176154 0.217152 0.701519
v -0.198507 0.208539 0.700648
v -0.176601 -0.139681 0.003988
v -0.331063 0.118040 -0.345086
v -0.347015 0.118672 -0.349111
v 0.411863 0.013290 0.567379
v 0.413416 -0.000859 0.585495
v 0.413454 0.032999 0.576891
v -0.019612 0.220667 0.350355
v -0.016794 0.226128 0.362901
v -0.185775 -0.109600 -0.174943
v -0.166856 -0.110498 -0.167487
v 0.064082 0.196379 0.228063
v 0.040029 0.190257 0.212721
v 0.051714 0.197519 0.203460
v -0.078024 0.173159 0.241528
v -0.099112 0.179704 0.245397
v -0.186064 -0.106787 0.404779
v 0.304274 0.158376 0.258681
v 0.298550 0.161604 0.275059
v 0.286740 0.165648 0.241009
v -0.063677 0.202718 -0.259992
v -0.377340 -0.105204 -0.386868
v 0.307478 0.094003 0.390681
v 0.309368 0.100406 0.381264
v -0.183600 0.081560 -0.195677
v 0.019538 0.240467 0.389088
v 0.008969 0.238684 0.403178
v 0.004516 0.244265 0.393783
v 0.109805 0.142177 0.056317
v 0.037414 0.219870 -0.282630
v -0.286840 0.102532 -0.205088
v 0.259145 -0.134009 0.090435
v 0.245304 -0.141316 0.069904
v 0.240792 -0.140400 0.084620
v -0.024906 0.169014 0.111299
v -0.018898 0.182261 0.104716
v 0.393884 -0.423152 -0.486263
v 0.400164 -0.421070 -0.469208
v 0.389872 -0.410060 -0.463186
v 0.387835 -0.084312 0.689190
v 0.370102 -0.111593 0.693293
v 0.383206 -0.085871 0.696014
v 0.108556 0.347494 -0.522150
v 0.098328 0.350067 -0.531327
v -0.175780 -0.175194 0.435773
v 0.092149 -0.212731 0.213033
v 0.094514 -0.210036 0.177248
v 0.085617 -0.213551 0.190395
v -0.192971 0.107464 0.411985
v -0.189547 0.117712 0.403103
v -0.166549 0.232455 0.548456
v -0.198919 0.204699 0.540520
v -0.186125 0.208119 0.522861
v 0.312834 -0.071960 0.413329
v 0.318340 -0.136912 0.469661
v 0.302196 -0.145888 0.454843
v 0.301339 -0.156756 0.480689
v -0.195487 -0.138142 -0.356719
v -0.193478 -0.130549 -0.374758
v 0.319852 0.079050 0.423019
v 0.071082 -0.195712 0.073119
v 0.188741 -0.225938 0.701236
v 0.160445 -0.225586 0.702178
v 0.172735 -0.209109 0.703852
v -0.254294 -0.136303 -0.204664
v -0.156415 0.229083 0.699023
v 0.003103 -0.207657 0.030309
v -0.036120 0.199053 -0.230819
v -0.030496 0.212660 -0.228549
v -0.422123 0.045812 -0.346815
v -0.422927 0.035898 -0.356816
v -0.217157 -0.057377 0.420460
v 0.281418 0.421711 -0.517944
v 0.282715 0.424468 -0.532744
v 0.360889 0.192846 0.661569
v 0.349178 0.206690 0.660615
v 0.162497 0.079072 0.703318
v 0.155382 0.067514 0.702496
v -0.191259 0.035453 -0.012930
v -0.019917 -0.183768 0.316990
v -0.032413 -0.179002 0.320012
v -0.227724 0.136550 0.508043
v -0.234694 0.151435 0.539170
v -0.241724 0.135742 0.541030
v -0.346754 0.058006 -0.259832
v 0.066451 -0.211769 0.223567
v 0.070150 -0.215637 0.202763
v 0.275233 -0.068118 -0.052453
v 0.286820 -0.064951 -0.034181
v -0.349960 0.012766 -0.427052
v -0.174863 0.193030 0.381039
v -0.169393 0.198029 0.364247
v -0.166011 0.203925 0.378236
v 0.374515 -0.092662 0.558160
v -0.063057 -0.176888 0.400553
v -0.059702 -0.178592 0.385842
v -0.073161 0.180446 0.382446
v -0.082313 0.174467 0.389650
v -0.082346 0.175920 0.366476
v -0.262791 -0.053205 0.695490
v 0.326997 0.411758 -0.294058
v 0.306699 0.040254 0.703646
v 0.306497 0.013108 0.703575
v 0.229180 0.358536 -0.556421
v 0.255574 0.379457 -0.566317
v 0.344946 -0.391535 -0.280776
v -0.304793 0.134351 -0.303428
v -0.067427 0.254436 0.524435
v -0.069371 0.255315 0.537349
v -0.081375 0.253063 0.522685
v -0.059378 0.253490 0.495562
v -0.118664 0.247863 0.690710
v -0.113556 0.196165 0.329249
v -0.123476 0.196755 0.320129
v -0.282128 0.100897 0.696258
v -0.019092 -0.221843 0.425442
v -0.044954 -0.122540 -0.295762
v -0.058040 -0.121372 -0.283598
v -0.046772 -0.137912 -0.277482
v 0.345594 -0.141924 0.694564
v -0.152014 0.091577 -0.041302
v -0.096723 0.173632 0.381450
v -0.103082 0.177852 0.375255
v -0.202665 -0.132174 0.363260
v -0.235577 -0.119519 0.567167
v 0.326892 -0.441874 -0.443283
v -0.064943 -0.202030 -0.108385
v -0.049533 -0.194984 -0.130805
v -0.066560 -0.198141 -0.138670
v 0.132352 -0.200470 0.190781
v 0.162505 -0.195532 0.218751
v 0.172122 -0.186748 0.190388
v 0.366072 0.438940 -0.445122
v 0.353017 0.438453 -0.441009
v 0.085285 0.250767 0.506224
v 0.087919 0.248146 0.492301
v 0.058819 0.249599 0.482432
v 0.070787 0.248111 0.478310
v -0.044415 -0.183815 0.015328
v -0.031661 -0.172955 0.012342
v -0.031675 -0.183449 -0.012527
v -0.504992 0.055698 -0.310497
v 0.394614 -0.006573 0.229073
v 0.397777 -0.007584 0.259588
v 0.396304 0.002844 0.245880
v -0.050885 0.224323 -0.265396
v -0.067633 0.218395 -0.263634
v 0.056721 0.312078 -0.510437
v -0.059995 0.197727 -0.106691
v -0.027909 -0.212789 0.703607
v -0.352686 0.085528 -0.452437
v -0.289599 0.015562 0.694918
v -0.275747 0.018143 0.695820
v -0.279697 0.002749 0.696159
v 0.323945 -0.556536 -0.669738
v -0.254486 -0.061236 -0.135165
v -0.249338 -0.046612 -0.131836
v -0.068918 0.182889 -0.283477
v -0.064751 0.185842 -0.268954
v -0.001540 -0.235183 -0.236410
v -0.010439 -0.239810 -0.235094
v 0.385733 -0.039768 0.333180
v 0.370858 -0.054008 0.341987
v 0.378804 -0.040386 0.350904
v -0.063386 -0.186657 0.072590
v -0.386724 -0.014118 -0.404772
v -0.385160 -0.009273 -0.392550
v -0.391032 -0.018838 -0.395531
v 0.237421 0.158014 0.700260
v 0.252582 0.142933 0.701046
v 0.225896 0.150384 0.701954
v 0.219905 -0.019022 -0.194392
v 0.228782 -0.028667 -0.171972
v 0.068396 -0.194004 0.323884
v -0.025672 -0.163271 -0.313381
v -0.025504 -0.156726 -0.306474
v -0.322058 -0.106817 -0.184987
v -0.323109 -0.100121 -0.175048
v -0.307190 -0.106904 -0.180170
v 0.029114 -0.231070 0.450649
v 0.014982 -0.232976 0.440394
v 0.013840 -0.229798 0.461637
v 0.286523 -0.129063 0.423096
v 0.283477 -0.117788 0.410103
v 0.211458 0.379380 -0.507872
v 0.286129 -0.198558 0.625941
v 0.306669 -0.188023 0.632469
v 0.301709 -0.185274 0.595252
v 0.289323 0.508651 -0.643973
v 0.303271 0.511830 -0.650067
v 0.107454 -0.163117 0.029705
v 0.115547 -0.165413 0.020773
v 0.092368 -0.161708 0.016229
v -0.004226 -0.236206 -0.252557
v -0.075653 0.256243 0.549897
v 0.023619 -0.211302 0.321724
v 0.212697 0.219409 -0.066325
v 0.220192 0.231963 -0.075877
v 0.232966 -0.227708 0.679459
v 0.266960 -0.155436 0.391368
v 0.175698 0.268954 0.675761
v 0.193380 0.265282 0.680729
v 0.187373 0.264494 0.687815
v 0.078864 -0.401381 -0.522969
v -0.459182 0.031900 -0.193672
v -0.466649 0.024235 -0.199198
v 0.299957 -0.056247 -0.015561
v 0.298556 -0.074487 0.002854
v -0.026456 0.287962 -0.451366
v -0.123094 -0.096436 0.169762
v -0.116177 -0.088755 0.170412
v -0.118716 -0.191649 0.169661
v 0.313853 -0.097267 0.103052
v -0.079049 0.201655 -0.282714
v -0.087645 0.218712 -0.289797
v -0.082406 0.217344 -0.274150
v 0.286050 -0.550958 -0.624505
v 0.258939 -0.532453 -0.618299
v -0.128135 0.080098 0.368378
v -0.126686 0.084596 0.353385
v 0.190692 0.180304 -0.058040
v -0.038185 0.198413 -0.154518
v -0.186456 -0.188836 -0.491480
v -0.120481 0.187674 0.156084
v 0.209144 -0.151370 0.120354
v 0.214548 -0.144619 0.101662
v -0.388901 -0.061151 -0.255163
v -0.394534 -0.055879 -0.248331
v -0.370544 -0.054060 -0.247244
v 0.347688 0.195389 0.698641
v -0.201792 0.221164 0.612010
v 0.383242 0.001852 0.455205
v 0.376350 0.003123 0.443294
v 0.016399 -0.121698 -0.300835
v 0.004324 -0.108004 -0.303523
v 0.386420 -0.052894 0.516001
v 0.372057 -0.066453 0.495628
v -0.114605 -0.061131 0.177214
v -0.128865 -0.061185 0.139790
v -0.136618 -0.047481 0.145007
v -0.130009 0.101356 0.254359
v -0.300441 0.154228 -0.304580
v -0.485299 0.017284 -0.369240
v -0.489451 0.030984 -0.366031
v -0.508756 0.078657 -0.298264
v -0.511715 0.083205 -0.282272
v -0.377627 0.083917 -0.447481
v 0.108655 -0.178390 0.400203
v 0.125069 -0.172633 0.397203
v -0.158365 -0.097317 0.019714
v -0.156491 -0.094954 0.046111
v -0.159232 -0.107731 0.032931
v 0.410347 0.421743 -0.396471
v 0.339975 0.212105 0.672203
v 0.339498 0.215345 0.644227
v -0.026385 -0.215183 0.379914
v -0.059388 0.289687 -0.399050
v 0.273165 -0.319041 -0.193165
v 0.264124 -0.316872 -0.206734
v 0.259693 -0.311433 -0.192963
v 0.261971 -0.390260 -0.368834
v 0.253417 -0.382561 -0.375138
v -0.126631 0.070756 0.702847
v -0.140131 0.059168 0.702506
v -0.308947 0.151780 -0.363302
v 0.043860 0.260708 0.698682
v 0.077059 0.264572 0.696040
v 0.059912 0.255103 0.699650
v 0.238153 0.243398 -0.248610
v -0.189705 0.172581 0.391404
v -0.192848 0.167053 0.375679
v -0.196593 0.182261 0.370885
v -0.245202 -0.094742 0.541919
v -0.269269 -0.044773 0.560492
v -0.247521 -0.098114 0.555457
v -0.195526 0.109312 -0.496040
v -0.195334 0.096669 -0.484925
v -0.089990 0.271404 -0.293310
v 0.361791 0.500317 -0.555313
v -0.210986 0.128156 -0.359548
v -0.198166 0.130013 -0.346416
v -0.163372 -0.193860 -0.436973
v 0.319092 0.073940 0.702009
v -0.203259 -0.009597 0.408690
v -0.208076 -0.016984 0.410845
v 0.344172 -0.299267 -0.257736
v 0.236740 -0.167952 0.368558
v -0.008133 0.230581 0.351964
v -0.009394 0.221698 0.341496
v -0.159222 0.085178 0.702439
v -0.136426 0.081182 0.702518
v -0.375642 0.004467 -0.395567
v -0.042303 0.110626 0.702942
v -0.025336 0.111038 0.703054
v -0.028962 0.088984 0.702031
v 0.402762 -0.477535 -0.549870
v -0.161959 -0.193468 0.566833
v -0.167174 -0.184548 0.542859
v 0.041626 0.135103 -0.277896
v 0.028296 0.145547 -0.298207
v 0.011164 0.136150 -0.291458
v -0.197042 0.120873 0.350624
v -0.203322 0.128079 0.342975
v -0.208575 0.136940 0.349649
v -0.018737 -0.230498 0.449004
v -0.508412 0.001284 -0.370716
v -0.043010 0.143164 0.145806
v 0.354047 0.032886 0.411225
v 0.347642 0.038814 0.418034
v -0.322000 -0.013138 -0.447766
v -0.312831 -0.030133 -0.456472
v 0.105182 0.261276 0.697125
v -0.415948 0.052357 -0.224812
v 0.176559 0.003519 -0.254550
v 0.190502 0.010567 -0.239013
v -0.151333 0.115082 0.182109
v -0.155325 0.120083 0.212467
v -0.088589 -0.071728 0.257710
v 0.058568 -0.007531 -0.357515
v 0.329200 -0.505770 -0.569272
v 0.315803 -0.503181 -0.566305
v 0.018814 0.179310 0.057865
v 0.015647 0.170309 0.043310
v -0.291267 -0.127290 -0.210325
v -0.285807 -0.141706 -0.221499
v -0.466760 -0.023218 -0.132731
v -0.453226 -0.029270 -0.126271
v 0.369142 -0.066337 0.310485
v 0.354941 -0.080777 0.325712
v -0.386514 -0.120066 -0.280327
v -0.391899 -0.126551 -0.294822
v -0.396414 -0.122963 -0.286706
v 0.371903 -0.049209 0.460244
v 0.382927 -0.027214 0.464592
v 0.383693 0.053062 0.283914
v 0.366335 0.073461 0.261504
v -0.186232 -0.131919 0.401828
v -0.187679 -0.140437 0.390070
v 0.286713 0.158105 0.207230
v 0.276001 0.155661 0.183338
v 0.294879 0.150895 0.201790
v 0.263475 -0.214667 -0.096698
v 0.269460 -0.221139 -0.093347
v 0.266689 -0.217359 -0.081179
v -0.313836 -0.122300 -0.235357
v -0.307263 -0.126472 -0.249289
v -0.192672 0.051459 -0.090081
v -0.182497 0.063429 -0.113707
v 0.279667 -0.156368 0.236032
v 0.257696 -0.165963 0.252372
v 0.274693 -0.161403 0.273329
v 0.182394 0.192939 0.185097
v 0.067539 0.192800 -0.208361
v 0.034564 -0.193102 0.702918
v 0.047993 -0.188296 0.701823
v 0.058311 -0.201392 0.703213
v 0.188133 -0.496760 -0.609596
v 0.188543 -0.487807 -0.599779
v -0.135486 0.108131 -0.334546
v -0.137756 0.107216 -0.351368
v 0.095284 0.255459 -0.343678
v 0.112174 0.269909 -0.355655
v 0.114840 0.253858 -0.330970
v 0.278515 -0.328836 -0.220876
v 0.079134 0.338354 -0.526508
v 0.254022 0.474571 -0.638043
v 0.248455 0.460610 -0.636185
v 0.290477 -0.567597 -0.661223
v -0.048195 0.143885 0.157848
v -0.052372 0.147859 0.171453
v 0.032415 0.141478 0.033185
v 0.030687 0.133688 0.024381
v 0.315158 0.136756 0.334104
v 0.396692 -0.454204 -0.528368
v -0.454600 -0.026500 -0.193229
v -0.468169 -0.026034 -0.185931
v -0.454503 -0.041138 -0.188720
v 0.269296 0.001955 -0.133594
v 0.293521 0.010606 -0.102316
v 0.392530 0.068298 0.701999
v -0.332148 -0.121744 -0.430416
v -0.317998 -0.114304 -0.425510
v -0.326673 -0.103108 -0.434596
v -0.346503 -0.106534 -0.442367
v -0.342982 -0.121702 -0.434592
v -0.201901 -0.166102 0.592915
v -0.178295 -0.187922 0.583593
v -0.142547 -0.168605 -0.156701
v -0.141302 -0.187544 -0.160445
v 0.198445 0.093204 -0.130890
v 0.068648 -0.218821 0.435999
v 0.058140 -0.214073 0.428953
v -0.262763 -0.070792 0.694241
v -0.249942 -0.072466 0.697406
v -0.126328 0.087555 -0.234196
v -0.115001 0.095660 -0.227429
v -0.125964 0.097166 -0.207928
v -0.136220 0.087448 -0.214812
v -0.136305 0.089138 -0.199786
v -0.140247 -0.112654 0.195272
v -0.122916 -0.099789 0.204220
v -0.067014 0.170275 0.082617
v -0.074495 0.261947 0.648071
v -0.059261 0.263730 0.659267
v -0.068623 0.262622 0.664367
v 0.259261 -0.216806 0.675936
v 0.212855 -0.171944 0.346138
v 0.197819 -0.173387 0.334684
v 0.155382 0.245377 -0.193304
v 0.164110 0.244328 -0.180334
v 0.281488 -0.551038 -0.663895
v -0.226944 -0.049100 0.445089
v -0.225921 -0.058681 0.446522
v -0.223854 -0.054663 0.432260
v -0.381251 0.077398 -0.280285
v -0.397508 0.093037 -0.281995
v -0.045874 0.214429 0.369304
v -0.042521 0.219876 0.386758
v 0.396548 0.448488 -0.525392
v 0.396318 0.458002 -0.540190
v -0.121695 0.186532 0.174006
v -0.164095 0.219575 0.461663
v -0.168831 0.216762 0.452008
v 0.296274 0.125654 0.416704
v 0.288411 0.168585 0.450609
v 0.269090 0.170942 0.448454
v 0.277092 0.160563 0.434956
v -0.293061 0.092222 -0.191970
v 0.005484 0.147285 0.034808
v 0.408860 0.004368 0.359297
v 0.288636 -0.105232 0.413048
v -0.441042 0.054172 -0.133598
v -0.405562 0.046881 -0.120147
v -0.401599 0.060133 -0.130443
v -0.382470 0.053861 -0.131450
v -0.184639 0.152593 -0.455445
v 0.376524 -0.403865 -0.467344
v 0.385824 -0.417173 -0.483633
v 0.296979 0.383208 -0.335342
v 0.313178 0.330437 -0.391106
v 0.336327 0.359881 -0.424928
v 0.302760 0.336547 -0.426383
v 0.288826 0.312124 -0.184304
v 0.287512 0.313299 -0.194725
v 0.315492 0.472279 -0.589371
v 0.314962 0.463876 -0.573203
v 0.293517 0.449012 -0.574596
v 0.277278 0.127861 0.702839
v 0.281864 0.117641 0.702457
v 0.267695 0.114506 0.702508
v -0.040546 -0.249216 -0.247745
v -0.038011 -0.236721 -0.251213
v 0.091161 -0.418858 -0.555075
v 0.035453 -0.228371 0.464273
v 0.050423 -0.226388 0.471212
v 0.044927 -0.228385 0.452925
v 0.077097 0.010632 0.704323
v 0.088954 0.044561 0.703547
v 0.102041 0.018958 0.704602
v 0.143776 0.191122 0.404973
v 0.236756 0.226676 -0.092415
v 0.235420 0.239230 -0.110407
v -0.374692 0.105304 -0.426159
v -0.370771 0.091561 -0.410335
v -0.378156 0.084707 -0.414998
v -0.156900 -0.084662 0.702073
v -0.171439 -0.099278 0.702841
v -0.168217 -0.075898 0.702946
v -0.159410 -0.105612 -0.124444
v -0.119506 0.099147 -0.332716
v -0.124376 0.097954 -0.340593
v 0.141050 -0.173630 -0.036018
v 0.120126 -0.167154 -0.035485
v -0.037650 -0.193784 -0.299940
v 0.017456 -0.176821 0.702007
v 0.018642 -0.203783 0.703848
v 0.000898 -0.185543 0.702791
v 0.235620 -0.426885 -0.603932
v 0.272660 -0.453058 -0.622993
v 0.293913 0.331587 -0.240590
v -0.045146 0.209414 -0.387363
v -0.040128 0.194926 -0.373768
v -0.024873 0.203894 -0.394823
v -0.152059 0.088464 -0.148869
v -0.148420 0.087565 -0.166751
v -0.477693 -0.003549 -0.246108
v -0.490004 0.000698 -0.248004
v 0.322710 -0.039770 0.019057
v 0.325958 -0.050749 0.053246
v 0.339128 -0.034796 0.066259
v -0.124915 0.226241 -0.091314
v -0.126067 0.227693 -0.055918
v -0.136661 0.219286 -0.074105
v 0.190316 0.280314 -0.226103
v 0.214631 0.299979 -0.206760
v 0.179781 0.277494 -0.216415
v 0.364754 -0.375009 -0.325915
v 0.351909 -0.382393 -0.317549
v -0.181878 -0.127119 -0.253174
v -0.187431 -0.130161 -0.274955
v -0.202212 -0.136386 -0.266306
v -0.291998 0.146012 -0.380654
v -0.286159 0.135287 -0.394797
v -0.263406 0.137023 -0.382625
v -0.166875 0.146923 -0.098617
v -0.165043 0.162703 -0.115943
v 0.173968 -0.179962 0.166817
v 0.212062 -0.159717 0.148429
v 0.191381 -0.166852 0.140314
v -0.025896 0.150796 0.302142
v 0.229973 -0.298379 -0.214273
v 0.263954 -0.326683 -0.224151
v 0.222557 -0.300950 -0.225082
v -0.465452 0.042606 -0.351322
v -0.454331 0.040749 -0.349525
v -0.455267 0.059001 -0.339010
v 0.006389 0.223313 0.322597
v 0.339169 -0.505952 -0.520616
v -0.113247 -0.088636 0.703048
v 0.214326 0.242947 -0.093252
v 0.227818 0.237981 -0.094449
v -0.185226 -0.150917 0.095406
v -0.187174 -0.166424 0.083939
v -0.188290 -0.158773 0.075575
v -0.429644 0.125035 -0.304657
v -0.427534 0.126377 -0.298830
v -0.443332 0.129904 -0.303240
v -0.005536 0.187815 0.069505
v -0.145528 -0.204975 -0.148220
v -0.157868 -0.199253 -0.133938
v -0.149878 -0.215328 -0.134767
v -0.176546 -0.185606 0.571524
v 0.019528 0.110615 0.702864
v 0.000520 0.096036 0.701847
v -0.008770 0.119307 0.702983
v -0.218026 -0.113675 -0.466570
v -0.032985 0.206368 0.332604
v 0.374498 -0.374274 -0.351455
v -0.028647 -0.198054 -0.207443
v -0.447433 0.018234 -0.237604
v 0.147136 0.016564 -0.281140
v 0.138442 0.006335 -0.296089
v 0.156775 0.012801 -0.274140
v -0.009805 -0.230773 0.521066
v 0.025529 -0.229723 0.520170
v -0.159163 0.175544 0.132611
v 0.335725 0.125526 0.239463
v 0.343456 0.119153 0.277434
v 0.176383 0.224638 0.476950
v 0.162556 0.222722 0.455626
v 0.192373 0.218189 0.473902
v -0.198857 0.104410 -0.416538
v -0.163750 0.067761 -0.456286
v -0.152671 0.062714 -0.443758
v 0.076903 -0.213430 0.336634
v 0.049295 -0.229493 0.339428
v 0.073627 -0.219092 0.357257
v 0.039874 0.193079 0.311399
v -0.136481 -0.104563 0.237603
v -0.132269 0.024957 -0.432710
v -0.083332 0.012688 0.702967
v -0.092581 0.024405 0.702164
v -0.062513 0.046899 0.702023
v 0.215781 -0.252382 -0.091827
v 0.220582 -0.246449 -0.077711
v 0.231357 -0.249411 -0.087605
v -0.295238 -0.131567 -0.232832
v -0.304663 -0.135525 -0.265356
v 0.000083 -0.231743 0.347616
v 0.284965 0.164322 0.294869
v 0.301561 0.155989 0.312569
v 0.247238 -0.161367 0.409268
v 0.204032 0.384845 -0.533465
v -0.010706 -0.063251 -0.341054
v -0.021625 -0.082776 -0.321533
v -0.045015 0.099135 -0.286605
v 0.342257 -0.477046 -0.613570
v 0.323213 -0.474382 -0.620687
v 0.407974 0.479834 -0.558482
v 0.398489 0.470306 -0.558656
v 0.405003 0.469455 -0.545144
v 0.384358 -0.000461 0.163910
v 0.377205 0.017917 0.142256
v 0.378167 0.007265 0.142113
v 0.280278 -0.320256 -0.408140
v 0.221764 0.165363 0.342565
v 0.248596 0.163562 0.330724
v 0.274713 0.061438 -0.079912
v 0.280522 0.029737 -0.105093
v 0.385512 -0.380671 -0.381568
v 0.380734 -0.374534 -0.365127
v 0.033088 -0.159580 0.272817
v 0.083998 -0.406084 -0.551085
v 0.064468 -0.275230 -0.368949
v 0.048870 -0.282682 -0.373507
v 0.040694 -0.269195 -0.357343
v 0.305345 -0.166830 0.516506
v 0.291087 -0.177397 0.526574
v -0.169947 0.081750 -0.472423
v -0.154462 0.073701 -0.456247
v -0.029742 0.203739 -0.168188
v 0.140447 0.272025 0.679530
v 0.158893 0.268860 0.686186
v -0.269952 -0.145433 -0.385463
v -0.240523 -0.131982 -0.392244
v -0.272544 -0.128188 -0.408008
v 0.013828 0.273322 -0.395201
v 0.245728 -0.049490 0.702975
v 0.240354 -0.034042 0.701655
v 0.257880 -0.026345 0.702308
v -0.199714 -0.151068 0.439929
v -0.193945 -0.160033 0.447547
v -0.063477 -0.165563 0.320248
v -0.053217 0.191518 0.354391
v -0.284928 0.159926 -0.331487
v -0.155402 -0.151988 0.183486
v -0.152554 -0.139080 0.181422
v 0.114054 -0.209078 0.438867
v 0.116768 -0.212842 0.448721
v 0.270751 -0.069644 0.702154
v 0.379285 0.015437 0.446799
v 0.388570 0.002535 0.468822
v 0.115093 -0.160956 0.077012
v 0.387107 0.030101 0.383148
v 0.397231 0.024506 0.376568
v 0.395279 0.016785 0.385777
v -0.103367 0.054695 0.237399
v -0.091732 0.056650 0.264114
v -0.093792 0.044989 0.267162
v -0.213483 -0.103401 0.699017
v 0.188203 0.237676 -0.071724
v 0.175352 0.243143 -0.078705
v 0.189026 0.247737 -0.081895
v -0.068619 0.291712 -0.395824
v -0.073624 0.283229 -0.404083
v 0.336327 -0.499339 -0.509188
v 0.338765 -0.485346 -0.503112
v 0.397329 0.003533 0.258842
v 0.400728 0.003659 0.276069
v 0.393909 0.020344 0.253003
v -0.415944 0.002563 -0.372341
v -0.432593 -0.010878 -0.366158
v -0.418616 -0.014021 -0.365366
v 0.260678 -0.209331 -0.081846
v -0.125574 -0.203237 0.347086
v -0.479140 -0.020902 -0.351777
v 0.101791 -0.172073 0.080707
v 0.082680 -0.182931 0.074544
v 0.321463 -0.135268 0.304458
v -0.212171 0.010294 0.410309
v -0.210073 0.034869 0.410576
v 0.108782 -0.201927 0.432153
v 0.115422 -0.193064 0.429376
v 0.145733 0.257682 -0.289961
v 0.164759 0.274598 -0.301656
v 0.101546 -0.034905 -0.296520
v 0.090328 -0.060674 -0.272772
v 0.101730 -0.051142 -0.275301
v 0.405602 0.411516 -0.413688
v 0.408126 0.410990 -0.402258
v 0.157743 0.128253 -0.170507
v 0.154192 0.108736 -0.179598
v 0.046685 -0.218170 0.123087
v 0.037351 -0.221056 0.097783
v 0.029919 -0.223306 0.109918
v -0.190683 0.125417 -0.314301
v -0.175823 0.123570 -0.321054
v -0.183703 0.119481 -0.306529
v -0.465535 0.094253 -0.248313
v -0.485040 0.092436 -0.245198
v -0.470714 0.104172 -0.256541
v -0.073290 0.199601 -0.271284
v 0.146307 0.198694 0.423563
v -0.270122 -0.001221 0.548723
v -0.254330 -0.019927 0.522141
v 0.212159 0.384776 -0.600132
v 0.243347 0.402580 -0.609420
v 0.230789 0.401963 -0.612074
v 0.328242 -0.006470 -0.009018
v 0.327332 0.005821 -0.014233
v 0.320412 -0.006577 -0.034848
v 0.098842 0.200691 0.401511
v -0.023373 -0.188607 -0.360272
v -0.016182 -0.190022 -0.364614
v 0.363230 -0.332973 -0.321571
v -0.083858 0.044777 0.290275
v -0.082849 0.030796 0.303496
v -0.089204 0.032039 0.286746
v 0.080760 -0.199144 0.095767
v 0.069218 -0.208284 0.113821
v -0.138150 0.054152 -0.422678
v -0.190143 0.188122 0.383374
v 0.397363 -0.023222 0.295223
v 0.403212 -0.009746 0.293513
v -0.395541 0.047225 -0.211682
v -0.080919 -0.098910 -0.305890
v -0.083562 -0.110827 -0.274977
v -0.069333 -0.115591 -0.280317
v 0.156935 -0.179833 0.428517
v 0.149260 -0.173506 0.426417
v 0.137282 -0.186026 0.429459
v -0.277755 -0.011578 -0.470008
v -0.042157 0.157608 0.100152
v -0.194495 0.154798 0.390863
v 0.400783 0.429978 -0.395044
v 0.019121 -0.220339 -0.176176
v 0.028914 -0.211595 -0.175457
v 0.066002 -0.202521 0.423332
v 0.054328 0.144874 -0.019398
v 0.058976 0.141783 0.004874
v 0.347897 0.408880 -0.344092
v 0.090235 0.208598 0.409679
v -0.159798 0.133476 0.294720
v -0.019234 -0.158842 0.702249
v 0.010541 -0.162020 0.701978
v -0.018001 -0.170863 0.702613
v -0.195562 -0.149124 -0.462404
v -0.183493 -0.163580 -0.456191
v -0.192526 -0.167808 -0.471987
v -0.171018 -0.057500 -0.447210
v -0.178386 -0.063213 -0.448653
v -0.159839 -0.072096 -0.451643
v 0.372999 -0.376681 -0.301276
v 0.384677 -0.368396 -0.291366
v 0.344934 0.322445 -0.270686
v 0.335082 0.309165 -0.254368
v 0.212778 -0.305664 -0.292069
v 0.009666 0.246058 -0.326960
v 0.040526 0.258707 -0.346099
v 0.396884 0.382092 -0.307305
v 0.395716 0.382070 -0.288123
v 0.388752 0.390731 -0.303327
v 0.390325 0.388449 -0.319162
v 0.416296 0.041226 0.592378
v 0.416819 0.020364 0.591963
v 0.111428 0.004413 -0.316306
v -0.485719 0.074059 -0.238617
v 0.040363 0.216238 -0.244240
v 0.060632 0.217166 -0.253251
v -0.146721 0.095630 0.027180
v -0.148414 0.087915 0.009531
v 0.042212 -0.221554 0.145001
v 0.023218 -0.225305 0.138663
v -0.082924 -0.226314 0.691342
v 0.357803 -0.386634 -0.285781
v 0.343151 -0.389914 -0.292657
v -0.220500 0.000293 -0.089895
v 0.407340 0.058639 0.693889
v 0.060412 0.284019 -0.409350
v 0.272674 -0.171204 0.705893
v 0.280031 -0.177781 0.705819
v 0.186514 0.212648 -0.063083
v 0.182724 0.228038 -0.067673
v 0.200082 0.221097 -0.064417
v -0.003181 -0.176961 0.027358
v -0.015535 -0.183843 0.033978
v 0.382523 -0.009245 0.384364
v 0.187272 0.180769 -0.162221
v 0.172500 0.159805 -0.161710
v 0.194184 0.182218 -0.142563
v 0.123863 0.359816 -0.560419
v -0.129952 0.154648 -0.180249
v 0.039724 -0.192031 0.255519
v 0.025444 -0.190800 0.247422
v -0.368766 0.095553 -0.328280
v 0.238155 -0.432069 -0.522336
v 0.219213 -0.417235 -0.503585
v 0.239701 -0.429011 -0.507413
v 0.021519 0.189095 0.124134
v 0.331618 -0.307016 -0.199718
v 0.326552 -0.311845 -0.219789
v -0.156859 -0.082936 0.339371
v 0.386905 -0.485360 -0.524940
v -0.038511 -0.200458 -0.070798
v -0.165373 -0.059681 0.084060
v 0.305462 0.505189 -0.640279
v 0.255285 -0.326960 -0.230483
v -0.514124 0.036937 -0.263331
v -0.513231 0.034133 -0.277279
v -0.191231 0.123685 -0.503430
v -0.171505 0.124269 -0.505218
v -0.182523 0.138088 -0.504650
v -0.192173 -0.154565 0.697685
v 0.154030 0.350023 -0.482253
v -0.187085 -0.135687 -0.503729
v 0.128326 0.154545 -0.026268
v 0.151530 0.154438 -0.025395
v 0.227579 -0.175657 -0.100290
v 0.046538 -0.370081 -0.486938
v 0.070609 -0.387588 -0.508667
v 0.055084 -0.387553 -0.503278
v -0.315055 0.081526 -0.448257
v -0.331386 0.092606 -0.446851
v -0.333549 0.066431 -0.451926
v 0.294491 0.022230 -0.091570
v 0.226983 -0.255640 -0.103783
v 0.233862 -0.255707 -0.110211
v -0.138817 0.075017 0.127291
v -0.107419 -0.081541 0.321285
v -0.117608 -0.076773 0.345536
v -0.123967 -0.084737 0.325534
v -0.137382 0.067233 -0.420338
v -0.129910 0.077812 -0.409296
v -0.138724 0.078445 -0.430220
v 0.002042 0.158307 0.040104
v 0.233019 0.306532 -0.215091
v 0.253783 0.317121 -0.209369
v -0.255108 0.071615 -0.448930
v 0.146473 -0.216549 0.498870
v 0.190330 -0.203799 0.480956
v -0.322570 -0.159501 -0.315259
v -0.159491 0.144486 -0.134850
v -0.158959 0.164112 -0.137770
v -0.114568 0.073517 0.201970
v 0.020098 -0.152754 0.265901
v -0.212260 0.055330 -0.457670
v -0.209406 0.038228 -0.457385
v 0.232875 0.451472 -0.626595
v 0.235729 0.444183 -0.628228
v -0.373679 -0.007664 -0.119620
v 0.002391 -0.168047 0.026337
v -0.220058 0.069054 0.450239
v 0.138709 0.121427 -0.193616
v -0.237445 0.047079 0.699953
v -0.202232 0.105247 0.424234
v 0.007752 -0.239062 0.351925
v -0.011044 0.131576 -0.293967
v -0.109356 -0.229531 -0.004899
v -0.301799 -0.121358 -0.220225
v 0.110878 0.157701 -0.042213
v 0.389751 0.436535 -0.488961
v -0.178632 -0.173019 0.690548
v -0.150421 0.100048 0.009917
v -0.151709 0.093643 -0.015335
v 0.279993 0.263881 -0.193927
v 0.300626 0.279089 -0.192108
v 0.303063 0.282293 -0.205515
v 0.100091 -0.197725 0.331282
v -0.048397 0.206318 0.366571
v -0.475728 0.099848 -0.320090
v -0.460096 0.091636 -0.327453
v -0.458946 0.111392 -0.320710
v -0.197881 0.089414 0.378022
v 0.292557 -0.253657 -0.198093
v 0.297129 -0.254739 -0.182412
v -0.129548 -0.195601 0.153901
v -0.507155 0.047261 -0.352563
v -0.492628 0.050152 -0.353129
v -0.358752 0.111735 -0.339884
v -0.368764 0.104483 -0.337965
v -0.389631 -0.029496 -0.370498
v 0.091466 0.168043 -0.109691
v -0.196751 0.128295 -0.360517
v 0.013898 -0.229816 0.406170
v -0.034106 0.149571 0.047096
v 0.258482 -0.385491 -0.403468
v 0.250078 -0.383573 -0.423929
v 0.000730 -0.156922 -0.016978
v -0.011778 -0.169399 -0.019519
v -0.011094 -0.161959 -0.004849
v -0.110134 0.193980 0.339971
v -0.120341 0.199880 0.355824
v -0.481252 0.077422 -0.321951
v -0.490346 0.092442 -0.315150
v -0.395210 0.024789 -0.371045
v -0.158982 0.146970 -0.376270
v -0.394296 -0.032811 -0.397178
v -0.399883 -0.031934 -0.408720
v -0.395638 -0.021971 -0.409643
v 0.152951 0.147974 0.016601
v 0.170152 0.146844 0.020625
v 0.155588 0.146462 0.028159
v 0.307172 0.346364 -0.253142
v 0.301018 0.365829 -0.261123
v 0.312357 0.365322 -0.262791
v -0.097325 0.278707 -0.323982
v 0.065040 0.139796 0.022252
v 0.059544 0.137815 0.028603
v -0.091294 0.174576 0.164383
v -0.082261 0.171148 0.175268
v -0.092353 0.175035 0.186247
v 0.099592 0.301016 -0.526799
v 0.101120 0.319031 -0.535351
v -0.125200 -0.183643 0.407657
v 0.371845 0.485601 -0.519822
v 0.364536 -0.445557 -0.414741
v 0.368160 -0.441181 -0.427614
v 0.349251 -0.445933 -0.419054
v 0.281294 0.364384 -0.269091
v 0.287694 0.380829 -0.277477
v 0.297571 0.378961 -0.268713
v -0.074667 -0.314489 -0.320182
v -0.077254 -0.303289 -0.304801
v -0.069844 -0.310836 -0.298529
v 0.174697 0.247204 -0.112652
v 0.175934 0.251236 -0.100316
v 0.158738 0.243220 -0.096286
v 0.373532 0.171267 0.685333
v 0.313475 0.398295 -0.276129
v -0.179089 -0.182568 -0.502621
v -0.013740 0.203755 -0.161716
v -0.134385 -0.086966 0.112554
v -0.139818 -0.103193 0.121245
v -0.143068 -0.099813 0.100590
v 0.065204 -0.113930 -0.265890
v 0.071157 -0.126431 -0.265055
v -0.144257 -0.189313 0.148116
v -0.145787 -0.180803 0.169515
v -0.492545 -0.107650 -0.299004
v -0.488452 -0.103318 -0.315600
v 0.378634 0.495212 -0.532081
v -0.187030 -0.148194 0.375192
v 0.165226 -0.174729 0.380134
v 0.177331 -0.179546 0.364396
v 0.321786 0.477439 -0.659357
v 0.301151 0.474518 -0.658484
v 0.294354 0.453685 -0.645041
v -0.425282 -0.035657 -0.348302
v -0.410141 -0.046216 -0.345396
v 0.095996 -0.193187 0.426659
v -0.227542 0.182180 0.563918
v -0.040686 -0.261829 -0.251812
v -0.148040 0.202698 0.082177
v -0.139972 0.211280 0.061257
v -0.083249 -0.192027 -0.179537
v -0.148305 -0.084260 0.081202
v -0.139899 -0.080434 0.102244
v 0.285729 -0.110083 0.395758
v 0.096649 -0.204765 0.339464
v 0.172998 0.238803 0.699506
v 0.148474 0.249371 0.699680
v 0.172181 0.252253 0.699387
v -0.069741 0.190297 -0.127973
v -0.107923 0.055839 0.702045
v 0.381767 0.431888 -0.387723
v 0.374414 0.441123 -0.392655
v -0.028008 0.105459 -0.282997
v -0.019301 0.121041 -0.285892
v 0.126814 -0.270110 -0.425728
v 0.145755 -0.276885 -0.426333
v 0.139055 -0.251088 -0.390605
v -0.382122 0.111634 -0.291103
v -0.456005 -0.096452 -0.332773
v 0.306928 -0.144883 0.240265
v 0.285761 -0.147612 0.204758
v 0.103717 -0.164322 -0.282074
v 0.136787 -0.177731 -0.273692
v 0.127497 -0.160588 -0.256774
v -0.090952 -0.216397 -0.123434
v -0.083617 -0.208933 -0.135420
v -0.221248 0.121609 -0.479302
v 0.081127 0.271238 0.602415
v 0.059264 0.273132 0.612160
v 0.391398 0.500857 -0.558365
v 0.097394 -0.179388 0.408464
v 0.340252 -0.310733 -0.304403
v 0.332915 -0.296118 -0.270973
v 0.322865 -0.298945 -0.300635
v 0.303692 -0.282690 -0.286066
v 0.312907 -0.276410 -0.251537
v -0.187253 0.175043 0.319654
v -0.098673 -0.087908 0.236152
v -0.102683 -0.083294 0.210769
v 0.119921 0.194429 -0.097260
v 0.117332 0.183563 -0.090455
v 0.304514 -0.574105 -0.644839
v -0.154242 0.094013 -0.074517
v -0.156675 0.107452 -0.064126
v -0.154185 0.099848 -0.054119
v 0.383356 -0.097030 0.632455
v 0.392417 -0.083742 0.654889
v 0.392287 -0.078095 0.625417
v 0.010242 -0.148770 0.294103
v 0.220721 -0.157631 0.703254
v -0.010551 0.202192 -0.395632
v -0.182816 0.106260 0.323797
v -0.185618 0.120222 0.323535
v -0.190871 0.113781 0.339721
v -0.471395 -0.072320 -0.209187
v 0.250361 -0.258456 -0.317082
v 0.227359 -0.236388 -0.289235
v 0.202546 -0.225436 -0.299804
v 0.382866 0.504754 -0.544641
v 0.272651 0.495050 -0.644022
v 0.147053 -0.440623 -0.562745
v -0.090328 -0.070715 -0.376927
v -0.089519 -0.076961 -0.364686
v -0.170119 0.136706 0.025214
v -0.162563 0.123283 -0.000020
v -0.177676 0.151063 0.013046
v -0.170982 0.097016 0.315636
v 0.341251 -0.304805 -0.227777
v 0.342267 -0.295317 -0.242599
v 0.227856 -0.128517 -0.044386
v -0.101467 -0.061310 0.222274
v -0.102985 -0.074934 0.204046
v -0.211833 0.181301 0.707585
v 0.397698 0.030024 0.365884
v 0.373340 0.496815 -0.567665
v 0.327561 -0.387579 -0.289971
v 0.009884 0.235668 -0.444164
v -0.360937 -0.115320 -0.382886
v -0.136151 0.094110 -0.182610
v -0.130053 0.097837 -0.196558
v -0.129099 0.108976 -0.194735
v 0.395410 0.003204 0.221288
v 0.388661 0.022580 0.205653
v 0.390897 0.015139 0.192177
v 0.197281 0.323361 -0.522896
v 0.191862 0.306653 -0.498554
v -0.033520 0.257565 -0.430298
v -0.008495 0.259269 -0.447707
v -0.022153 0.265239 -0.441013
v -0.077850 0.098490 -0.271581
v -0.074343 0.093111 -0.288311
v -0.173417 -0.159527 0.120564
v -0.183404 -0.162294 0.103473
v -0.179485 -0.151141 0.112257
v -0.476699 0.053470 -0.346154
v -0.067780 -0.166507 0.204016
v -0.078459 -0.174361 0.188733
v -0.176714 0.064842 -0.091696
v 0.336648 -0.124113 0.252787
v 0.325895 -0.131393 0.232920
v 0.347856 -0.085974 0.449360
v 0.117403 -0.183188 -0.058960
v -0.183920 -0.138973 0.412961
v -0.181197 -0.140493 0.403534
v 0.360869 0.334429 -0.273837
v -0.307631 0.117793 -0.294842
v 0.045450 -0.231951 0.535534
v 0.328066 -0.424773 -0.373313
v -0.159331 -0.112034 -0.013574
v 0.194492 -0.266929 -0.177106
v 0.182330 -0.256265 -0.183277
v 0.334963 0.480659 -0.525817
v 0.332638 0.475721 -0.538704
v -0.179202 -0.177139 0.371578
v -0.179348 -0.181385 0.354921
v -0.189333 0.177454 0.435749
v -0.199093 0.165446 0.453344
v -0.171687 0.047376 0.403916
v -0.144625 -0.183293 -0.432498
v -0.153368 -0.193537 -0.455582
v -0.128503 -0.195140 0.444165
v -0.153607 -0.186804 0.454215
v -0.131062 -0.196963 0.464131
v -0.388099 0.081600 -0.421878
v -0.383525 0.091668 -0.426658
v 0.185412 -0.157300 0.398436
v 0.404734 -0.427014 -0.446665
v -0.150812 0.109314 -0.132446
v -0.153542 0.123729 -0.139068
v 0.276120 0.424965 -0.548158
v -0.514037 0.055455 -0.263967
v -0.508000 0.051029 -0.251387
v -0.514124 0.036937 -0.263331
v -0.114882 0.247665 0.522739
v 0.327185 0.477702 -0.585375
v -0.132248 -0.179956 0.415831
v 0.390638 0.458300 -0.510835
v -0.522854 0.033286 -0.354208
v 0.271847 -0.130066 0.080349
v -0.193080 0.110811 0.349643
v 0.384552 -0.072486 0.700450
v 0.393539 -0.065393 0.695104
v -0.003274 0.240253 0.407669
v -0.013298 0.234959 0.406887
v -0.317488 0.088703 -0.188801
v -0.015355 -0.159992 0.199397
v 0.108212 0.334037 -0.544069
v -0.172809 -0.177381 0.387299
v 0.246335 -0.116695 -0.038838
v -0.206269 0.139071 0.333376
v -0.189597 0.007321 -0.460118
v -0.194016 0.027263 -0.456862
v -0.209772 0.011916 -0.462392
v -0.187835 0.163617 0.392463
v -0.404303 -0.060241 -0.342687
v -0.415093 -0.063615 -0.334236
v 0.283235 0.161434 0.382826
v -0.118472 0.224602 0.002986
v -0.128750 0.225789 -0.008184
v -0.121261 0.226334 -0.021257
v 0.225114 -0.142979 0.087689
v 0.317794 -0.454352 -0.470372
v 0.407974 0.020682 0.320188
v 0.404055 0.017567 0.296907
v 0.407653 0.004724 0.311617
v -0.028609 -0.169696 0.308769
v 0.398390 0.423615 -0.388440
v 0.036385 -0.152900 -0.011123
v -0.391011 -0.116147 -0.308241
v -0.133352 0.027750 0.398246
v -0.153041 0.118240 0.144813
v -0.154207 0.118462 0.119164
v -0.163891 0.136330 0.123802
v -0.252224 0.042637 -0.140145
v -0.244335 0.048660 -0.145530
v -0.237930 0.038091 -0.129396
v 0.246792 -0.251543 -0.114966
v 0.254298 -0.242690 -0.100151
v 0.288110 -0.496982 -0.660026
v 0.270224 -0.471730 -0.642625
v 0.260401 -0.475308 -0.647652
v -0.103126 -0.089606 0.263287
v -0.103607 -0.087710 0.284721
v -0.113873 -0.090793 0.276159
v -0.227185 -0.083813 -0.136695
v 0.137274 -0.436025 -0.589943
v -0.192257 0.103102 0.336764
v -0.184565 0.086569 0.332541
v -0.014482 -0.183273 -0.065919
v -0.469357 -0.026591 -0.345450
v 0.259936 0.166550 0.184234
v 0.251869 0.156749 0.158519
v -0.189886 0.123374 0.395318
v -0.116531 0.195720 0.106614
v -0.131416 0.199900 0.110545
v 0.003277 -0.219053 0.150036
v 0.266315 -0.554119 -0.648465
v 0.274737 -0.400475 -0.428261
v 0.267647 -0.404376 -0.446669
v -0.118771 0.115129 0.700860
v -0.144210 0.138919 0.703171
v -0.157799 0.196220 0.024688
v -0.163917 0.188947 0.007477
v -0.149482 0.205814 0.006863
v -0.280386 -0.057040 0.667704
v -0.233263 -0.092878 0.500675
v -0.237198 -0.059584 0.499412
v -0.238631 -0.086987 0.517573
v -0.152235 -0.069460 0.400015
v -0.095152 0.223961 -0.055511
v -0.089687 0.212956 -0.042874
v -0.293470 0.000411 0.691239
v -0.300914 0.001059 0.674972
v 0.137339 -0.180613 0.299526
v -0.433573 0.053068 -0.125014
v -0.035444 -0.227753 -0.256325
v 0.363715 0.143408 0.699567
v 0.352240 0.131713 0.699276
v 0.080032 -0.206908 0.380576
v 0.250535 0.233318 -0.151107
v -0.179362 -0.153108 0.375738
v -0.139695 -0.167014 0.316472
v 0.138804 -0.457464 -0.578923
v 0.335640 -0.445480 -0.448223
v 0.341200 -0.448377 -0.457434
v 0.329279 -0.459716 -0.476286
v 0.171704 0.389346 -0.561547
v 0.388684 0.468078 -0.572888
v -0.423206 -0.091027 -0.268990
v -0.448039 -0.098673 -0.269006
v -0.413795 -0.068872 -0.193733
v -0.220975 -0.042210 0.421624
v -0.000845 -0.092416 -0.309049
v -0.299111 -0.085535 -0.443418
v -0.289421 -0.074426 -0.451281
v -0.299319 -0.055368 -0.457812
v -0.045955 -0.247773 -0.259949
v -0.187936 0.164706 0.329388
v 0.396065 -0.467104 -0.549310
v 0.387307 -0.462287 -0.552934
v 0.192422 0.296870 -0.305599
v 0.012118 -0.229111 -0.267751
v 0.029961 -0.223989 -0.249978
v 0.033683 -0.225663 -0.258273
v 0.029802 -0.229445 -0.275802
v -0.183693 -0.151438 0.420310
v -0.132226 0.195906 -0.143933
v -0.142442 0.202540 -0.126949
v -0.129006 0.118357 -0.457810
v -0.128792 0.111846 -0.430571
v -0.128062 0.128000 -0.437615
v -0.163568 0.175926 -0.103215
v -0.023373 -0.188607 -0.360272
v -0.001186 -0.184876 -0.359706
v 0.041580 -0.212899 -0.214540
v 0.025003 -0.223154 -0.215447
v -0.032659 0.253227 0.485649
v -0.084068 0.258280 0.568509
v -0.094299 0.258052 0.573871
v -0.107553 0.256451 0.572262
v 0.023182 0.080947 -0.293532
v 0.052375 0.070415 -0.287758
v 0.108588 -0.225754 0.528706
v 0.101316 -0.230977 0.546900
v 0.133112 -0.228436 0.549250
v 0.143477 0.172314 -0.231298
v 0.163906 0.192959 -0.244632
v 0.313208 -0.125429 0.704008
v 0.326775 -0.124644 0.704404
v 0.334312 -0.128463 0.703585
v -0.149265 0.115185 -0.492689
v -0.147487 0.128273 -0.498387
v -0.451983 0.126515 -0.310741
v -0.036960 -0.259319 -0.389809
v -0.017556 -0.252689 -0.410242
v -0.025724 -0.232652 -0.391383
v 0.394729 0.448104 -0.509550
v 0.385433 0.386909 -0.387567
v 0.376443 0.391873 -0.422496
v 0.366227 0.367238 -0.372687
v -0.340830 0.111046 -0.337707
v -0.126177 -0.233380 0.049901
v 0.279311 -0.150741 0.368619
v -0.176603 -0.023323 0.406754
v 0.379166 -0.363670 -0.284550
v -0.078794 -0.210146 0.702922
v -0.113823 0.241763 0.476788
v -0.086289 0.244926 0.465374
v -0.102839 0.247058 0.487887
v -0.205462 0.130440 0.365466
v -0.046478 0.294723 -0.426883
v 0.410408 0.061519 0.682453
v 0.412763 0.030689 0.681990
v -0.012645 -0.224707 0.488297
v 0.181733 -0.156968 0.412211
v -0.431867 -0.106067 -0.277684
v 0.120051 0.232071 -0.234811
v 0.129314 0.231840 -0.213480
v 0.234662 0.238973 0.566083
v -0.397015 0.070710 -0.141459
v 0.100204 0.250009 0.510177
v -0.118765 -0.138454 -0.461759
v 0.147560 -0.451542 -0.571671
v 0.176096 -0.452630 -0.571623
v -0.065278 0.263325 0.603295
v -0.064943 0.263392 0.627012
v -0.085428 0.261900 0.616758
v 0.329847 -0.520505 -0.663189
v 0.327848 -0.536124 -0.671695
v 0.260625 -0.523881 -0.611195
v 0.263069 -0.511276 -0.603912
v 0.279817 -0.526541 -0.607534
v -0.365350 0.040789 -0.135021
v -0.384760 0.038184 -0.122110
v -0.467102 -0.042796 -0.174313
v -0.473030 -0.041419 -0.164061
v 0.405147 -0.023828 0.559460
v 0.397470 -0.047249 0.556628
v -0.149552 0.147554 -0.488953
v -0.142704 0.146236 -0.478675
v -0.152964 0.154899 -0.474851
v -0.055867 0.183589 0.334892
v -0.226888 0.188935 0.577847
v -0.234356 0.191488 0.608158
v -0.243237 0.171910 0.587240
v 0.184729 -0.231056 -0.071823
v 0.356410 0.198629 0.637872
v 0.382351 0.414887 -0.475785
v 0.383212 0.409889 -0.459645
v -0.081371 0.204679 -0.300346
v -0.127323 -0.167885 0.702920
v -0.143246 -0.174078 0.702506
v 0.015447 0.250246 0.354601
v 0.028047 0.245215 0.370513
v -0.285732 -0.003717 0.589516
v 0.125714 0.263331 0.697358
v -0.158779 -0.225738 -0.051746
v -0.165692 -0.216699 -0.065478
v 0.179680 -0.218724 -0.061134
v 0.195456 -0.210920 -0.058446
v 0.197410 -0.225980 -0.065446
v 0.330055 0.349358 -0.259153
v 0.356281 0.361742 -0.269178
v 0.062071 -0.100430 0.702934
v 0.044842 -0.076737 0.703520
v 0.070205 -0.077046 0.703603
v 0.095626 0.344076 -0.519385
v 0.391905 0.424848 -0.477507
v 0.290477 -0.567597 -0.661223
v -0.333594 -0.140926 -0.417079
v -0.331876 -0.148435 -0.400837
v 0.222809 0.249779 -0.328251
v 0.258533 0.274194 -0.336082
v 0.297297 0.111228 0.386489
v 0.307672 -0.019893 -0.058966
v 0.179846 0.388257 -0.591971
v 0.195686 0.404829 -0.602829
v 0.210156 0.209511 -0.064393
v -0.176694 -0.177575 -0.072268
v 0.261660 -0.208086 0.608691
v -0.131484 0.091104 -0.422337
v -0.196494 0.178578 0.475072
v -0.369014 -0.116226 -0.395090
v 0.231198 -0.480658 -0.643913
v 0.215850 -0.483781 -0.636693
v 0.261201 -0.508117 -0.657190
v 0.197038 -0.417872 -0.529678
v 0.314483 0.211066 0.565594
v -0.159798 0.057919 0.060270
v -0.153480 0.065970 0.042883
v -0.147392 0.073887 0.060258
v 0.107323 -0.392396 -0.564835
v 0.102055 -0.377194 -0.558480
v 0.112954 -0.275725 -0.356967
v 0.089732 -0.274577 -0.365517
v -0.171388 -0.145670 -0.345964
v -0.175922 -0.148437 -0.358477
v -0.167153 0.163827 -0.407196
v -0.175718 0.157919 -0.392044
v 0.013019 -0.144144 0.278962
v 0.165240 0.338376 -0.562373
v 0.190407 0.349954 -0.568130
v 0.189487 0.360400 -0.580623
v 0.282786 0.272055 -0.247442
v 0.295449 0.277248 -0.217972
v 0.307271 0.291805 -0.263124
v 0.279404 0.276649 -0.286620
v 0.151208 -0.218020 -0.083093
v 0.159520 -0.219850 -0.068342
v 0.259687 -0.488365 -0.654670
v 0.405852 0.019746 0.364334
v -0.178559 -0.127141 0.323676
v -0.004857 -0.235929 -0.206843
v -0.015567 -0.231027 0.090561
v -0.040789 -0.243624 -0.376745
v -0.039174 -0.222807 -0.366233
v -0.050161 -0.244982 -0.358997
v -0.080510 0.189099 -0.038759
v -0.194936 -0.119614 0.355743
v 0.216228 -0.325774 -0.467027
v 0.194211 -0.331843 -0.489523
v 0.212085 -0.340102 -0.490809
v 0.054142 0.190506 -0.208532
v 0.338324 0.409462 -0.331504
v 0.148496 -0.227423 -0.159513
v 0.372750 0.505643 -0.551440
v 0.286161 -0.404873 -0.547386
v 0.290010 -0.416611 -0.564097
v 0.316054 -0.417868 -0.550205
v 0.058208 0.309523 -0.464763
v 0.144672 -0.299594 -0.376402
v 0.123450 -0.295135 -0.381261
v 0.330435 -0.388762 -0.303366
v 0.207975 -0.258860 -0.361311
v 0.022396 -0.220460 0.413288
v -0.039944 0.246725 0.698756
v -0.028813 0.253427 0.698055
v 0.091573 -0.173522 0.301279
v 0.116598 -0.177025 0.299122
v 0.113316 -0.182487 0.289782
v 0.256342 0.457734 -0.637952
v -0.196979 0.118897 -0.451455
v -0.187999 0.136775 -0.457567
v 0.278042 0.153013 0.344386
v 0.270123 0.154547 0.353506
v -0.104181 -0.179374 0.383400
v -0.097267 -0.176528 0.371376
v 0.172694 0.373746 -0.585288
v 0.175118 0.057163 0.702583
v 0.027006 -0.223743 0.147837
v -0.462635 -0.036397 -0.181345
v 0.348446 0.457190 -0.485234
v 0.045489 0.269474 -0.484442
v -0.034236 -0.199055 -0.244123
v -0.035042 -0.211781 -0.258880
v -0.166976 -0.197199 0.623917
v -0.163277 -0.201050 0.609344
v -0.183796 -0.185375 0.602801
v -0.185640 -0.181124 0.621474
v 0.147522 0.199623 0.248918
v 0.171184 0.200153 0.233480
v 0.010816 0.136809 -0.067144
v 0.020951 0.136671 -0.081011
v 0.386561 -0.359658 -0.291810
v 0.337944 -0.003561 0.011388
v 0.329115 -0.016819 0.000083
v 0.339517 -0.015695 0.027067
v 0.107042 0.294392 -0.414618
v 0.219191 0.254711 0.693117
v 0.220837 0.258919 0.682020
v 0.170412 0.249522 -0.398518
v 0.159481 0.256457 -0.425476
v -0.179445 -0.171703 0.469989
v -0.173341 -0.177189 0.449982
v -0.181773 -0.171113 0.456942
v 0.171706 0.016732 -0.255504
v 0.154737 0.032057 -0.259557
v -0.014569 0.188915 0.094037
v -0.163242 -0.082079 0.038964
v -0.156243 -0.084909 0.060133
v 0.120964 0.272734 0.619826
v 0.140950 0.269676 0.607650
v 0.141749 0.271501 0.617740
v -0.354451 -0.096416 -0.168698
v -0.497457 -0.052815 -0.231910
v -0.504721 -0.046679 -0.238702
v -0.108788 -0.170703 0.281561
v 0.312729 0.232166 0.646960
v 0.326344 0.223943 0.649709
v -0.444375 -0.027857 -0.203504
v 0.331717 0.313054 -0.271961
v 0.326197 0.303870 -0.253356
v 0.349215 -0.007949 0.702484
v -0.169874 0.153379 0.311021
v -0.160912 0.152104 0.298805
v 0.385575 -0.428087 -0.505804
v 0.321877 -0.501651 -0.651167
v 0.317707 -0.511905 -0.662626
v -0.476292 -0.076460 -0.332854
v -0.143883 0.154582 -0.170796
v 0.411843 0.419425 -0.420649
v -0.103346 0.160920 -0.179738
v -0.178446 0.101154 0.702199
v -0.180383 0.115266 0.702213
v -0.173130 0.160559 0.108289
v -0.244909 0.160732 0.574229
v -0.249655 0.147115 0.569798
v -0.140188 -0.137269 -0.144026
v -0.147036 0.210617 0.025945
v -0.136622 0.220008 0.017387
v -0.156726 0.160348 0.284749
v -0.145930 0.176185 0.281976
v 0.109186 0.210259 0.360045
v 0.094991 0.226528 -0.418717
v 0.099717 0.208796 -0.379810
v -0.354281 0.061077 -0.205646
v -0.360080 0.050307 -0.227563
v -0.190305 0.151129 -0.466008
v 0.407340 0.045780 0.561064
v 0.117876 0.203328 0.202160
v -0.105048 0.051603 -0.398512
v -0.109339 0.063152 -0.383371
v -0.120250 0.060345 -0.398672
v 0.136950 -0.207583 -0.071047
v 0.145373 -0.201123 -0.052878
v 0.159493 -0.211124 -0.056952
v 0.016767 -0.157379 -0.038068
v 0.013116 -0.163430 -0.058400
v 0.000124 -0.165611 -0.041694
v -0.073921 0.270935 -0.302492
v 0.116659 -0.179784 0.095980
v 0.144069 -0.166648 0.099648
v 0.365674 -0.028978 0.166758
v -0.336203 0.130418 -0.382368
v -0.015820 0.238175 0.389221
v 0.067373 -0.348361 -0.470430
v -0.029449 0.059086 0.702041
v -0.041041 0.040183 0.702631
v 0.339988 -0.470382 -0.494708
v 0.364994 -0.467908 -0.507508
v -0.036645 -0.137340 0.259530
v -0.051950 -0.145486 0.260643
v -0.154411 0.091785 -0.254364
v -0.142340 0.092497 -0.272257
v -0.135224 0.087484 -0.253008
v -0.077525 -0.234744 0.562692
v -0.046689 -0.235308 0.545072
v -0.017475 -0.200025 0.155449
v 0.189422 -0.282205 -0.258453
v 0.178821 -0.273019 -0.246223
v -0.096197 0.267152 -0.299099
v -0.167356 -0.181458 0.506311
v -0.149427 -0.191251 0.492497
v -0.166486 -0.180518 0.481164
v -0.219104 0.196300 0.696480
v -0.081956 -0.088349 -0.328197
v 0.309204 -0.296886 -0.172269
v -0.185923 0.195090 0.481112
v -0.056902 0.192816 -0.255508
v -0.032008 0.161929 -0.066131
v 0.073724 0.136000 -0.257372
v 0.375699 -0.075174 0.702374
v 0.371687 -0.094793 0.700854
v 0.363305 -0.084763 0.702294
v -0.153720 -0.163903 0.188489
v 0.024237 -0.200520 0.320394
v 0.359535 -0.466754 -0.586659
v -0.175922 -0.140390 0.108892
v -0.172176 -0.145187 0.121132
v 0.018024 0.157990 0.034982
v 0.025062 0.150384 0.034115
v -0.125558 -0.191219 -0.172227
v -0.463936 -0.009241 -0.242839
v -0.459253 0.005005 -0.241380
v -0.280770 0.161234 -0.274896
v 0.098708 0.144607 0.068505
v -0.155155 -0.156453 -0.378700
v -0.138820 -0.146561 -0.387084
v -0.152843 -0.165217 -0.389560
v -0.043782 -0.344963 -0.407422
v -0.037795 -0.334948 -0.421362
v 0.349627 0.204280 0.625512
v -0.402660 -0.001299 -0.375078
v -0.475704 -0.063782 -0.330598
v 0.399552 -0.463730 -0.532418
v -0.183794 -0.118488 0.336483
v 0.364610 -0.007347 0.119717
v -0.508291 0.039904 -0.302988
v 0.049212 0.262543 -0.480597
v 0.041958 0.264564 0.565915
v -0.289625 -0.038867 0.654671
v -0.292120 -0.033033 0.674285
v 0.082973 -0.094554 -0.255064
v 0.346898 -0.067829 0.357732
v -0.146624 0.133039 -0.374512
v -0.138593 0.114565 -0.368727
v -0.149259 0.123515 -0.353725
v -0.147485 -0.120505 0.248983
v -0.197399 0.110840 -0.406844
v -0.205313 0.115149 -0.401481
v 0.075320 -0.193038 -0.135688
v 0.377749 -0.097903 0.602549
v 0.300949 -0.512578 -0.589303
v 0.306168 -0.525593 -0.601303
v 0.293620 -0.520224 -0.599073
v -0.003816 0.216590 -0.272911
v -0.194907 -0.177367 -0.487405
v 0.187864 0.079151 -0.164255
v 0.162903 0.086763 -0.185039
v 0.174677 0.067886 -0.193395
v -0.082152 0.139463 -0.192158
v -0.078022 0.157375 -0.171697
v -0.040134 -0.205143 0.392878
v -0.232347 0.138919 -0.276040
v -0.241057 0.147582 -0.295457
v 0.226047 0.021256 -0.187645
v 0.204333 -0.141419 0.701841
v 0.234122 -0.125075 0.702732
v 0.235266 -0.135901 0.702322
v -0.040922 -0.175617 -0.256155
v -0.397184 -0.071736 -0.340987
v -0.070521 0.241665 0.442892
v -0.094055 0.235202 0.436656
v -0.084599 0.234779 0.432608
v 0.366862 0.080561 0.448456
v 0.361922 0.077125 0.439126
v 0.020401 0.248261 0.699343
v 0.347990 -0.000786 0.036816
v 0.135538 -0.236719 0.577208
v 0.176130 -0.228321 0.566526
v 0.161117 -0.224533 0.547154
v 0.038986 0.246862 0.700606
v -0.188837 -0.160960 0.035924
v -0.113309 0.238613 0.463383
v -0.034897 -0.227298 0.090413
v -0.103795 -0.052433 0.377144
v -0.114372 -0.047625 0.390386
v -0.116444 -0.061106 0.380261
v 0.122953 -0.220654 0.499483
v 0.115022 -0.221978 0.505910
v 0.121664 -0.219884 0.487406
v -0.368766 0.095553 -0.328280
v -0.029571 0.049034 -0.375276
v -0.025484 0.035150 -0.387981
v 0.376932 -0.388748 -0.436087
v 0.367157 -0.392891 -0.456914
v -0.198170 0.155227 0.381781
v -0.194495 0.154798 0.390863
v 0.284567 0.465679 -0.650169
v 0.278950 0.449736 -0.642880
v -0.164692 0.174004 -0.069759
v -0.037205 -0.098975 0.703761
v -0.069695 -0.094020 0.702989
v -0.065907 -0.084725 0.702797
v 0.139806 0.247677 -0.426325
v 0.156854 0.249662 -0.412313
v 0.391198 -0.020827 0.360524
v 0.379256 -0.028338 0.366628
v 0.237310 0.172462 0.177758
v 0.202827 0.184680 0.177903
v 0.216151 0.175477 0.165857
v 0.240285 0.177373 0.192854
v 0.265648 0.475596 -0.646055
v -0.122872 -0.127907 -0.189761
v -0.126338 -0.131685 -0.175384
v -0.241924 0.175045 0.692486
v -0.146512 0.101542 0.055589
v -0.152665 0.114223 0.063969
v 0.156209 -0.235971 -0.166652
v 0.136676 -0.220727 -0.181114
v -0.352286 -0.128244 -0.379013
v -0.352127 -0.139046 -0.380313
v -0.363074 -0.124398 -0.390801
v 0.028213 0.254808 -0.467231
v -0.003604 0.245504 -0.445636
v -0.017330 -0.210908 0.333997
v -0.034547 0.175809 -0.343126
v -0.040946 0.168565 -0.332047
v 0.087767 -0.002921 -0.331728
v -0.032560 -0.182644 0.048636
v -0.024503 -0.192939 0.046885
v 0.318550 0.131485 0.187961
v 0.300066 0.143667 0.185606
v -0.036639 -0.343100 -0.394098
v -0.039347 -0.215825 -0.355542
v -0.411374 -0.054786 -0.218384
v 0.303953 0.401816 -0.435703
v -0.033231 0.240976 0.435270
v -0.026252 0.247509 0.454045
v 0.357049 -0.397779 -0.367484
v -0.431224 0.067524 -0.227245
v -0.216203 -0.124897 -0.212411
v 0.266974 -0.226310 -0.082992
v -0.093436 0.056066 0.359321
v -0.131418 -0.099828 0.144292
v -0.124786 -0.088306 0.139768
v 0.100459 -0.223191 0.507507
v 0.394507 0.371865 -0.301682
v 0.391445 0.369207 -0.289221
v 0.001375 0.246498 0.349708
v -0.000115 0.251087 0.368877
v -0.005544 0.241738 0.356026
v -0.031038 -0.194905 -0.058693
v -0.046577 -0.199829 -0.042913
v -0.045171 0.167479 -0.247434
v -0.039792 0.166127 -0.229915
v 0.106628 0.229475 0.426689
v 0.129128 0.221548 0.429537
v 0.315181 0.385280 -0.271575
v 0.007180 -0.362696 -0.479522
v 0.310649 0.097467 0.423856
v 0.297408 0.109892 0.414216
v -0.269700 0.139513 0.616746
v -0.285284 0.098690 0.631453
v -0.274272 0.121132 0.609148
v 0.377490 0.139671 0.697934
v 0.229671 -0.434990 -0.535286
v 0.190673 -0.430804 -0.548305
v -0.186212 0.191702 0.441651
v -0.178038 0.208941 0.448127
v 0.369993 0.445155 -0.551242
v -0.207148 -0.111244 -0.427661
v 0.014143 -0.177349 0.242893
v 0.010519 -0.163861 0.247206
v -0.032837 -0.354981 -0.427115
v 0.127596 0.212216 -0.128656
v 0.138189 0.224224 -0.108992
v 0.125334 0.211957 -0.113426
v -0.051285 -0.178671 -0.216403
v -0.118536 -0.105481 -0.299958
v -0.123312 -0.111593 -0.270466
v 0.098779 -0.293832 -0.388068
v -0.316189 -0.155513 -0.360409
v 0.296205 0.438427 -0.624557
v 0.201608 0.049280 -0.185577
v -0.096393 0.095680 -0.294925
v -0.196122 0.183504 0.356172
v -0.190733 0.190740 0.369253
v 0.292237 0.186983 0.477661
v 0.261921 0.191775 0.467539
v 0.292468 0.175666 0.459761
v 0.050546 -0.196532 0.323682
v 0.060428 -0.183093 0.321234
v -0.154256 -0.184207 0.442918
v -0.186295 -0.063247 -0.024673
v -0.177235 -0.074719 -0.023088
v -0.182406 -0.068868 -0.054517
v 0.023916 -0.363500 -0.493693
v 0.035217 -0.350619 -0.499429
v 0.037626 -0.126342 -0.289690
v 0.036165 -0.110393 -0.286058
v 0.021909 -0.130102 -0.301963
v -0.293735 -0.136624 -0.401556
v -0.290131 -0.148380 -0.380016
v 0.318997 -0.179119 0.631881
v 0.322645 -0.174859 0.615343
v -0.082806 0.005601 0.366379
v -0.148942 -0.194050 0.515528
v -0.169783 -0.197036 0.066482
v -0.434076 0.118096 -0.315236
v -0.349762 -0.116992 -0.303988
v -0.347310 -0.126829 -0.283440
v 0.039643 -0.076927 -0.295378
v 0.225023 0.172286 0.312733
v 0.219274 0.183368 0.280735
v 0.233787 0.176377 0.295045
v 0.022149 0.037090 -0.356183
v -0.155729 -0.123139 -0.499003
v -0.181951 -0.109212 -0.484796
v -0.190341 -0.102124 -0.472468
v -0.111743 0.189206 0.310451
v -0.051194 0.275665 -0.424613
v -0.369740 0.084990 -0.401946
v -0.046897 0.133827 -0.249348
v -0.218859 0.092489 -0.471134
v -0.456500 -0.013197 -0.121916
v -0.175093 -0.157276 0.419383
v -0.511951 -0.093788 -0.281407
v 0.387014 0.424207 -0.489533
v 0.369338 0.404128 -0.468439
v -0.197693 0.182010 0.706712
v -0.211833 0.181301 0.707585
v -0.196201 0.197376 0.706243
v 0.363640 0.492958 -0.520946
v 0.361593 -0.332721 -0.272020
v 0.371297 -0.036639 0.364392
v 0.213077 0.264659 0.632419
v 0.275912 0.246296 0.631145
v 0.230961 0.261096 0.648662
v -0.344741 0.074334 -0.453599
v -0.006518 0.243448 0.396496
v 0.224281 0.176496 0.700450
v 0.206029 0.161713 0.701253
v 0.379594 -0.348222 -0.321300
v 0.133314 0.161575 -0.043940
v -0.203140 -0.046893 -0.092033
v -0.189282 -0.064504 -0.093177
v 0.079248 0.152558 -0.066151
v 0.102383 0.162661 -0.075847
v 0.246735 0.130064 0.019718
v 0.356998 -0.483765 -0.600043
v 0.349047 -0.484321 -0.612458
v 0.100485 -0.408566 -0.562448
v -0.358855 -0.081444 -0.154369
v -0.371494 -0.088923 -0.155566
v -0.014347 -0.226718 0.506875
v -0.310363 0.019204 -0.458305
v 0.175564 -0.202055 -0.050911
v 0.018695 -0.094168 0.703709
v 0.004158 -0.118896 0.703207
v 0.351201 -0.063336 0.191640
v 0.353120 -0.077414 0.224291
v 0.018974 0.273706 0.665759
v 0.014335 0.271546 0.675738
v -0.195528 0.174505 0.366280
v -0.156132 -0.176037 -0.399573
v -0.004826 -0.270626 -0.432017
v 0.001939 -0.261673 -0.434440
v -0.009156 -0.248091 -0.416491
v -0.134441 -0.082883 -0.446687
v -0.114799 -0.087047 -0.421459
v -0.420900 0.056626 -0.240988
v -0.367765 -0.113952 -0.442889
v 0.017915 0.189596 0.103905
v -0.001406 0.188899 0.105858
v -0.014698 -0.004746 -0.402680
v 0.006412 -0.006053 -0.390951
v -0.001263 0.007113 -0.392632
v -0.003515 0.290851 -0.443610
v 0.008815 0.189913 -0.177884
v 0.008595 0.185240 -0.160788
v 0.400544 0.024941 0.514867
v -0.036237 0.187365 -0.178517
v 0.273276 0.092004 -0.039590
v 0.411774 -0.026832 0.634723
v 0.413282 -0.019929 0.655059
v -0.262395 -0.099900 -0.431307
v -0.177231 -0.196059 -0.052964
v -0.096850 -0.195338 0.426091
v -0.097851 -0.204898 0.435288
v -0.044963 -0.230777 -0.352145
v -0.355997 0.028080 -0.138175
v -0.342974 0.036834 -0.151822
v -0.345038 0.018082 -0.144186
v 0.100647 -0.187188 0.393789
v -0.070056 0.259036 0.689649
v -0.108907 -0.073596 0.702942
v -0.061319 -0.061634 -0.368628
v -0.032437 -0.061721 -0.354746
v 0.376954 0.354110 -0.276275
v 0.385466 0.367381 -0.281053
v 0.066085 -0.017372 -0.345014
v 0.073190 -0.004410 -0.344064
v 0.367899 0.391861 -0.280002
v -0.272000 0.063785 -0.454905
v -0.142520 0.096988 0.095355
v 0.024035 0.138280 -0.038787
v 0.016708 0.136399 -0.052578
v 0.040292 0.141330 -0.041205
v 0.034746 0.139683 -0.022690
v -0.217034 0.153707 0.502026
v -0.219817 0.137136 0.487204
v 0.290511 -0.283224 -0.167363
v 0.378030 0.029937 0.445877
v 0.371355 0.038845 0.439530
v -0.209382 0.081051 0.428678
v -0.218346 0.050631 0.433287
v 0.099832 -0.399242 -0.524812
v 0.123442 -0.417896 -0.543509
v 0.101902 -0.413821 -0.538814
v 0.161769 0.380287 -0.582497
v -0.279147 -0.123383 -0.186333
v 0.316486 -0.268841 -0.181666
v 0.390383 -0.034907 0.317313
v -0.155293 -0.077802 0.353922
v -0.169165 -0.080876 0.349144
v -0.278894 -0.102124 -0.433130
v -0.277094 -0.067934 -0.453630
v 0.050390 -0.126251 -0.279683
v -0.042274 0.062754 -0.358287
v 0.283906 -0.409175 -0.376167
v 0.205236 0.007240 -0.223908
v 0.322390 0.211745 0.700814
v 0.137569 0.260599 0.567846
v -0.471670 -0.019982 -0.143434
v -0.470224 -0.039966 -0.145940
v -0.474987 -0.026444 -0.155822
v -0.114259 -0.130918 0.702013
v -0.131674 -0.140473 0.701960
v -0.213650 0.108566 -0.410913
v -0.099864 -0.186539 0.422142
v 0.067195 -0.300273 -0.394924
v 0.105577 -0.323372 -0.416885
v 0.069952 -0.314645 -0.416358
v 0.242436 -0.263998 -0.134276
v 0.260702 -0.259658 -0.138253
v 0.274747 -0.301998 -0.166644
v 0.220394 -0.149231 0.132279
v -0.181520 -0.185007 -0.037945
v -0.270280 -0.097592 -0.155325
v 0.312606 -0.038679 -0.011199
v 0.317457 -0.022751 -0.023100
v 0.250357 -0.168043 0.296814
v 0.226684 -0.171980 0.307916
v 0.171120 -0.199332 -0.275891
v 0.157749 -0.197208 -0.288728
v 0.188598 0.192844 0.273015
v 0.210892 0.180264 0.298073
v -0.464789 0.123190 -0.311388
v -0.164023 0.156118 0.131154
v -0.160287 0.134921 0.139243
v -0.193426 0.166544 0.355185
v 0.070134 -0.193630 -0.342426
v 0.054410 -0.209871 -0.369000
v 0.076608 -0.206202 -0.355837
v 0.076766 -0.015321 -0.337169
v 0.091003 -0.019475 -0.323398
v -0.172706 0.164494 -0.417898
v -0.178386 0.153707 -0.421854
v -0.156790 0.097774 -0.275280
v 0.085121 0.326039 -0.530245
v -0.127763 0.002725 0.702710
v -0.138537 -0.013930 0.701815
v 0.340950 0.095838 0.702120
v 0.040371 -0.246049 -0.320815
v 0.049374 -0.260829 -0.349137
v 0.080891 -0.281933 -0.377863
v 0.071929 -0.291572 -0.386607
v 0.296098 -0.046812 -0.037516
v 0.331318 -0.489004 -0.633073
v -0.166171 -0.198914 -0.461361
v -0.166842 -0.197145 -0.452322
v 0.179371 -0.158466 0.039261
v 0.188899 -0.155329 0.030835
v -0.112616 -0.093068 0.255778
v -0.123351 -0.097079 0.244202
v -0.113578 -0.096218 0.226711
v -0.013987 -0.216547 0.357172
v -0.007060 -0.225418 0.361631
v 0.381051 0.071783 0.700765
v 0.371212 0.080800 0.700582
v -0.099330 -0.010585 -0.435008
v -0.110188 -0.001392 -0.437355
v 0.098892 -0.182250 0.086514
v 0.005953 0.145276 0.289565
v -0.008204 0.136966 0.276575
v 0.071225 0.166867 -0.312799
v 0.058360 0.153951 -0.295871
v -0.003365 -0.312023 -0.396523
v 0.008326 -0.292207 -0.379585
v 0.122846 -0.422707 -0.579477
v 0.211013 0.200466 -0.141550
v 0.090458 0.242662 -0.321840
v 0.070510 0.238981 -0.325151
v 0.367386 0.464256 -0.596686
v 0.276704 -0.455773 -0.508295
v 0.403657 -0.474433 -0.538369
v -0.116244 0.155186 -0.185682
v -0.108592 0.147281 -0.192599
v -0.060059 -0.107630 -0.299056
v -0.056682 -0.101139 -0.307980
v 0.312606 0.168466 0.464911
v 0.067478 -0.155074 0.021672
v 0.058485 -0.155560 0.004033
v -0.095209 0.256477 0.673101
v -0.068205 0.163305 0.122581
v 0.316796 0.075037 0.410887
v -0.273419 -0.161864 -0.238207
v -0.401128 -0.090461 -0.422759
v -0.284801 0.085459 0.613700
v -0.289197 0.046685 0.613170
v -0.503193 -0.094433 -0.308692
v -0.514443 -0.085663 -0.296358
v 0.284391 -0.406874 -0.413073
v 0.272799 -0.396493 -0.403129
v -0.140881 -0.233426 0.043748
v -0.143244 -0.134654 0.702203
v -0.165441 -0.134557 0.702932
v -0.511763 0.072527 -0.265607
v -0.132182 -0.201848 0.510919
v -0.110855 -0.071384 0.355665
v -0.199202 0.130244 0.324998
v -0.167352 0.171435 -0.085505
v -0.036857 -0.343393 -0.426452
v -0.093604 0.166847 0.702738
v -0.123844 0.178083 0.702767
v -0.113711 0.193770 0.701247
v -0.217337 0.207181 0.650527
v 0.035105 0.183447 0.078300
v 0.077825 0.174022 0.084303
v 0.066342 0.183860 0.104526
v -0.170398 -0.118405 -0.217628
v -0.153059 -0.118708 -0.237271
v 0.198459 -0.007749 -0.229796
v 0.193489 -0.024600 -0.219203
v 0.209946 -0.013678 -0.211025
v 0.338294 0.203795 0.698415
v 0.035758 0.229103 -0.313423
v -0.304285 0.098447 -0.437177
v 0.227363 -0.314430 -0.273977
v 0.215967 -0.304973 -0.269516
v 0.079472 -0.211819 0.432975
v -0.137898 0.139871 -0.486639
v 0.314160 -0.314548 -0.192985
v -0.154232 -0.209012 0.103339
v -0.163675 -0.204438 0.083537
v -0.098283 -0.192231 0.349599
v -0.468112 -0.048789 -0.208822
v 0.253381 0.416700 -0.557943
v 0.233886 0.204228 0.472631
v 0.332578 -0.530165 -0.660740
v 0.204129 0.173622 0.365460
v 0.078241 -0.167774 0.702055
v 0.137421 -0.160178 0.702035
v 0.103747 -0.181284 0.702041
v 0.231301 0.049788 0.703601
v 0.238300 0.005698 0.703767
v 0.230632 0.024613 0.702395
v 0.154998 -0.279859 -0.312186
v 0.316941 0.143893 0.224552
v 0.323963 0.134648 0.219189
v -0.160524 0.158667 0.218684
v -0.158389 0.152431 0.197257
v -0.156396 0.164070 0.196149
v 0.223870 0.146129 0.118319
v 0.310293 0.284429 -0.193232
v -0.460666 -0.015873 -0.198176
v -0.195039 0.121573 0.335272
v -0.005427 0.137664 0.265137
v -0.141099 -0.191283 0.382232
v -0.147709 -0.185106 0.382565
v -0.134920 -0.189173 0.394590
v -0.041919 -0.164694 0.307191
v -0.052354 -0.168914 0.314427
v -0.221458 -0.096391 -0.456104
v -0.082091 0.208939 -0.083857
v -0.075376 0.181972 0.309212
v -0.466127 -0.022189 -0.241481
v -0.393015 0.073495 -0.332100
v 0.104627 -0.219039 -0.230022
v 0.107964 -0.228009 -0.245491
v -0.160532 0.155823 -0.392006
v 0.209408 0.413280 -0.610546
v 0.310744 -0.565591 -0.636365
v -0.010074 0.136138 0.249233
v -0.006955 0.141967 0.235135
v 0.194000 0.166529 0.128506
v 0.213134 0.168840 0.146283
v 0.189394 0.145965 -0.104436
v 0.184565 0.151261 -0.121356
v -0.060069 -0.202261 -0.044685
v -0.068175 -0.203981 -0.030951
v -0.028477 0.145886 0.146847
v -0.010692 0.157040 0.152429
v -0.018963 0.144285 0.170186
v 0.024627 -0.359886 -0.465812
v 0.027392 0.057408 0.704052
v 0.016629 0.045113 0.705307
v 0.105049 0.250757 -0.458673
v 0.087911 0.240055 -0.447817
v 0.094991 0.226528 -0.418717
v -0.126951 -0.134292 -0.480923
v -0.094522 -0.075368 0.234545
v 0.045012 -0.218206 0.703767
v -0.159756 -0.181913 0.383746
v -0.169003 -0.185529 0.374759
v -0.170873 -0.188197 0.362044
v 0.372134 -0.337760 -0.284845
v 0.374802 -0.339864 -0.297874
v -0.459176 0.066787 -0.209309
v 0.369936 0.420773 -0.374587
v 0.360677 0.427924 -0.375840
v 0.349530 -0.096323 0.247006
v -0.466883 -0.072502 -0.336763
v -0.159707 0.094720 -0.484395
v -0.154080 0.062394 0.094490
v 0.121601 -0.227405 -0.234077
v 0.115212 0.079054 -0.238071
v 0.084376 0.075799 -0.262009
v -0.010518 -0.334574 -0.450169
v -0.158422 -0.146789 -0.102503
v -0.165605 -0.162695 -0.106301
v 0.137213 -0.403499 -0.586030
v -0.398911 0.033984 -0.361808
v -0.059611 0.243434 0.698678
v -0.350376 0.050095 -0.150755
v -0.336383 0.051320 -0.159990
v 0.350425 -0.443087 -0.436985
v 0.357360 -0.443995 -0.458495
v 0.204099 -0.136861 -0.095089
v -0.057470 0.103351 -0.273673
v 0.078540 0.183051 -0.174862
v 0.095636 0.189644 -0.164805
v -0.097121 0.227630 0.428699
v -0.155913 0.065881 0.019184
v -0.156997 0.066566 0.002291
v -0.149712 0.077940 0.011340
v -0.119175 0.005415 0.397480
v -0.130266 0.007580 0.399105
v 0.059627 -0.003448 0.705382
v 0.066973 0.016583 0.704648
v -0.099397 -0.082669 -0.365972
v 0.356881 0.443136 -0.421874
v -0.451134 -0.106475 -0.321583
v 0.074031 -0.155558 0.034475
v -0.082730 0.209342 -0.316029
v -0.093349 0.226057 -0.302630
v 0.130313 -0.126908 -0.218061
v 0.133155 -0.112062 -0.210192
v -0.111508 -0.202845 0.355006
v 0.138022 -0.280186 -0.335239
v 0.163677 -0.299002 -0.341905
v 0.146741 -0.289330 -0.350433
v 0.003469 0.137824 -0.039246
v 0.163997 0.271750 0.665953
v 0.157260 0.040692 0.703567
v 0.170786 0.036785 0.702298
v 0.163651 0.007295 0.703646
v 0.313436 -0.082891 0.418453
v 0.144259 0.267426 -0.327710
v 0.182823 0.022533 -0.239811
v 0.172850 0.034940 -0.237337
v -0.178402 0.168066 -0.006678
v -0.231039 0.007588 0.460523
v -0.228887 -0.003383 0.446498
v -0.226271 0.024692 0.438680
v 0.211357 -0.152920 -0.087188
v 0.174544 0.284128 -0.317302
v 0.147487 0.268401 -0.317153
v 0.071035 0.177590 -0.144986
v 0.076945 0.181830 -0.154541
v -0.391016 -0.082904 -0.376861
v 0.113383 0.346443 -0.551087
v -0.016451 0.140110 0.290042
v 0.310354 -0.070135 0.033436
v 0.302394 0.098761 0.051082
v 0.297844 0.096590 0.025521
v -0.033330 -0.139226 -0.296683
v -0.028962 -0.152809 -0.294644
v -0.003215 0.188236 0.306366
v -0.110403 0.251727 0.682679
v -0.330406 0.109760 -0.276471
v -0.188979 -0.171614 0.016983
v -0.151650 0.052173 0.401309
v -0.506173 -0.014807 -0.249918
v -0.496327 0.009072 -0.249534
v 0.378213 0.125082 0.699286
v 0.027906 -0.278468 -0.364412
v 0.006028 -0.263103 -0.340993
v -0.143885 -0.119468 -0.177921
v 0.124421 -0.345353 -0.440001
v 0.079993 -0.325725 -0.432190
v -0.176993 -0.176063 0.339420
v -0.165702 -0.195453 -0.119407
v -0.155792 -0.184470 -0.138916
v -0.162343 -0.172936 -0.122736
v -0.490766 -0.094160 -0.255201
v -0.508083 -0.073317 -0.250403
v -0.490372 -0.082673 -0.245034
v -0.293255 0.062227 0.693986
v -0.283865 0.046016 0.695773
v 0.187365 0.210835 -0.253954
v 0.162283 0.200199 -0.273651
v -0.271834 0.060496 -0.158648
v -0.365548 -0.026422 -0.430527
v -0.353833 -0.038769 -0.437355
v 0.365316 0.473497 -0.505734
v 0.372728 0.453841 -0.495567
v -0.014908 0.280898 -0.455726
v -0.441033 0.067302 -0.173916
v -0.045393 0.183364 -0.350604
v -0.302679 0.151598 -0.377491
v -0.102451 -0.029803 0.386618
v 0.354599 0.026062 0.078312
v 0.354092 0.037915 0.101300
v 0.346484 0.030651 0.055512
v -0.078069 -0.122645 -0.256566
v -0.204623 -0.090762 0.421594
v -0.061808 0.048448 -0.388079
v -0.054650 0.036407 -0.400438
v -0.142595 0.082437 0.360932
v 0.202281 -0.498977 -0.606841
v -0.012614 0.141272 0.208978
v 0.048769 -0.159893 0.042251
v 0.037879 -0.152740 0.034352
v 0.033541 -0.163493 0.037444
v -0.093703 0.260140 0.587256
v -0.074273 0.257488 0.560822
v 0.070667 0.328070 -0.521940
v -0.337925 -0.096242 -0.170850
v 0.284621 -0.263036 -0.261617
v 0.289298 -0.261433 -0.247167
v -0.107057 0.182384 0.167898
v -0.477481 0.021104 -0.193236
v -0.472029 0.013660 -0.205612
v -0.213592 -0.024843 0.024379
v 0.014970 0.098229 0.703531
v 0.042521 0.106819 0.702924
v 0.357417 0.498729 -0.541759
v -0.156172 -0.105152 -0.485927
v 0.053224 0.276977 -0.393162
v 0.063197 0.276512 -0.379417
v 0.345014 -0.414323 -0.373445
v 0.339850 0.117116 0.438091
v 0.332610 0.101025 0.430584
v 0.346367 0.097564 0.435290
v 0.404205 -0.416962 -0.449470
v 0.116475 -0.246286 0.620997
v 0.102235 -0.245439 0.607107
v 0.399611 -0.429777 -0.458273
v -0.453070 -0.069052 -0.170133
v -0.153872 0.111759 0.023772
v -0.162244 0.126709 0.040777
v 0.009361 0.189398 0.090726
v 0.005848 0.187502 0.075395
v 0.020065 0.188339 0.089892
v -0.351836 0.103038 -0.331485
v -0.342900 0.102070 -0.319097
v -0.011759 -0.167428 0.026386
v -0.384727 -0.064320 -0.448255
v 0.351814 0.143010 0.700238
v -0.154207 0.118462 0.119164
v -0.153041 0.118240 0.144813
v 0.006121 0.053646 -0.346420
v -0.133740 -0.122959 0.702425
v -0.161965 0.139127 -0.115237
v -0.162300 0.130410 -0.090049
v 0.157727 0.273242 0.632198
v -0.005366 -0.141734 -0.319408
v 0.030539 -0.144451 -0.308815
v 0.019809 -0.157728 -0.324607
v 0.048015 -0.156787 -0.309791
v -0.158187 0.138646 0.184438
v -0.159228 0.136156 0.159524
v -0.151145 -0.023515 0.150972
v 0.187136 0.335480 -0.549548
v 0.163273 0.309745 -0.525431
v 0.296112 0.150780 0.384087
v 0.019653 -0.226827 0.076881
v -0.227197 0.025749 -0.107894
v -0.150409 -0.130167 0.200139
v -0.333691 -0.106835 -0.184916
v -0.315637 -0.115324 -0.205450
v 0.028001 -0.152417 0.286259
v 0.051934 -0.393676 -0.514734
v -0.323764 0.095173 -0.259086
v -0.173476 -0.192542 -0.494716
v -0.136392 0.089273 -0.439806
v -0.142213 0.085742 -0.452846
v -0.146456 0.071908 -0.442406
v -0.335384 0.110650 -0.292649
v 0.173713 0.271695 -0.197312
v 0.175409 0.264128 -0.187069
v 0.152546 0.251228 -0.206436
v -0.083661 -0.169169 0.321576
v -0.128335 0.218716 0.036155
v -0.130878 -0.168615 0.320105
v 0.250899 0.262810 -0.313064
v -0.048215 0.136969 0.257759
v -0.053092 0.143216 0.246935
v 0.032650 0.236366 -0.321939
v 0.057068 0.241942 -0.330519
v 0.057149 -0.201618 0.251651
v -0.048783 -0.236848 0.688032
v -0.078679 -0.230841 0.678946
v -0.193268 -0.056011 -0.024125
v -0.205590 -0.143460 -0.318774
v -0.226985 -0.152910 -0.318386
v -0.204203 -0.139485 -0.295485
v -0.047099 -0.240830 0.644653
v 0.012698 0.236115 0.412870
v 0.024229 0.230286 0.407192
v 0.030451 0.232141 0.416302
v 0.005338 0.161149 0.305612
v -0.162147 0.116780 -0.500541
v 0.042715 0.235521 0.330397
v 0.029517 0.243818 0.340709
v 0.258478 -0.442159 -0.515547
v 0.066619 -0.070242 -0.283070
v 0.043407 -0.062014 -0.307087
v 0.107905 -0.209495 0.202761
v 0.250088 0.471715 -0.624042
v 0.044795 0.296130 -0.432229
v -0.524398 0.024668 -0.322826
v 0.354500 0.464566 -0.612272
v 0.154754 -0.158021 0.093524
v 0.319625 -0.560781 -0.644000
v -0.133283 0.106955 -0.322182
v -0.181191 -0.018175 -0.456743
v -0.198630 -0.022573 -0.458972
v -0.199684 -0.007806 -0.462606
v 0.216204 -0.509750 -0.612056
v -0.078532 -0.061777 -0.383023
v 0.261571 -0.142391 0.704119
v -0.252909 0.162964 0.680242
v 0.246935 0.341997 -0.314846
v -0.272667 -0.041846 -0.143784
v -0.197426 -0.147719 -0.501936
v 0.251636 0.313812 -0.175420
v 0.043938 0.166008 0.286992
v 0.022384 0.153048 0.283083
v 0.285881 -0.160154 0.706702
v 0.304517 -0.159893 0.706037
v -0.104923 -0.172775 0.401630
v 0.086494 -0.189986 0.397197
v -0.035586 -0.192660 -0.225475
v -0.176318 -0.076385 -0.045876
v -0.166887 -0.086408 -0.056277
v -0.175129 -0.077739 -0.070677
v 0.217611 -0.180583 0.270038
v 0.207884 -0.182917 0.241872
v -0.188550 -0.005536 -0.460607
v -0.217931 0.121362 -0.466325
v 0.272059 0.164771 0.403912
v 0.013987 0.270594 0.605736
v 0.045857 0.301658 -0.500080
v -0.524437 -0.005132 -0.351348
v -0.517130 -0.010120 -0.337970
v -0.071914 0.289412 -0.382653
v 0.272819 -0.457418 -0.533057
v 0.286475 -0.465719 -0.525186
v 0.292658 -0.477956 -0.548485
v -0.400071 0.079543 -0.327562
v -0.381584 0.088068 -0.327419
v -0.390458 0.095472 -0.318707
v 0.116932 0.265343 0.581220
v 0.098925 0.267928 0.588081
v 0.364657 0.080086 0.294841
v 0.004213 0.252799 0.494501
v -0.009570 0.254363 0.507089
v 0.245552 -0.057252 -0.115510
v 0.273921 -0.038541 -0.092761
v 0.060325 -0.166139 -0.064787
v -0.003909 -0.230752 -0.405926
v 0.000704 -0.246920 -0.420997
v 0.352778 -0.094841 0.487935
v -0.275454 0.109269 -0.421395
v -0.291752 0.121292 -0.414894
v -0.193868 0.083624 0.351937
v -0.193711 0.079520 0.367495
v -0.180538 0.076456 0.349255
v 0.160751 0.229099 -0.363991
v 0.150410 0.237152 -0.393532
v 0.306338 -0.373987 -0.278466
v 0.289488 -0.362152 -0.291650
v 0.286859 -0.361493 -0.275672
v 0.280510 0.196939 0.492307
v -0.132677 0.105025 -0.454230
v -0.052989 0.186797 -0.097913
v -0.279121 0.118870 0.674697
v -0.286523 0.100111 0.662261
v -0.253303 0.145917 0.701077
v 0.348748 0.060383 0.429636
v -0.155865 -0.046006 0.405689
v -0.165745 -0.055859 0.410180
v -0.085274 0.176286 0.400708
v -0.094960 0.174210 0.392223
v -0.101432 -0.175158 0.272803
v 0.181511 -0.479652 -0.618566
v -0.292134 -0.142721 -0.237606
v -0.157075 -0.187524 0.125646
v -0.167901 -0.170499 0.121684
v -0.150027 0.086051 0.335523
v -0.097919 -0.095027 -0.320987
v -0.100408 -0.088901 -0.347874
v -0.141799 0.212887 0.039971
v -0.222103 0.001039 -0.467124
v -0.172724 -0.153177 -0.369376
v 0.079472 0.277391 -0.503039
v -0.389126 -0.123007 -0.300681
v 0.152474 0.185592 0.700616
v 0.133150 0.203088 0.699470
v 0.167172 0.206993 0.699138
v 0.008722 -0.176716 0.027059
v 0.095214 -0.213064 0.438661
v -0.088393 0.186825 0.316388
v -0.099914 0.188181 0.309434
v -0.085274 0.182330 0.294429
v -0.242803 0.181780 0.635052
v -0.255021 0.165949 0.628251
v -0.251971 0.166770 0.606745
v -0.260135 0.158139 -0.289067
v -0.471033 -0.092114 -0.255052
v 0.310726 -0.495082 -0.555671
v -0.139076 0.243871 0.679138
v -0.152010 0.243697 0.654034
v 0.326344 0.468277 -0.556471
v 0.342524 0.483676 -0.568969
v -0.052480 -0.197836 0.703684
v 0.361000 0.181450 0.695373
v 0.035730 -0.209937 0.397007
v 0.170042 -0.297993 -0.325440
v 0.029923 -0.242096 -0.417195
v 0.062267 -0.249594 -0.421825
v 0.036844 -0.236002 -0.409098
v 0.335628 -0.156235 0.596859
v 0.325639 -0.166725 0.586025
v 0.318993 -0.175574 0.598122
v -0.009449 0.246610 0.385492
v -0.014148 0.239369 0.377254
v -0.008972 0.244900 0.367944
v 0.314249 0.149512 0.309273
v 0.311332 0.155457 0.283106
v 0.011269 -0.229624 -0.218024
v 0.016496 -0.226109 -0.197236
v 0.190841 0.250078 -0.097099
v 0.208543 0.248293 -0.121364
v 0.204820 0.246385 -0.098877
v 0.290748 -0.484121 -0.647709
v -0.040629 -0.170923 0.148686
v -0.046957 -0.179421 0.129429
v -0.058153 -0.171978 0.140993
v -0.040700 0.154167 -0.225198
v -0.042584 0.158040 -0.201066
v -0.135992 0.221491 -0.027357
v -0.063742 -0.050810 -0.394559
v -0.058626 -0.040283 -0.405467
v 0.393993 0.005312 0.385242
v 0.300328 0.103495 0.083096
v 0.309054 0.095565 0.073105
v 0.316254 0.090951 0.093352
v -0.126035 0.215052 -0.120022
v -0.115335 0.221190 -0.109786
v -0.047653 -0.318022 -0.403349
v -0.064071 -0.315388 -0.371245
v -0.029961 -0.245119 0.592168
v -0.048649 -0.245113 0.589307
v -0.450382 0.066493 -0.200476
v 0.056426 0.136938 0.703203
v 0.338609 0.052898 0.420789
v 0.201746 0.137343 -0.063608
v 0.197301 0.151049 -0.057969
v 0.216473 -0.171972 0.363818
v 0.223840 -0.169460 0.347937
v -0.168271 0.209378 0.702603
v -0.183865 0.201139 0.705600
v -0.184075 0.089744 0.703591
v -0.329915 0.126761 -0.366105
v -0.040918 -0.294117 -0.306569
v -0.023234 -0.210550 0.417739
v -0.066208 -0.200672 -0.005400
v -0.076005 -0.205388 -0.011442
v 0.209497 -0.154567 0.408201
v 0.200181 -0.158337 0.394782
v -0.165183 -0.090291 -0.077339
v -0.119017 -0.204520 0.367297
v -0.143822 -0.236964 -0.017805
v -0.132355 -0.239337 -0.007359
v -0.198566 0.072535 -0.465068
v 0.048698 -0.285702 -0.468488
v -0.073157 0.114868 -0.222081
v 0.346553 0.019988 0.040068
v -0.142656 0.098623 -0.296459
v -0.137140 0.104172 -0.313005
v -0.119128 0.098601 -0.302634
v 0.284836 -0.408283 -0.397651
v 0.277462 -0.403592 -0.387268
v 0.295009 -0.419271 -0.388982
v 0.392530 0.068298 0.701999
v -0.053070 -0.185090 0.111095
v 0.204650 0.244608 -0.081531
v -0.075892 -0.294697 -0.315687
v -0.364780 0.067421 -0.189763
v 0.092703 0.158616 -0.085919
v -0.133572 -0.227508 -0.119464
v 0.008948 0.105376 -0.281619
v -0.045015 0.099135 -0.286605
v 0.205766 -0.405270 -0.585116
v 0.170851 -0.373136 -0.557128
v 0.050590 0.164739 -0.136040
v 0.218065 0.203450 -0.114380
v -0.250461 -0.104476 0.623861
v -0.048999 -0.290620 -0.388370
v -0.052296 -0.270197 -0.374611
v -0.063067 -0.289925 -0.364695
v -0.028576 0.155934 0.123212
v 0.019231 -0.176910 -0.345630
v 0.008296 -0.155149 -0.327221
v 0.003533 -0.171111 -0.345608
v 0.028615 -0.224715 0.426134
v -0.044708 0.139738 -0.271054
v 0.134875 0.334765 -0.464773
v -0.007282 -0.293055 -0.369145
v -0.021837 -0.300326 -0.360272
v -0.019153 -0.282078 -0.341986
v 0.202451 0.140067 0.073451
v 0.200535 0.143627 0.093847
v -0.269443 -0.039026 -0.464931
v 0.059660 0.263905 -0.353010
v 0.307227 -0.176823 0.565012
v -0.160512 0.181471 -0.081533
v -0.010807 0.236604 0.364693
v 0.184703 0.036116 -0.223140
v -0.308902 -0.170861 -0.325816
v -0.294017 -0.169023 -0.329266
v 0.021175 -0.248786 -0.425914
v -0.090926 0.281541 -0.365554
v 0.221510 0.098836 0.703680
v -0.173385 0.210629 0.496609
v -0.005291 -0.234948 -0.270007
v 0.068003 -0.216171 0.167370
v 0.065467 -0.213610 0.138836
v -0.023309 -0.215138 0.368004
v -0.212401 0.111351 -0.452342
v 0.104562 -0.200708 -0.156841
v 0.289159 -0.280085 -0.305880
v -0.177256 -0.128618 -0.418933
v 0.064891 -0.041597 -0.318086
v 0.022984 -0.050790 -0.337959
v -0.062634 -0.327995 -0.345626
v -0.000881 -0.245514 0.625320
v 0.046641 0.258755 0.540731
v 0.037230 0.254761 0.523764
v -0.309569 0.146954 -0.390322
v 0.012166 -0.239581 -0.415525
v -0.075754 -0.294962 -0.301411
v 0.038897 0.147728 -0.114536
v -0.008665 0.136419 0.006086
v -0.003183 0.137007 -0.011973
v -0.003068 0.270163 0.619994
v -0.015840 0.270333 0.625350
v -0.167222 -0.123798 0.321374
v -0.079502 -0.021581 0.348463
v -0.079144 -0.032457 0.331131
v -0.155505 -0.125441 -0.062794
v 0.127624 0.347258 -0.557714
v 0.196127 0.195644 0.244154
v 0.176268 0.198645 0.252930
v 0.043955 -0.202754 0.241468
v 0.050794 0.303079 -0.448617
v 0.014539 0.284237 -0.423475
v 0.232113 0.232347 -0.213131
v -0.064316 0.277387 -0.412330
v -0.023948 -0.207625 -0.130922
v -0.022446 -0.206040 -0.147072
v 0.331114 -0.286499 -0.240581
v 0.258024 0.349908 -0.319271
v 0.235996 0.355015 -0.401772
v 0.228236 0.348016 -0.394065
v 0.063870 -0.218022 0.366923
v 0.258947 0.427098 -0.629582
v 0.279144 0.431633 -0.627482
v 0.015879 -0.363599 -0.462164
v -0.180472 0.177580 0.037099
v -0.312656 -0.140837 -0.401979
v -0.314366 -0.147184 -0.388250
v -0.348258 -0.070238 -0.258476
v 0.314069 0.229103 0.663718
v 0.279788 0.246040 0.645686
v 0.320115 -0.068094 0.387271
v 0.338651 -0.046228 0.386960
v 0.346937 -0.050076 0.375542
v 0.062906 -0.042448 0.705503
v 0.092030 -0.044283 0.705465
v 0.094583 -0.060825 0.703607
v 0.050530 -0.053531 0.704675
v -0.390195 0.058423 -0.439327
v 0.305952 0.157866 0.446239
v -0.299255 -0.005194 0.658075
v -0.294497 -0.022393 0.642733
v -0.297470 -0.009114 0.645302
v -0.226223 -0.109627 0.699379
v -0.227175 -0.095967 0.699365
v 0.301169 -0.518110 -0.669081
v 0.287744 0.391226 -0.461703
v 0.099996 -0.090625 0.702463
v 0.098294 -0.102779 0.702593
v 0.079595 -0.095227 0.703785
v -0.063623 -0.275624 -0.279875
v 0.396702 0.408639 -0.428926
v 0.130050 -0.395208 -0.522363
v 0.337855 -0.026741 0.040690
v 0.216883 -0.012998 0.702025
v 0.225160 0.036549 0.702431
v -0.067221 0.216139 -0.355593
v -0.079750 0.211806 -0.329276
v -0.215298 0.122175 -0.259365
v 0.198512 -0.268926 -0.189913
v 0.203838 -0.274169 -0.176340
v -0.395731 0.071821 -0.181710
v -0.393403 0.081014 -0.164778
v -0.407408 0.080026 -0.172522
v 0.147447 0.229518 -0.114445
v 0.147867 0.234530 -0.097778
v -0.217337 0.207181 0.650527
v -0.170092 -0.037951 0.407762
v 0.071880 0.140861 0.042251
v 0.339630 0.464109 -0.625986
v 0.009842 -0.229127 -0.249077
v -0.411774 -0.041759 -0.123246
v 0.386525 0.390697 -0.289797
v -0.034381 0.188137 -0.364036
v -0.273374 0.163356 -0.297350
v -0.026563 0.218781 -0.238168
v 0.293790 -0.369758 -0.312975
v 0.316292 0.502323 -0.671078
v 0.340125 -0.456759 -0.478113
v 0.118856 -0.166353 0.085326
v -0.198808 -0.168475 0.613967
v -0.190347 0.078217 -0.180952
v -0.190632 0.068084 -0.154102
v 0.384908 0.494670 -0.569169
v -0.395941 -0.062269 -0.441955
v 0.025846 -0.159859 -0.051297
v 0.348657 -0.094378 0.702029
v 0.346039 -0.061082 0.702803
v 0.367066 -0.061796 0.702033
v -0.101483 -0.184130 0.195335
v -0.083534 0.245296 -0.355482
v -0.065848 0.237350 -0.378415
v -0.099496 -0.020065 0.258988
v -0.134464 -0.196510 0.478326
v -0.153569 -0.186584 0.470415
v 0.328284 -0.538929 -0.649514
v -0.152047 -0.091652 0.068022
v -0.147177 -0.098560 0.084420
v -0.157795 -0.110455 0.063433
v -0.282151 -0.054901 0.654729
v 0.075082 -0.170974 -0.311689
v -0.109434 0.061839 0.220659
v -0.148627 -0.128588 0.265967
v -0.254710 -0.149496 -0.225808
v -0.194030 0.162723 0.366264
v -0.200112 0.155063 0.357476
v 0.368772 -0.440811 -0.397031
v 0.314338 -0.574139 -0.648928
v 0.197525 -0.175578 0.361292
v 0.369569 -0.445442 -0.405391
v 0.351495 -0.308320 -0.267401
v 0.048597 0.181080 0.700929
v 0.069451 0.191316 0.700430
v 0.074902 0.179940 0.701265
v 0.278972 -0.145882 0.388599
v -0.122081 0.065315 0.185667
v 0.335090 0.470829 -0.505315
v 0.352170 0.475988 -0.501572
v 0.335983 0.456347 -0.490645
v 0.345200 0.479456 -0.507250
v 0.043678 -0.224391 0.367685
v -0.402015 -0.090459 -0.272970
v -0.016946 0.163807 0.130291
v 0.026317 -0.324142 -0.431475
v 0.003871 -0.323164 -0.415416
v -0.017431 0.219482 -0.283782
v -0.082930 0.106567 -0.234097
v -0.042648 -0.197389 0.117967
v 0.045770 -0.097087 -0.281104
v 0.114648 -0.403766 -0.530488
v -0.119605 0.163510 -0.177468
v 0.041996 0.187870 0.106517
v 0.034042 0.190085 0.119323
v 0.397512 0.404213 -0.409934
v 0.396748 0.398222 -0.393588
v -0.078085 0.184818 0.412047
v -0.450974 -0.042881 -0.199609
v -0.000036 0.138478 -0.059483
v -0.388740 0.054766 -0.197761
v 0.066694 0.252489 -0.341856
v 0.073085 0.262723 -0.352151
v -0.179392 -0.083176 0.356226
v 0.290598 -0.115248 0.383910
v -0.224654 0.003008 0.700375
v 0.145343 -0.246459 0.645830
v 0.298172 -0.297874 -0.172027
v -0.382156 -0.108404 -0.278640
v 0.077724 -0.341028 -0.461569
v -0.177110 0.111689 0.319274
v -0.045767 0.180749 -0.244620
v -0.372388 -0.092195 -0.447792
v -0.112861 -0.077032 -0.411424
v -0.182770 -0.171621 0.513713
v 0.016067 0.147764 -0.108883
v 0.030483 0.153729 -0.122785
v 0.318425 -0.381962 -0.282624
v -0.422733 -0.025282 -0.356005
v 0.347381 -0.151044 0.656361
v 0.331961 -0.164122 0.677462
v 0.186255 0.248716 -0.135721
v 0.187603 0.254840 -0.156137
v 0.336998 0.149149 0.701992
v -0.279527 0.086021 -0.441603
v -0.425383 -0.028934 -0.121424
v -0.444795 -0.011729 -0.117814
v -0.142866 0.211686 -0.084039
v -0.145734 0.208489 -0.059948
v -0.238884 0.101704 0.506539
v -0.383244 0.039880 -0.435542
v -0.042464 -0.198643 0.379730
v 0.020955 -0.193325 0.237061
v 0.050039 0.225021 -0.302553
v -0.070347 0.079288 -0.345062
v 0.308092 0.189739 0.703272
v 0.320925 0.200606 0.704030
v -0.218960 -0.012111 0.008795
v -0.325759 0.079801 -0.175071
v 0.048708 0.276791 0.656090
v 0.071203 0.275453 0.667795
v 0.058526 -0.203162 0.323670
v -0.189066 0.001189 0.110153
v -0.061767 0.188634 0.364505
v -0.243686 0.131661 -0.381572
v -0.028855 -0.349386 -0.438090
v -0.141023 -0.185727 -0.475700
v 0.011109 0.249854 0.376898
v -0.165939 0.159277 -0.484559
v -0.161486 0.161262 -0.470728
v -0.144382 0.171019 -0.158316
v -0.096543 -0.165413 0.391429
v -0.347017 -0.111605 -0.340488
v 0.062204 0.187813 0.257219
v 0.173068 0.149343 -0.016056
v -0.129635 -0.120919 -0.200724
v -0.016430 -0.162638 0.007942
v -0.047184 0.265243 0.668613
v 0.035706 -0.021308 -0.365248
v -0.214140 0.193661 0.703270
v -0.207635 0.209105 0.690471
v -0.190319 0.187650 0.328277
v 0.153911 -0.045219 -0.233739
v 0.141262 -0.063690 -0.226596
v 0.159651 -0.057096 -0.217854
v -0.159824 -0.196282 -0.446372
v 0.090249 0.111869 0.702615
v -0.204440 0.058285 -0.138447
v 0.010768 0.236208 0.698587
v 0.087565 -0.243367 0.590185
v 0.105995 -0.241032 0.585435
v 0.235521 -0.192682 0.494484
v 0.220202 -0.286199 -0.178739
v 0.202601 -0.273773 -0.161191
v 0.338906 -0.142591 0.542006
v 0.322093 -0.162903 0.548023
v -0.017296 0.140421 0.016073
v -0.082972 -0.179231 -0.199530
v 0.042513 -0.179326 0.265696
v -0.125508 -0.118668 -0.383834
v -0.049805 -0.196488 0.095426
v 0.362242 0.138658 0.507218
v 0.378488 0.101712 0.492111
v 0.290416 0.464187 -0.598619
v -0.410341 -0.088870 -0.323204
v 0.297088 -0.015947 -0.085751
v 0.309580 -0.004065 -0.072227
v 0.294669 -0.001849 -0.101248
v -0.148057 -0.119604 0.134828
v 0.362684 -0.002922 0.412818
v 0.057691 0.221548 0.321160
v 0.154966 -0.320735 -0.401449
v 0.186263 -0.178068 0.344778
v -0.422588 0.072137 -0.181987
v -0.408526 0.070908 -0.186968
v 0.162139 0.341253 -0.466693
v -0.095100 -0.226833 -0.068821
v -0.098099 -0.227502 -0.045627
v 0.320305 0.460844 -0.511658
v 0.174835 -0.191542 -0.250874
v 0.136128 -0.152855 -0.238621
v -0.170598 -0.199738 -0.470004
v 0.162643 -0.374239 -0.461094
v -0.416564 0.102025 -0.274553
v -0.409461 0.081251 -0.274656
v -0.052653 -0.325076 -0.339769
v 0.183916 0.207446 0.447387
v 0.401413 0.113077 0.644945
v -0.219981 0.201289 0.668708
v 0.324161 0.312288 -0.298626
v 0.323239 0.315674 -0.316473
v 0.295944 0.290764 -0.305189
v -0.014506 0.188021 0.312074
v -0.163463 0.133799 -0.505374
v -0.011199 0.018903 0.704838
v 0.006600 0.010216 0.705441
v 0.004649 -0.024497 0.704598
v 0.311579 0.007825 -0.069183
v 0.094696 -0.247884 0.676458
v 0.076776 -0.249694 0.678445
v 0.053723 0.193384 0.313756
v -0.114779 0.227175 0.435882
v -0.113643 0.233954 0.446676
v -0.022460 -0.219235 -0.387975
v -0.141916 -0.072496 0.373779
v -0.084043 0.194320 -0.024477
v 0.093712 0.273108 0.614723
v 0.125880 0.181208 0.316056
v -0.139590 0.193176 0.137624
v -0.153183 0.184717 0.137339
v -0.151956 0.193610 0.116655
v -0.198339 -0.072884 -0.449312
v 0.068735 0.200139 0.185784
v -0.176710 -0.096974 -0.129113
v -0.183049 -0.102829 -0.149849
v 0.139623 0.200167 0.371180
v 0.129478 0.203011 0.379588
v 0.195625 0.062352 -0.176223
v -0.151705 0.160949 0.703939
v -0.167453 0.175045 0.702534
v -0.142415 0.182714 0.703258
v 0.094419 -0.249124 0.667294
v 0.078744 -0.026549 0.705526
v 0.064062 -0.028012 0.705800
v -0.396249 0.064921 -0.273576
v 0.306869 -0.300884 -0.336597
v 0.334955 -0.317955 -0.337092
v -0.177846 -0.173282 0.102355
v 0.309398 0.395784 -0.330182
v 0.311132 0.394529 -0.345495
v 0.318093 0.400821 -0.343886
v -0.127757 -0.247587 -0.056423
v -0.120630 -0.241133 -0.031270
v -0.177124 0.105449 -0.498534
v 0.017506 0.263628 0.563456
v 0.049442 -0.199393 0.408971
v -0.032588 0.214273 0.340293
v -0.118277 0.092717 -0.284332
v -0.052928 -0.194792 -0.005513
v -0.197949 0.148936 -0.475645
v 0.054683 0.144413 -0.059619
v 0.032933 0.163859 0.294408
v 0.222359 0.239719 0.700487
v -0.194962 0.146871 -0.497188
v 0.182505 0.259772 0.695243
v 0.304925 0.018980 -0.074430
v -0.263594 0.035716 0.698144
v -0.273906 0.044708 0.696438
v 0.151451 -0.147337 -0.213569
v -0.086416 -0.019994 0.366230
v -0.084118 -0.009892 0.364772
v 0.133648 -0.252550 -0.281510
v 0.110335 -0.240014 -0.275535
v 0.135665 -0.246957 -0.264705
v 0.281953 -0.284330 -0.335447
v 0.302146 -0.293755 -0.323346
v 0.329837 -0.523933 -0.639100
v 0.302825 0.508687 -0.661995
v 0.190461 -0.068146 -0.175837
v 0.395703 0.381160 -0.326459
v -0.332118 0.017270 -0.440439
v -0.318228 0.008332 -0.451891
v -0.317901 0.028573 -0.451202
v 0.294234 -0.176168 0.704990
v 0.299281 -0.184680 0.697117
v 0.228624 0.212873 -0.113054
v 0.095697 -0.203823 -0.201632
v 0.106712 -0.205917 -0.188087
v -0.397815 -0.074926 -0.264669
v -0.385259 -0.086283 -0.274088
v -0.155475 -0.224389 -0.022454
v -0.168692 -0.211546 -0.045807
v -0.167978 -0.207364 -0.018937
v -0.370809 -0.137000 -0.423606
v 0.350892 0.095298 0.310558
v -0.264236 -0.029720 0.544003
v -0.247365 -0.050596 0.519071
v -0.280123 0.087407 0.601823
v -0.270852 0.094668 0.581455
v -0.269453 0.116944 0.592271
v 0.263340 0.195526 0.475875
v 0.005953 -0.293941 -0.452896
v -0.031626 -0.201414 -0.129449
v -0.013166 -0.219421 0.371174
v -0.114864 -0.110809 -0.402100
v -0.110912 -0.097762 -0.416705
v -0.112228 -0.117412 -0.418909
v -0.182834 0.131669 -0.388865
v -0.083290 0.288478 -0.375775
v -0.265625 0.149870 0.628706
v -0.263181 0.150834 0.648035
v -0.278810 0.121783 0.648777
v 0.379558 0.065596 0.462312
v 0.394359 0.011149 0.230682
v 0.267695 0.114506 0.702508
v -0.049662 -0.249827 -0.278488
v -0.183873 -0.176930 0.075367
v -0.044255 -0.225297 -0.338481
v -0.170246 -0.185854 0.344222
v 0.244505 -0.446535 -0.543052
v 0.270208 -0.464983 -0.552326
v 0.003956 -0.017348 -0.389625
v 0.027922 -0.007858 -0.378973
v -0.218900 -0.011282 -0.012438
v -0.217070 -0.009152 -0.033235
v 0.267560 0.397872 -0.491460
v -0.140335 -0.235902 0.019075
v 0.234856 -0.295912 -0.172299
v 0.220917 -0.285914 -0.157870
v -0.001562 -0.171887 -0.063344
v -0.147129 -0.229044 0.000498
v 0.041885 0.195165 0.181885
v -0.074343 0.093111 -0.288311
v -0.172403 -0.162953 -0.435958
v -0.074679 0.180690 0.400306
v 0.022764 0.233924 0.395873
v 0.030141 0.231088 0.388298
v 0.326710 -0.307305 -0.179709
v 0.377931 0.020870 0.400710
v -0.462224 -0.044019 -0.338339
v -0.472927 -0.051734 -0.330632
v -0.458647 -0.058048 -0.339221
v 0.253227 -0.404574 -0.565852
v 0.231010 -0.220470 0.600960
v 0.189736 -0.230504 0.585520
v 0.219218 -0.229226 0.630493
v -0.193155 -0.136659 -0.449994
v -0.067265 0.184175 0.349678
v -0.418325 0.054760 -0.124822
v 0.378478 -0.386929 -0.374870
v -0.198170 0.155227 0.381781
v 0.330639 0.058210 0.412809
v 0.343179 0.047221 0.404359
v 0.229633 0.327733 -0.315602
v -0.052403 0.194839 0.369927
v -0.169074 -0.125784 -0.295554
v 0.161986 -0.177179 0.313657
v -0.252735 0.123224 0.556220
v -0.218053 0.122458 0.469867
v -0.272742 -0.062455 0.609692
v -0.283091 -0.051075 0.637106
v -0.409373 0.088234 -0.325137
v 0.145442 -0.164847 0.034069
v 0.143586 -0.204395 0.703672
v -0.321201 0.118668 -0.335611
v -0.289627 -0.180132 -0.285088
v -0.296777 -0.018597 0.680781
v -0.356763 -0.059841 -0.250888
v 0.400284 0.054427 0.701348
v 0.171930 -0.473127 -0.588884
v 0.313295 -0.451114 -0.599372
v 0.300268 -0.462408 -0.620248
v 0.380882 0.501320 -0.560075
v 0.300826 -0.108951 0.080311
v 0.289262 -0.118969 0.062471
v 0.292177 -0.117075 0.087622
v -0.171754 -0.074374 0.027207
v -0.177039 -0.070441 0.015427
v 0.189483 -0.138104 -0.138379
v -0.064639 0.159693 0.171328
v -0.090093 0.186627 0.327106
v -0.019620 0.151532 -0.036235
v -0.375603 0.032947 -0.433385
v -0.078105 -0.138739 -0.237830
v -0.328615 -0.125629 -0.322867
v -0.054565 -0.182056 0.411378
v 0.106098 0.064011 -0.260364
v -0.023024 -0.342047 -0.404966
v -0.165353 -0.039725 0.115204
v -0.189199 -0.030331 0.092398
v -0.526708 -0.036849 -0.275104
v -0.523474 -0.047226 -0.289081
v 0.326008 -0.111521 0.183435
v -0.116446 0.022634 0.397844
v -0.038345 -0.211478 -0.333024
v 0.015705 0.246434 0.338700
v 0.248455 0.460610 -0.636185
v -0.030531 -0.229344 0.105712
v -0.141382 -0.115676 0.149230
v 0.079373 0.188945 0.262337
v 0.102828 0.188652 0.273513
v -0.180162 0.148308 -0.441181
v 0.034054 -0.228521 0.436951
v 0.230799 -0.140135 0.105607
v 0.255022 -0.385964 -0.535187
v 0.370294 -0.031002 0.436713
v -0.103617 -0.091559 0.236035
v 0.189410 0.144831 0.008965
v 0.181590 0.145913 -0.003349
v 0.116154 0.144593 0.044373
v 0.351026 -0.403275 -0.494611
v 0.221815 -0.337768 -0.330657
v 0.198845 -0.322612 -0.331896
v 0.093983 -0.159097 0.037240
v 0.336695 -0.287816 -0.225034
v -0.148853 -0.139398 0.279407
v 0.393427 0.371586 -0.314004
v 0.390828 0.373360 -0.332235
v -0.095399 0.003647 0.278776
v -0.087845 0.020663 0.294400
v -0.087959 0.001098 0.294604
v 0.085111 0.286444 -0.403812
v -0.483338 0.114812 -0.266884
v -0.486987 0.103642 -0.256343
v 0.024464 -0.225014 -0.236691
v -0.160807 0.158010 0.234411
v 0.221202 -0.309595 -0.239049
v 0.151202 0.069378 -0.217974
v -0.060554 0.248685 -0.394482
v -0.060512 0.261993 -0.403121
v -0.042749 -0.229285 -0.274195
v 0.274125 -0.503442 -0.662088
v -0.057802 -0.288851 -0.268485
v 0.390434 0.439259 -0.515357
v -0.155883 0.109116 -0.011341
v 0.096705 0.319021 -0.453646
v 0.064579 0.301388 -0.435560
v 0.321297 -0.092743 0.133355
v -0.088947 0.179217 0.267805
v -0.075144 0.175312 0.270032
v -0.106265 0.186803 0.358672
v -0.277763 -0.111846 -0.170895
v -0.242211 -0.014520 0.497480
v -0.233216 0.023558 0.473128
v -0.114975 0.229192 -0.043380
v 0.282058 -0.166721 0.473920
v 0.246191 -0.179671 0.463284
v -0.021514 -0.229341 0.436495
v -0.280255 0.023406 -0.466986
v 0.266020 0.248716 -0.167608
v 0.190481 0.249522 -0.123419
v 0.187025 0.249738 -0.108610
v -0.092941 -0.210129 0.443167
v -0.111078 -0.204803 0.452844
v 0.052432 -0.176372 0.273325
v 0.189798 0.275685 -0.243553
v 0.173006 0.267489 -0.229671
v 0.171983 0.263269 -0.248113
v -0.443873 -0.088947 -0.334998
v -0.201903 0.176365 0.495586
v 0.152652 -0.183871 0.147738
v 0.355705 0.336157 -0.288204
v -0.457290 0.097651 -0.257184
v -0.226950 -0.066366 0.456614
v -0.475989 -0.102326 -0.265469
v -0.345216 -0.102532 -0.260503
v -0.202238 0.138169 -0.471136
v -0.209396 0.126992 -0.466489
v -0.069175 0.183898 0.370792
v 0.188288 -0.235777 0.616716
v 0.205190 -0.235650 0.649965
v -0.432055 -0.072951 -0.143296
v -0.086257 0.056424 0.281343
v 0.332954 -0.522931 -0.652673
v 0.288783 -0.106957 0.024540
v 0.295975 -0.106190 0.047900
v -0.146921 0.058507 -0.432538
v 0.136570 -0.419849 -0.588229
v -0.461832 -0.048104 -0.199014
v 0.389191 -0.075429 0.600554
v 0.047148 -0.220311 0.168114
v 0.238460 -0.174432 0.443886
v 0.277381 -0.157714 0.443484
v 0.229900 -0.167685 0.432088
v 0.133104 0.262391 -0.461525
v 0.126725 0.244095 -0.430953
v -0.446113 0.071288 -0.334422
v -0.434709 0.058544 -0.337676
v 0.296462 0.108321 0.105837
v 0.286147 0.113825 0.088669
v 0.163781 -0.171910 0.703460
v 0.061293 -0.256988 -0.343577
v 0.082328 0.061630 -0.278136
v -0.411038 0.024435 -0.368042
v 0.297537 0.040569 -0.067798
v 0.312959 0.041181 -0.033017
v 0.125872 0.167811 -0.055301
v -0.051641 0.123430 -0.240052
v 0.353981 -0.449179 -0.404148
v 0.160874 -0.338216 -0.513855
v 0.122308 -0.322620 -0.505358
v 0.148682 -0.357479 -0.543937
v -0.054925 -0.157482 0.305780
v 0.238587 0.207666 0.699177
v 0.245609 0.221661 0.700236
v 0.304971 -0.333260 -0.406563
v 0.312228 -0.318608 -0.369681
v 0.072474 0.149395 -0.083813
v -0.155525 0.119279 -0.104688
v 0.223897 0.009872 -0.201064
v -0.095720 -0.113374 -0.260638
v -0.105725 -0.106374 -0.283747
v 0.225512 -0.143086 0.123548
v 0.325940 0.089352 0.428862
v -0.232141 -0.067217 0.480786
v -0.386773 0.035694 -0.419810
v -0.390346 0.044496 -0.428330
v -0.512028 0.067502 -0.284390
v -0.043913 0.155768 0.035558
v 0.003554 0.269531 0.685384
v -0.156168 -0.072945 0.078904
v -0.082578 0.045727 0.348340
v -0.093798 0.070069 0.338482
v -0.099854 0.216230 0.426065
v -0.345505 -0.135094 -0.366811
v -0.217384 0.031813 -0.099112
v -0.219799 0.014430 -0.087813
v 0.091308 -0.070497 -0.263114
v 0.126323 -0.046745 -0.256796
v 0.189230 -0.257524 -0.147739
v -0.045741 0.071399 -0.341565
v -0.267202 0.121369 -0.407592
v -0.250067 0.108487 -0.415268
v 0.193715 0.377581 -0.593654
v 0.206201 0.396255 -0.604985
v -0.212521 -0.097030 -0.460862
v 0.340630 0.316658 -0.245946
v 0.345360 -0.113093 0.496120
v 0.391137 -0.439532 -0.518363
v -0.031068 0.220739 -0.412734
v -0.027050 0.211989 -0.405878
v 0.242157 0.326277 -0.274644
v -0.008303 0.274240 -0.454921
v -0.159699 0.193333 0.068218
v 0.297576 -0.101052 0.384217
v 0.297574 0.348099 -0.460961
v 0.339278 0.379954 -0.467308
v 0.045497 0.185454 0.245747
v 0.153157 -0.407954 -0.532372
v 0.157183 -0.393306 -0.510344
v 0.385646 0.097728 0.535803
v 0.370428 -0.336593 -0.306947
v 0.188935 -0.354386 -0.524170
v 0.042394 0.153789 -0.308322
v 0.105283 -0.194996 0.121215
v 0.118682 -0.193767 0.138786
v 0.086453 -0.371983 -0.546120
v 0.099254 -0.359526 -0.548972
v 0.075339 -0.350849 -0.532129
v 0.261193 -0.286915 -0.368990
v 0.279568 -0.298830 -0.370304
v -0.091904 0.232135 -0.288910
v 0.099337 -0.222041 0.485660
v 0.218924 -0.001995 -0.207401
v 0.160423 0.225867 0.699446
v -0.092205 0.010782 -0.430175
v -0.131879 -0.204052 0.134755
v -0.109352 -0.203213 0.136376
v -0.128897 -0.213159 0.117878
v 0.383695 0.023423 0.176242
v -0.508000 0.051029 -0.251387
v 0.313050 0.409951 -0.435441
v 0.288876 0.281213 -0.166114
v 0.189962 0.265860 -0.171376
v 0.225684 -0.102407 -0.088910
v 0.066326 0.256807 -0.478071
v 0.057093 -0.085410 -0.278187
v 0.083409 -0.079932 -0.261821
v 0.149850 0.194053 0.391825
v 0.167950 0.191518 0.384091
v 0.176620 0.186861 0.401731
v -0.092496 -0.185323 0.339325
v -0.243262 0.176324 0.665577
v -0.333794 0.093320 -0.272107
v 0.196893 -0.079724 -0.156447
v -0.076076 -0.305832 -0.327053
v -0.069662 -0.286040 -0.344615
v 0.069831 -0.207575 0.239721
v 0.036397 -0.210582 0.215163
v -0.387199 -0.069030 -0.261360
v -0.108347 -0.206073 0.465932
v 0.120443 -0.183922 0.702366
v 0.131578 -0.191449 0.703399
v 0.049772 -0.245457 0.662331
v 0.045361 -0.245631 0.650911
v -0.363233 0.081243 -0.178585
v -0.092438 0.084278 0.280274
v -0.094538 0.074629 0.254082
v -0.111723 0.182253 0.215891
v -0.119733 0.183385 0.233049
v -0.139288 -0.177054 0.220192
v -0.137621 -0.172991 0.249848
v -0.404273 0.106676 -0.280905
v -0.080997 0.013967 0.316531
v 0.105864 0.194253 -0.341731
v 0.080414 0.183447 -0.340478
v -0.264822 0.112451 -0.207047
v -0.260222 0.130642 -0.227926
v -0.327257 -0.002490 -0.443360
v -0.455043 -0.043588 -0.217105
v -0.445094 -0.038765 -0.208094
v 0.259362 0.166875 0.388310
v 0.256534 0.163479 0.371792
v 0.263877 0.486302 -0.641641
v -0.158476 -0.099995 -0.090335
v -0.320387 0.031378 -0.158705
v -0.329141 0.006523 -0.150834
v 0.302340 -0.318327 -0.204150
v 0.346144 0.486985 -0.580338
v -0.495138 0.030426 -0.245721
v -0.482811 0.021219 -0.244521
v -0.205854 0.034448 -0.073446
v -0.204407 0.024569 -0.028554
v -0.499676 -0.022703 -0.245861
v 0.110116 0.192309 -0.111029
v -0.040407 -0.142130 0.288737
v -0.376616 0.081986 -0.164790
v 0.042046 -0.245805 0.691365
v -0.026157 -0.244372 0.629773
v 0.298526 -0.138066 0.193796
v 0.313721 -0.129641 0.196685
v 0.205544 -0.219860 0.702528
v 0.255729 0.358237 -0.526749
v 0.049442 0.248425 0.463876
v 0.025806 0.250084 0.461908
v -0.433015 -0.099033 -0.327150
v -0.018793 0.087951 -0.299863
v -0.005855 0.077839 -0.312229
v -0.045106 0.134650 -0.229511
v 0.031459 0.274135 0.652360
v 0.065018 -0.030703 -0.332425
v -0.446511 0.007000 -0.113228
v -0.433185 0.015158 -0.109754
v -0.120376 -0.039461 0.397238
v 0.121201 -0.040562 -0.269243
v 0.163010 -0.245461 0.661826
v 0.154770 -0.245190 0.636354
v 0.320794 -0.347967 -0.418337
v 0.121846 0.193936 0.264500
v 0.091682 0.196529 0.245607
v 0.120617 0.199811 0.240079
v -0.135697 0.181747 0.268328
v -0.148441 0.177857 0.247305
v -0.135303 0.182875 0.240908
v 0.342791 0.032361 0.702918
v -0.111773 0.183203 0.257185
v -0.102253 0.180632 0.260013
v -0.119009 0.184541 0.272128
v 0.019520 0.264215 -0.467485
v 0.031134 0.276718 -0.479362
v 0.264227 0.002034 0.703694
v 0.381102 -0.048641 0.702205
v 0.369765 0.461346 -0.583425
v 0.331993 0.410254 -0.535379
v 0.380162 0.354739 -0.287052
v 0.375068 0.352855 -0.296030
v 0.364137 0.339892 -0.281425
v -0.111284 0.090664 0.321051
v -0.099205 0.084206 0.314512
v 0.289098 -0.092302 0.002596
v 0.113160 -0.233269 -0.255219
v 0.065018 -0.095832 -0.267992
v 0.361702 0.106306 0.460618
v 0.374496 0.090221 0.470138
v -0.050719 0.161571 -0.306990
v 0.139558 0.244184 -0.224189
v 0.155390 0.257167 -0.221941
v -0.039434 -0.160621 0.701996
v 0.137682 -0.222698 0.529747
v -0.135212 -0.136974 -0.156564
v -0.415956 0.116806 -0.309278
v 0.372487 0.456848 -0.569757
v 0.288896 -0.131959 0.168381
v 0.367313 0.148589 0.552080
v 0.365569 0.140265 0.536522
v 0.379109 0.125001 0.555205
v 0.115244 -0.165243 -0.027058
v -0.002138 -0.235591 -0.221547
v -0.024845 0.151849 -0.011420
v 0.153707 -0.162030 0.046712
v 0.137213 -0.161456 0.050756
v -0.054068 -0.068551 -0.350148
v 0.410873 0.061105 0.582516
v 0.206372 -0.362138 -0.427447
v -0.132236 -0.064759 0.387083
v -0.302802 -0.144659 -0.389396
v -0.522607 -0.002567 -0.338736
v -0.198370 0.150921 -0.488321
v 0.373815 -0.006593 0.439532
v -0.142850 0.095080 -0.467957
v 0.315668 -0.141819 0.706166
v -0.408526 0.070908 -0.186968
v 0.147028 0.274016 0.638885
v -0.151990 0.128311 0.701665
v -0.160396 0.111949 0.701897
v -0.170852 0.137191 0.703563
v -0.030804 -0.153025 0.299377
v -0.042108 -0.150217 0.298158
v 0.121001 -0.204345 -0.145265
v 0.121326 -0.204130 -0.117960
v 0.141013 -0.212589 -0.117319
v -0.119084 0.218282 0.428620
v 0.383754 0.415445 -0.376626
v -0.103110 0.206558 0.033933
v -0.208161 -0.150375 0.508591
v 0.031346 0.160920 -0.131733
v -0.208181 -0.052918 0.699719
v -0.196312 -0.072979 0.699907
v 0.014501 -0.243171 0.574922
v -0.180112 -0.087482 0.701576
v -0.130098 0.020077 0.199866
v -0.146502 0.033830 0.163492
v 0.115274 -0.081568 -0.235278
v -0.084009 -0.169987 0.266179
v -0.074465 -0.166765 0.241158
v -0.215769 -0.122112 0.457170
v -0.419750 -0.012491 -0.115264
v -0.402860 -0.022733 -0.117204
v 0.291661 0.295140 -0.169326
v 0.084244 -0.228210 0.534200
v 0.332008 -0.468868 -0.488505
v 0.104267 -0.245750 -0.400990
v 0.128322 -0.235704 -0.375272
v -0.144331 0.085714 -0.217596
v -0.438026 -0.048023 -0.128865
v 0.129916 -0.208888 0.703658
v 0.020528 0.188753 0.139974
v -0.392845 0.061651 -0.413500
v -0.396077 0.056987 -0.424028
v 0.261575 -0.228557 -0.168799
v 0.218555 0.337416 -0.385241
v 0.200719 0.332594 -0.397548
v 0.358520 -0.382864 -0.299192
v 0.069913 -0.205850 0.325964
v -0.524552 -0.028172 -0.284426
v 0.010731 -0.249726 -0.426304
v 0.012166 -0.239581 -0.415525
v 0.212812 0.125049 -0.063364
v 0.224911 0.109843 -0.072385
v 0.258062 0.339288 -0.270181
v 0.264142 0.317628 -0.180959
v -0.039349 -0.198994 0.364685
v -0.084585 -0.213735 -0.034492
v -0.104907 -0.230160 -0.030143
v 0.067157 -0.389536 -0.535541
v 0.016449 -0.306355 -0.468716
v 0.030879 -0.287796 -0.468361
v -0.060286 0.029215 0.702900
v -0.043151 0.026915 0.702993
v 0.203126 -0.144332 -0.107294
v 0.281767 0.368487 -0.328908
v -0.373259 -0.053284 -0.220836
v -0.143808 0.078490 0.097172
v -0.149716 0.070522 0.077334
v -0.312999 -0.164045 -0.284800
v -0.181977 0.082015 -0.473276
v -0.474572 0.018776 -0.153492
v 0.113971 0.186958 -0.317118
v -0.452399 -0.024089 -0.353982
v -0.190531 -0.164934 0.493011
v 0.145082 0.022272 0.704768
v -0.160894 -0.109032 -0.143523
v 0.260833 -0.158009 0.706288
v -0.307461 -0.091124 -0.438206
v 0.304717 -0.093040 0.384583
v 0.322872 -0.081382 0.372607
v -0.001065 -0.231035 0.458445
v 0.315589 -0.078841 0.382865
v 0.324084 0.408506 -0.280665
v 0.392431 0.139657 0.640122
v 0.325044 0.067595 0.399962
v -0.455722 0.119820 -0.273956
v -0.463098 0.113684 -0.267939
v -0.468337 0.124841 -0.279220
v 0.255321 0.250969 -0.231156
v -0.206321 0.075767 0.703337
v -0.172579 0.074097 0.703569
v -0.107694 -0.000301 0.248508
v -0.227189 0.052397 0.701580
v -0.226542 0.081422 0.702152
v -0.207475 0.057388 0.703931
v -0.197009 0.144876 0.702870
v 0.022537 -0.153235 -0.025443
v -0.292597 -0.175558 -0.310210
v 0.236889 0.328907 -0.325583
v 0.174230 -0.218631 -0.315788
v -0.156168 0.194045 0.092657
v 0.247501 -0.350332 -0.327295
v 0.342453 -0.098956 0.217178
v 0.089051 -0.248713 0.649747
v 0.075334 -0.249063 0.667160
v 0.122345 -0.063194 -0.243452
v -0.004586 0.189541 0.088077
v -0.317656 0.100831 -0.241145
v -0.322438 0.091213 -0.245010
v -0.183766 0.038315 0.007578
v -0.174022 0.051433 -0.013910
v -0.168421 0.052413 0.008089
v -0.116766 0.082647 0.204905
v -0.148740 -0.204611 0.116184
v -0.166060 -0.189428 0.106733
v 0.363000 -0.127442 0.683650
v 0.406364 -0.047473 0.665242
v 0.405792 -0.050547 0.639711
v 0.028870 0.167728 0.043751
v 0.334156 0.486104 -0.668776
v -0.027786 -0.168239 0.167356
v 0.049535 -0.149071 0.028498
v -0.090105 -0.026593 -0.428075
v -0.085386 -0.043841 -0.412756
v 0.003588 -0.233574 -0.197743
v -0.043756 -0.179758 -0.236802
v 0.340960 0.079120 0.431003
v -0.114332 -0.069614 0.169208
v -0.111013 -0.081206 0.177115
v -0.121675 -0.075999 0.143241
v 0.082672 0.214288 -0.238795
v -0.468757 0.059906 -0.225539
v -0.459176 0.066787 -0.209309
v -0.456900 0.055983 -0.214228
v -0.314598 0.094130 -0.202133
v 0.283827 0.158137 0.427286
v -0.357457 0.081800 -0.282098
v -0.337958 0.082360 -0.272255
v 0.047215 -0.368717 -0.514193
v 0.253094 0.166432 0.437489
v 0.267532 0.161577 0.426659
v 0.201083 -0.233574 -0.320854
v 0.177299 -0.213905 -0.303459
v -0.252998 0.030289 0.699050
v -0.134607 0.087917 0.338294
v -0.121940 -0.046507 0.703454
v -0.100044 0.016207 0.270483
v 0.279208 -0.513097 -0.664065
v 0.327432 0.421135 -0.373048
v 0.320078 0.420799 -0.381960
v 0.344927 0.430503 -0.373133
v 0.231317 0.347385 -0.418446
v 0.233977 -0.127567 -0.033621
v 0.124576 0.148645 0.080998
v 0.146272 0.150030 0.088936
v 0.127329 0.209942 -0.179101
v 0.120758 0.212838 -0.196086
v 0.184692 -0.162931 0.421788
v 0.102338 0.116299 0.702316
v 0.087436 0.127028 0.703183
v -0.063178 0.162202 0.240657
v 0.386543 -0.020038 0.475066
v -0.053591 -0.216614 0.703460
v -0.035467 -0.223611 0.703417
v -0.067805 -0.223706 0.700082
v 0.236732 -0.323977 -0.264984
v 0.253908 -0.338526 -0.296376
v -0.086889 -0.030535 0.364366
v 0.246141 -0.460039 -0.636185
v 0.057070 -0.225501 -0.390516
v -0.169037 -0.031934 0.702833
v -0.004881 -0.051906 -0.357586
v 0.381603 -0.493431 -0.526927
v -0.025864 -0.135765 0.702075
v -0.065767 0.173246 0.002721
v -0.077765 0.182829 -0.014912
v -0.172793 -0.077153 0.002436
v -0.183449 -0.066190 -0.000790
v 0.216883 -0.179338 0.438397
v 0.323254 0.121649 0.344052
v 0.022855 -0.156346 0.300577
v -0.340413 0.081742 -0.171301
v -0.045446 0.163683 -0.320073
v -0.062984 0.180007 -0.319918
v -0.296409 -0.019937 0.666744
v 0.092477 -0.209853 0.351725
v 0.094082 -0.205454 0.374484
v -0.033231 -0.182210 0.703155
v -0.058810 -0.179962 0.703173
v -0.357477 0.068094 -0.276232
v 0.001941 0.181317 -0.146947
v -0.041035 0.156318 -0.311873
v -0.259515 -0.056126 -0.456361
v 0.024015 0.141227 -0.101962
v 0.299421 -0.474342 -0.508299
v -0.507030 0.064163 -0.301512
v 0.212636 -0.142126 -0.010399
v -0.340830 0.111046 -0.337707
v 0.067470 -0.328082 -0.513449
v 0.249933 -0.335261 -0.248151
v 0.131447 0.140148 -0.205545
v 0.319684 0.179938 0.702566
v 0.321531 0.169394 0.701336
v -0.379466 0.075621 -0.176059
v 0.316836 -0.555534 -0.635739
v 0.240231 0.349459 -0.381073
v 0.152585 -0.234524 -0.212884
v 0.319161 0.127744 0.702922
v 0.331112 0.135345 0.702977
v 0.275697 -0.281175 -0.160835
v -0.229220 -0.143327 -0.368551
v -0.211953 -0.128873 -0.381726
v 0.117593 -0.139359 -0.240842
v -0.150322 -0.112935 0.112865
v 0.185214 -0.334794 -0.402589
v 0.161745 -0.307330 -0.374344
v 0.337786 -0.403756 -0.357855
v 0.334918 -0.420316 -0.371381
v 0.200347 0.205329 0.698558
v 0.045434 -0.179637 0.043856
v 0.309283 -0.071225 0.397302
v 0.197289 -0.164728 0.384825
v -0.126900 -0.161882 -0.436655
v 0.009187 -0.212296 -0.143590
v 0.085815 -0.200179 0.427680
v -0.424449 0.066829 -0.257020
v -0.421385 0.084721 -0.269352
v 0.271893 0.166248 0.700058
v 0.284017 0.181103 0.702209
v 0.061740 0.178608 -0.161775
v 0.311767 0.197246 0.526921
v 0.231286 -0.464771 -0.640165
v 0.203925 -0.460775 -0.629129
v 0.248156 0.323411 -0.263725
v -0.089669 -0.186052 0.703706
v 0.262264 -0.159560 0.368223
v 0.117823 -0.208086 -0.173207
v -0.105768 0.183435 0.283120
v -0.243225 -0.131683 -0.206952
v -0.226358 -0.133302 -0.221428
v -0.011044 0.131576 -0.293967
v 0.043130 -0.166183 -0.323320
v 0.047829 -0.183849 -0.340694
v -0.531679 0.010216 -0.343665
v 0.416021 0.023123 0.610656
v -0.496483 0.102179 -0.307713
v -0.405284 -0.076159 -0.329779
v 0.392168 0.005255 0.191379
v -0.099878 0.066047 0.238032
v 0.016124 0.195498 -0.200409
v 0.132936 0.042626 -0.267371
v 0.055005 0.051995 -0.309797
v 0.130258 -0.236030 -0.240877
v 0.135839 0.298505 -0.382635
v 0.163176 0.313699 -0.397023
v 0.044591 -0.219858 0.428690
v 0.189467 -0.276461 -0.229992
v 0.262511 -0.061996 -0.082414
v -0.162090 0.121199 -0.021164
v -0.169328 0.133961 -0.016180
v -0.169900 0.103290 -0.284319
v -0.175736 0.102825 -0.266191
v -0.069830 -0.319633 -0.348391
v -0.070428 -0.303441 -0.348717
v 0.053295 0.178139 -0.346730
v 0.156951 0.073980 -0.207443
v 0.260409 0.373556 -0.396948
v -0.289241 -0.103872 -0.431206
v -0.159598 -0.189454 0.682164
v -0.181391 -0.174147 0.677590
v 0.027718 0.137676 -0.066517
v 0.154683 0.232663 -0.081424
v 0.166285 0.245562 -0.083330
v 0.164092 0.232505 -0.074657
v 0.210611 0.044547 0.702983
v 0.197829 0.034830 0.701970
v 0.191904 0.069141 0.703777
v 0.254022 0.474571 -0.638043
v 0.317511 -0.469820 -0.487419
v -0.166377 -0.081703 0.021452
v -0.176975 0.177254 0.014204
v -0.214350 -0.088327 0.699506
v 0.019287 0.155481 -0.314307
v 0.010032 0.151657 -0.309120
v -0.180255 -0.138502 -0.433201
v -0.066056 -0.162806 0.220346
v 0.021500 -0.169292 0.032300
v -0.470613 0.063817 -0.334517
v -0.455267 0.059001 -0.339010
v -0.461982 0.072011 -0.331934
v -0.185175 -0.183117 0.006022
v -0.180817 -0.188300 0.022554
v -0.177882 -0.192583 0.006996
v -0.190893 0.168866 0.702611
v -0.197693 0.182010 0.706712
v -0.177862 0.188694 0.704305
v -0.025623 -0.134884 0.256130
v -0.378130 0.066621 -0.184823
v -0.512810 0.023421 -0.275353
v 0.328992 0.131703 0.320887
v 0.023073 -0.106002 -0.294929
v 0.404027 0.010887 0.542447
v 0.402551 -0.019369 0.543617
v 0.406921 0.007164 0.552735
v -0.129991 0.184527 0.222729
v 0.165695 -0.238989 0.602743
v 0.000778 0.248726 0.383675
v 0.043536 -0.229566 0.360053
v 0.196545 0.198591 -0.182962
v 0.048094 -0.162860 -0.053304
v 0.076394 -0.245237 0.596630
v -0.127537 -0.005724 -0.442056
v -0.041947 -0.189028 -0.184983
v 0.277264 0.343106 -0.253837
v 0.262818 0.321952 -0.232711
v 0.262406 0.330857 -0.255231
v 0.335709 0.067470 0.427130
v 0.193525 0.142563 -0.089191
v 0.184658 0.133253 -0.117798
v 0.353841 0.072539 0.433079
v 0.318338 -0.101758 0.151225
v 0.003426 0.252093 0.468962
v 0.052696 -0.226629 0.356174
v 0.278998 0.164957 0.211030
v 0.294922 0.159645 0.231737
v 0.255044 0.185135 0.458565
v 0.113419 0.144023 0.070413
v 0.233007 -0.232074 -0.261273
v -0.170448 -0.130474 0.100813
v -0.272220 -0.017657 0.696240
v -0.154719 0.104742 -0.034652
v -0.154387 0.078318 -0.019260
v -0.211944 -0.137033 -0.366221
v 0.337188 -0.445207 -0.415341
v 0.103818 -0.210871 0.703771
v 0.104071 -0.196583 0.703023
v 0.207806 0.338102 -0.448217
v 0.206201 0.396255 -0.604985
v 0.195118 -0.297721 -0.436293
v -0.479910 0.108412 -0.315841
v -0.226326 -0.004645 -0.105153
v -0.230570 0.009724 -0.109552
v 0.185960 -0.392879 -0.477313
v 0.232689 -0.066835 0.702431
v 0.238650 -0.074713 0.702320
v 0.224069 -0.056144 0.701954
v 0.053469 0.177869 0.308680
v -0.363173 -0.135917 -0.392109
v 0.204588 0.142923 0.018752
v 0.166883 -0.244408 -0.179277
v 0.375796 0.172373 0.645365
v 0.279809 0.117427 0.105635
v 0.340434 -0.392695 -0.484549
v 0.315793 -0.378425 -0.480189
v 0.322752 -0.393227 -0.501768
v 0.049654 0.008291 -0.361647
v 0.032805 0.002507 -0.376885
v -0.081103 0.251877 0.496526
v -0.062489 0.251855 0.483371
v 0.404195 0.011032 0.700210
v 0.397549 0.004253 0.702104
v -0.350873 -0.082032 -0.447881
v 0.104275 -0.147103 -0.259893
v 0.106106 0.146590 0.023336
v 0.107052 0.277442 0.645383
v 0.086698 0.276599 0.657129
v 0.092263 0.276619 0.645149
v 0.167087 -0.446774 -0.566721
v 0.029080 -0.027780 0.705368
v 0.200353 -0.449705 -0.565304
v -0.336136 -0.137997 -0.350317
v 0.200921 -0.030521 -0.205820
v -0.135414 -0.243927 -0.040896
v 0.226235 -0.469758 -0.578450
v 0.231303 -0.452898 -0.558571
v 0.316389 0.092938 0.111549
v -0.253720 0.150663 -0.265186
v -0.510999 0.030398 -0.298850
v -0.511209 0.031075 -0.285777
v -0.034650 -0.314550 -0.355336
v 0.325988 -0.277431 -0.184740
v -0.095720 -0.113374 -0.260638
v -0.126314 -0.069331 0.373266
v -0.127505 -0.074998 0.355923
v 0.060828 0.188226 0.117726
v -0.218995 -0.032073 -0.460741
v 0.102049 0.173652 -0.297136
v 0.103814 0.165254 -0.273522
v 0.137468 -0.242472 0.602539
v 0.104176 0.201323 0.391556
v 0.097774 0.213085 0.372867
v 0.120097 0.201273 0.388079
v -0.182307 -0.148109 -0.444971
v 0.140558 -0.136986 -0.215870
v -0.029015 -0.224680 0.494697
v 0.091460 -0.205200 0.145984
v -0.201986 0.153824 0.370076
v 0.015038 0.083884 0.705370
v -0.190289 0.154436 0.404640
v -0.330275 0.092378 -0.189589
v 0.235899 -0.512139 -0.609600
v -0.447441 0.130149 -0.288823
v -0.522595 -0.029490 -0.261738
v -0.202663 0.163637 0.703444
v 0.243353 -0.446374 -0.623654
v -0.031746 0.267315 0.618403
v -0.186655 0.134147 -0.359251
v -0.274183 0.097043 -0.193614
v -0.270266 0.087163 -0.181563
v -0.233540 -0.002731 0.699318
v -0.221448 -0.031958 0.699567
v -0.233818 -0.022573 0.698805
v -0.219290 0.029563 -0.459360
v 0.387396 -0.069836 0.555668
v -0.108915 0.195737 0.090630
v -0.098378 0.181582 0.126325
v 0.176048 -0.176144 0.324464
v 0.333970 0.338209 -0.253566
v 0.151352 0.260027 0.698013
v 0.052383 -0.298988 -0.393530
v -0.088727 0.263279 -0.364072
v -0.382239 0.067158 -0.407072
v 0.250401 0.349431 -0.304764
v 0.266766 0.363046 -0.308625
v -0.199023 -0.121095 -0.390458
v 0.025122 0.251460 0.474252
v 0.387873 0.364602 -0.298266
v -0.194721 0.176468 0.334102
v -0.135965 -0.180688 -0.454479
v -0.138308 -0.170897 -0.421219
v 0.047894 -0.306501 -0.487797
v 0.070255 -0.311718 -0.496333
v 0.072098 -0.301678 -0.483799
v 0.247568 0.112194 -0.035954
v -0.158705 0.161804 0.262660
v 0.371493 -0.496695 -0.529775
v 0.257023 0.065869 -0.098101
v -0.096313 -0.169993 0.378438
v -0.102186 -0.171996 0.386404
v -0.038444 -0.209246 0.382624
v -0.187370 0.223881 0.683257
v 0.090542 0.204812 0.387281
v -0.208076 -0.143729 -0.342428
v -0.144028 0.086273 -0.184047
v 0.203937 0.341473 -0.548505
v -0.109166 0.208232 -0.132628
v 0.195104 -0.326154 -0.344502
v 0.004344 -0.237020 0.545487
v -0.009684 -0.235197 0.537812
v -0.019171 -0.239219 0.554894
v 0.002998 -0.275980 -0.442493
v -0.307004 0.149116 -0.344757
v -0.293023 0.155158 -0.349268
v -0.124952 -0.145269 -0.174252
v -0.234099 -0.016045 -0.120887
v -0.245208 -0.032067 -0.130263
v -0.247147 -0.007723 -0.129431
v 0.111901 0.183801 0.124536
v 0.136708 0.192650 0.154835
v 0.103345 0.192195 0.146303
v 0.131000 -0.196777 0.433293
v 0.256839 -0.063063 0.703223
v -0.057799 0.167255 -0.293678
v -0.270965 0.091189 -0.434458
v -0.260968 0.100036 -0.424162
v -0.198026 -0.017019 0.090987
v 0.131546 -0.410252 -0.536736
v -0.143193 -0.119409 0.179470
v 0.164278 0.264231 -0.215387
v -0.182679 0.128877 0.314532
v 0.142028 -0.341430 -0.428075
v 0.143166 -0.323053 -0.408685
v 0.170333 -0.354803 -0.432694
v 0.082726 0.201182 0.183478
v -0.146446 -0.127377 -0.345396
v 0.333534 -0.505633 -0.602530
v 0.283251 -0.156180 0.302083
v 0.302336 -0.150021 0.273256
v -0.314022 0.136734 -0.340134
v -0.315235 0.143885 -0.354530
v 0.235048 0.160443 0.148383
v -0.107025 -0.231811 0.604354
v 0.240522 -0.330018 -0.456975
v 0.233330 -0.353980 -0.498833
v 0.029539 -0.369293 -0.476130
v 0.163110 0.213210 0.440612
v -0.009401 0.144979 -0.057395
v -0.007434 0.142994 -0.034157
v 0.130339 0.027916 -0.286238
v -0.255769 -0.118520 -0.412253
v -0.023950 0.195047 -0.378368
v 0.191249 0.366282 -0.492032
v 0.222983 0.379826 -0.496513
v -0.140679 -0.180069 0.400947
v -0.027479 0.241403 -0.428275
v -0.015010 0.233593 -0.432312
v -0.177524 -0.195643 -0.025249
v 0.389743 -0.028221 0.497949
v -0.126112 0.192612 0.133444
v -0.078293 0.170317 -0.153409
v 0.243101 0.174865 0.447708
v 0.237421 0.182914 0.454253
v -0.474716 0.087371 -0.322996
v -0.243559 -0.000224 0.699581
v 0.203223 0.197746 -0.162688
v 0.231196 -0.005168 0.703211
v 0.251396 -0.007244 0.703237
v -0.256748 0.149409 0.591618
v 0.363753 0.025098 0.110961
v 0.280743 -0.130088 0.400787
v 0.132097 -0.092741 -0.214485
v 0.151980 -0.101501 -0.193094
v 0.151255 -0.079700 -0.204203
v 0.204363 -0.148827 0.022416
v 0.221479 -0.147570 0.051300
v -0.347017 -0.111605 -0.340488
v 0.123642 -0.192690 0.279392
v 0.132696 -0.184809 0.291906
v -0.270280 -0.002731 0.695747
v 0.277238 0.413252 -0.600628
v 0.134491 0.229906 -0.393216
v -0.176560 0.162891 0.315244
v 0.025256 -0.262971 -0.442032
v 0.040581 -0.274949 -0.455538
v 0.229126 0.192846 0.698583
v -0.009350 -0.210552 0.326874
v 0.288061 0.311797 -0.388115
v 0.304603 -0.458996 -0.482795
v -0.304524 0.090449 -0.194479
v 0.338102 0.128067 0.294404
v 0.345326 0.110737 0.302732
v 0.235660 0.095131 -0.083479
v 0.238531 -0.298877 -0.199633
v 0.062394 -0.237059 0.557671
v -0.153987 0.237603 0.687132
v 0.304591 0.367309 -0.490552
v -0.347783 -0.065389 -0.236391
v 0.376439 0.148971 0.568018
v 0.367644 0.173363 0.580867
v 0.364695 0.162766 0.560205
v -0.462164 0.022129 -0.241119
v 0.026068 0.216155 -0.245944
v 0.013124 0.216717 -0.236125
v 0.180648 -0.112992 -0.152996
v 0.194954 -0.124737 -0.123381
v 0.250612 -0.342429 -0.312457
v 0.305584 -0.260538 -0.181510
v -0.054323 -0.184874 -0.190418
v -0.117746 0.196351 -0.149445
v 0.107129 -0.173620 -0.053565
v 0.081574 -0.177488 -0.081711
v -0.186901 -0.004594 0.405594
v 0.097263 -0.197466 -0.131155
v 0.142418 -0.206728 -0.323467
v -0.468747 0.033234 -0.187598
v -0.458647 -0.058048 -0.339221
v 0.110318 0.199955 -0.132618
v -0.325759 0.079801 -0.175071
v -0.340413 0.081742 -0.171301
v 0.141153 0.207149 -0.334655
v 0.228673 -0.520960 -0.618924
v 0.040452 0.168096 0.050134
v -0.497732 0.101065 -0.261869
v -0.155329 -0.034709 0.133389
v 0.196197 0.229237 -0.307804
v -0.150557 0.097811 -0.128786
v -0.166931 -0.206150 -0.105430
v 0.048037 -0.125210 0.701946
v 0.022663 -0.105562 0.702944
v 0.137676 -0.244725 0.614114
v 0.130565 -0.181616 -0.286886
v 0.111727 -0.178224 -0.298632
v 0.142895 -0.198473 -0.305872
v -0.323356 -0.151707 -0.377649
v -0.144319 -0.049181 0.130001
v 0.147900 0.249017 -0.237226
v 0.254019 0.364164 -0.386872
v -0.441816 -0.109689 -0.313072
v -0.009845 -0.198487 -0.374629
v -0.002656 -0.211928 -0.386902
v -0.076245 -0.162961 0.281743
v -0.276716 0.113767 -0.209818
v 0.335921 0.017959 0.008300
v -0.000572 0.265547 0.576810
v -0.446075 -0.067184 -0.189696
v -0.454028 0.058691 -0.203966
v -0.320027 -0.163194 -0.331966
v 0.073578 -0.247193 0.641977
v 0.416832 0.013777 0.637233
v 0.416789 0.026068 0.630885
v 0.172460 -0.108905 -0.166715
v 0.160852 -0.104913 -0.181921
v -0.136996 0.220277 -0.048564
v -0.002720 -0.221182 0.703864
v 0.237540 -0.059081 0.702690
v 0.119861 -0.094069 0.703052
v 0.355834 0.086166 0.701493
v 0.185487 -0.260604 -0.171525
v -0.026775 0.285294 -0.424554
v -0.447754 -0.061070 -0.340555
v -0.243494 0.136595 -0.250043
v 0.113890 0.277232 0.660383
v 0.124172 0.277003 0.646382
v -0.103159 -0.219023 0.548347
v -0.127715 -0.074772 -0.431158
v -0.032293 -0.184775 0.142008
v 0.267180 0.309155 -0.172821
v 0.130711 0.219660 0.698568
v 0.412348 0.068212 0.642173
v 0.413242 0.061448 0.620671
v -0.107365 -0.152732 -0.198180
v 0.162287 0.188331 0.402885
v 0.386679 0.012033 0.166732
v 0.146853 0.189075 0.286384
v 0.146745 -0.429029 -0.553122
v -0.161811 0.150353 -0.494479
v -0.033767 -0.205034 -0.099522
v -0.022824 -0.207445 -0.115328
v 0.217649 0.262670 0.666366
v 0.334858 -0.112616 0.212642
v -0.274423 0.033951 0.560216
v -0.268916 0.057281 0.549642
v -0.278040 0.051718 0.577077
v -0.043679 -0.187247 -0.201466
v 0.008326 0.161161 0.702419
v -0.028198 0.178034 0.702104
v -0.125501 0.195334 0.701198
v -0.041573 -0.337133 -0.378029
v -0.040186 -0.330079 -0.366587
v -0.032273 -0.331435 -0.380216
v 0.334469 -0.434422 -0.381135
v 0.346805 -0.429636 -0.382328
v -0.185377 -0.132778 -0.436528
v -0.173031 -0.172621 0.695817
v -0.155913 0.065881 0.019184
v -0.507436 -0.031099 -0.244709
v -0.176065 0.070791 -0.140169
v 0.178940 0.179455 0.351937
v -0.493635 0.003446 -0.369831
v -0.162743 0.121609 -0.039368
v 0.161448 0.146194 0.040052
v 0.280658 -0.514120 -0.600056
v -0.056075 0.212875 -0.373438
v -0.163740 0.019637 0.401699
v -0.164413 0.002610 0.403675
v 0.175089 -0.197448 0.446249
v -0.113528 0.255655 0.634820
v 0.162881 -0.186364 -0.040807
v 0.116993 0.304571 -0.430935
v 0.078684 0.294073 -0.424061
v 0.086079 0.304045 -0.435400
v -0.186966 -0.125544 -0.236359
v 0.057758 0.220416 -0.269750
v 0.205267 -0.270122 -0.145409
v 0.382343 0.365504 -0.324474
v 0.149086 0.248623 -0.256557
v -0.496008 0.020680 -0.369687
v -0.505271 0.035071 -0.363466
v 0.205934 -0.103997 0.702116
v 0.227931 -0.098756 0.702546
v 0.218644 -0.118605 0.703205
v -0.096399 -0.210285 0.505124
v -0.103545 -0.207528 0.485435
v -0.111870 -0.206918 0.507075
v 0.230221 -0.222132 -0.230989
v 0.262721 -0.242645 -0.234186
v 0.212242 -0.182359 -0.152473
v -0.159731 0.119333 -0.079890
v -0.210673 -0.112598 0.438528
v -0.201676 -0.118981 0.424207
v 0.267707 0.369896 -0.443661
v -0.377140 0.043591 -0.251589
v -0.333612 -0.016293 -0.148612
v 0.085018 -0.185967 -0.096664
v 0.107871 -0.190689 -0.079413
v -0.179901 -0.046501 0.083931
v 0.266224 0.320640 -0.216324
v 0.249055 0.131626 0.060143
v 0.264884 0.125132 0.080505
v -0.051564 0.284827 -0.401599
v -0.052486 0.278216 -0.391444
v -0.092339 0.246791 -0.341460
v -0.090516 0.230995 -0.328080
v -0.077648 0.223889 -0.344925
v 0.111234 -0.356604 -0.548358
v 0.236855 -0.216763 -0.193989
v 0.265527 -0.238977 -0.208468
v -0.047584 -0.005095 -0.417417
v -0.034209 -0.018448 -0.410628
v 0.378771 0.402834 -0.446337
v -0.017801 -0.319647 -0.389172
v 0.347747 0.331915 -0.296477
v 0.287174 0.145060 0.173758
v -0.121049 -0.119577 -0.224977
v -0.173470 -0.093347 -0.117891
v 0.328418 0.076355 0.101005
v -0.078564 -0.010001 0.346262
v -0.054970 -0.261841 -0.366176
v 0.132882 -0.164522 0.037620
v 0.326734 -0.377736 -0.467334
v 0.354270 -0.390015 -0.464864
v -0.085644 0.259374 0.648878
v 0.353720 -0.133918 0.602104
v 0.201776 -0.247759 -0.094758
v 0.208974 -0.252182 -0.102982
v 0.193135 -0.246096 -0.119330
v -0.329222 0.112908 -0.434988
v 0.009326 -0.354520 -0.449652
v -0.161801 0.138113 0.207347
v -0.468021 -0.005140 -0.131254
v 0.095195 0.190348 -0.147535
v 0.021310 0.252625 0.510911
v -0.014389 -0.177688 0.180828
v -0.004218 -0.183297 0.202522
v 0.021110 0.066590 -0.314729
v -0.122003 0.184226 0.252572
v 0.088758 -0.164138 0.065887
v -0.032855 -0.194818 -0.151721
v -0.060346 0.089439 -0.314986
v -0.086904 -0.217212 -0.053250
v -0.136255 0.122480 -0.383015
v -0.505180 -0.099840 -0.293320
v -0.136845 0.214668 -0.102218
v -0.162139 -0.176461 0.430346
v 0.015364 0.163946 0.237193
v 0.027902 0.177464 0.224847
v -0.096757 0.099654 -0.240111
v -0.114172 0.091173 -0.246031
v -0.100379 0.033335 0.262139
v 0.054776 -0.331459 -0.509889
v 0.055086 -0.347069 -0.515856
v 0.113310 0.160013 -0.252163
v -0.159669 0.080434 -0.194159
v -0.085044 0.261243 0.601322
v 0.331531 -0.024649 0.703739
v 0.312895 0.511362 -0.658785
v 0.191530 0.246666 0.553295
v 0.164583 0.251022 0.547457
v 0.182623 0.237346 0.520166
v -0.154302 0.093004 -0.098746
v 0.324955 0.055623 0.020270
v -0.345606 -0.075641 -0.224215
v -0.128978 0.001892 0.201477
v -0.275026 0.071005 0.579715
v -0.263790 0.105603 0.567961
v -0.106617 0.204600 0.423989
v -0.114627 -0.219876 0.085400
v -0.116034 -0.184005 0.227984
v 0.206540 0.061733 -0.165429
v 0.259420 0.368780 -0.457347
v 0.365397 -0.418460 -0.507023
v 0.335021 -0.412679 -0.527177
v -0.047158 -0.028229 -0.410806
v 0.030299 -0.237299 0.359853
v -0.502211 -0.063120 -0.240286
v 0.370446 0.398218 -0.293437
v -0.048039 0.227434 -0.396691
v -0.025193 -0.174254 -0.003523
v 0.173832 0.259424 0.578657
v 0.009991 -0.188914 0.027067
v 0.393569 0.128704 0.592410
v -0.094119 -0.222394 -0.101911
v 0.124639 0.112461 -0.209602
v -0.405726 -0.076638 -0.187566
v -0.013336 0.090870 0.701685
v -0.155180 -0.060755 -0.443216
v -0.143685 -0.072729 -0.443386
v 0.373805 -0.435328 -0.528166
v 0.372431 -0.345236 -0.338481
v -0.351836 0.103038 -0.331485
v 0.361556 0.009708 0.086401
v -0.033474 0.266084 0.678784
v -0.510672 -0.021613 -0.336963
v -0.043857 0.184694 -0.164061
v 0.284599 0.374383 -0.525869
v 0.393347 -0.055679 0.699605
v -0.154529 -0.190012 0.692681
v 0.302113 -0.092866 0.041952
v 0.105049 0.250757 -0.458673
v 0.134917 0.278141 -0.489754
v -0.092567 0.227561 -0.318576
v 0.112491 -0.200915 -0.127957
v 0.069461 0.276983 0.652975
v 0.054861 0.277377 0.642923
v 0.105870 -0.305656 -0.397556
v 0.093914 -0.308263 -0.401665
v 0.234484 0.307983 -0.259472
v 0.244453 0.310457 -0.238918
v 0.203983 0.305450 -0.318473
v 0.172882 0.282937 -0.330527
v 0.252639 -0.162705 0.315021
v -0.017053 0.140215 0.192250
v -0.149071 -0.108018 0.099464
v -0.026569 -0.338121 -0.434800
v -0.018636 -0.343937 -0.445880
v -0.513231 0.034133 -0.277279
v -0.511209 0.031075 -0.285777
v -0.511048 0.046772 -0.291820
v 0.166598 -0.242971 0.630228
v -0.021633 0.131157 0.258986
v -0.087868 0.070012 0.275435
v 0.340074 -0.311764 -0.237491
v 0.115847 0.253550 0.534667
v 0.225827 -0.230150 -0.067625
v 0.242913 0.299611 -0.167404
v 0.356707 -0.472096 -0.595971
v -0.209580 -0.029775 0.700683
v -0.082976 0.187922 0.006060
v 0.203332 0.020245 -0.217335
v -0.390047 0.044662 -0.255211
v -0.209909 0.103252 -0.442937
v -0.038751 -0.194903 -0.137475
v -0.082249 -0.129758 -0.243043
v 0.103501 -0.248556 0.685940
v -0.254336 -0.062972 0.538166
v -0.377594 0.044442 -0.237058
v -0.368022 0.045705 -0.243971
v -0.316829 -0.119745 -0.222657
v -0.068664 0.175195 0.293143
v -0.063271 0.165905 0.274784
v 0.336923 -0.079033 0.702831
v 0.286711 -0.049088 0.703884
v 0.094156 -0.027262 -0.312395
v 0.336931 0.207979 0.690304
v 0.025472 0.202815 -0.213212
v -0.137386 0.097780 0.152813
v -0.226241 -0.133459 0.580254
v 0.413537 -0.000663 0.677127
v 0.410582 -0.002059 0.689859
v 0.178457 -0.273166 -0.255143
v 0.180011 -0.274666 -0.270221
v 0.080198 0.140577 0.702856
v 0.084525 0.156775 0.701940
v 0.212283 0.049074 -0.173607
v -0.136675 -0.048322 0.705699
v -0.148374 -0.049284 0.704632
v -0.151188 -0.027737 0.702975
v 0.330538 -0.102013 0.701908
v 0.315829 -0.104582 0.702985
v 0.251440 0.235531 0.699965
v 0.368305 -0.370947 -0.407596
v -0.177719 0.092131 -0.485186
v 0.031483 -0.319714 -0.487809
v 0.030756 -0.308451 -0.483112
v 0.184994 0.246029 -0.374116
v 0.060915 0.171176 0.068278
v 0.316844 0.458235 -0.518951
v -0.070519 -0.172633 0.396474
v 0.165761 -0.230106 -0.130383
v 0.275081 -0.553634 -0.659523
v -0.031869 -0.241111 0.565730
v 0.073281 -0.294349 -0.474608
v 0.055150 -0.296734 -0.478881
v 0.072098 -0.301678 -0.483799
v -0.144208 -0.165886 -0.403147
v 0.140833 -0.298810 -0.463120
v 0.164627 -0.296562 -0.450264
v 0.178067 -0.211791 0.505345
v 0.174348 -0.341992 -0.418854
v 0.191983 -0.361627 -0.432421
v -0.293488 -0.115565 -0.422862
v 0.078659 0.187892 0.126214
v 0.223986 -0.072070 0.702193
v -0.103270 0.133486 0.703248
v 0.206114 0.229336 -0.068880
v 0.298901 -0.143919 0.705637
v 0.269474 0.170934 0.215557
v 0.274933 0.171095 0.259786
v 0.247297 0.178740 0.216206
v 0.299332 0.103539 0.061155
v -0.064662 -0.194208 -0.155590
v -0.383840 -0.116551 -0.438400
v 0.407340 0.058639 0.693889
v 0.409391 0.076727 0.668193
v 0.051615 0.163851 -0.320787
v 0.029709 0.168355 -0.335433
v 0.083907 0.144536 0.021996
v -0.129805 0.211235 0.358890
v 0.173252 -0.175570 -0.036036
v -0.082435 0.062285 0.298281
v -0.096600 0.259824 0.610201
v 0.201172 0.227796 0.509959
v 0.056213 0.126274 0.702892
v -0.015622 -0.234077 -0.401973
v -0.106132 0.081374 0.340835
v 0.238351 0.311245 -0.456627
v -0.012600 0.152437 0.702906
v -0.009845 -0.198487 -0.374629
v -0.440559 0.044229 -0.347969
v -0.033728 0.266541 0.599610
v -0.035887 0.265173 0.588958
v -0.012762 0.266351 0.585570
v 0.365955 -0.048791 0.357548
v 0.226943 0.343612 -0.436506
v 0.208414 -0.219312 -0.063509
v 0.192988 0.285887 -0.452985
v -0.141560 -0.069943 0.703737
v -0.150490 -0.091977 0.702579
v 0.167162 0.221113 -0.068320
v -0.067683 -0.016815 -0.424059
v -0.066299 0.002986 -0.424217
v -0.515974 -0.017882 -0.255205
v -0.191340 -0.174642 0.639257
v 0.121371 0.197521 0.397931
v 0.065824 0.107501 0.703478
v 0.053295 0.178139 -0.346730
v -0.218708 0.131572 -0.322881
v -0.141099 -0.102366 -0.474146
v 0.076135 0.274960 0.625605
v 0.079195 0.277181 0.638602
v 0.083147 0.116942 -0.242310
v -0.000861 -0.232266 0.440955
v 0.122557 0.236420 -0.257920
v 0.102508 0.226379 -0.250294
v 0.145426 0.306762 -0.401890
v 0.341326 -0.109511 0.482541
v -0.117178 -0.157296 -0.186842
v -0.096032 0.193903 0.058239
v -0.234401 0.050621 -0.456878
v -0.495801 0.061343 -0.242235
v -0.007462 -0.213420 -0.131800
v 0.234464 -0.378118 -0.534213
v 0.203783 -0.386963 -0.562230
v 0.233853 -0.402913 -0.572619
v 0.373453 0.027647 0.146944
v 0.373759 0.036072 0.173485
v -0.480761 -0.112386 -0.289987
v -0.449569 0.079223 -0.235488
v -0.096608 0.264397 -0.348163
v -0.095967 0.271517 -0.350928
v 0.133320 0.323452 -0.451613
v 0.065839 0.222906 -0.427020
v -0.472565 0.033971 -0.177729
v -0.007782 0.150402 0.183830
v -0.154270 0.088236 -0.124473
v -0.159568 0.081784 -0.131381
v -0.182731 -0.186737 -0.007804
v 0.158942 -0.217562 0.519370
v 0.301693 -0.367341 -0.257231
v -0.078740 -0.015887 0.329801
v -0.052710 0.148767 0.195595
v -0.142047 -0.076581 0.355012
v 0.140554 0.089964 -0.208427
v 0.014359 -0.227983 0.112544
v -0.136485 -0.159052 -0.161712
v 0.091060 -0.316929 -0.501910
v 0.068804 -0.322139 -0.507500
v -0.025672 -0.163271 -0.313381
v -0.012624 -0.229352 0.429978
v 0.254650 0.123786 0.702423
v 0.051067 0.171213 0.299492
v -0.460919 0.004051 -0.121212
v 0.220620 -0.416265 -0.492761
v -0.147392 0.073887 0.060258
v -0.117885 -0.019466 0.212942
v -0.124774 0.142335 0.703638
v 0.133094 -0.218833 -0.198236
v 0.346134 0.177867 0.545214
v 0.199692 -0.291461 -0.281047
v 0.293123 -0.504693 -0.586024
v -0.070624 0.181658 -0.063811
v -0.123844 0.017549 -0.433834
v -0.359308 -0.120103 -0.301257
v -0.450857 0.104032 -0.264499
v 0.031791 -0.206202 0.224121
v 0.010511 -0.199180 0.213263
v -0.466976 0.018050 -0.132335
v 0.203925 -0.460775 -0.629129
v -0.178905 0.011782 0.120508
v -0.156140 0.124716 -0.117160
v -0.129875 -0.242187 -0.025140
v -0.272849 0.096655 0.699559
v -0.072672 0.272720 -0.323285
v 0.236924 -0.078218 -0.101495
v 0.066975 -0.215900 0.190469
v 0.079717 -0.179655 0.283059
v -0.133067 0.097516 0.205981
v -0.124564 0.091482 0.209447
v -0.143098 0.105091 0.172682
v -0.253695 -0.120258 -0.184492
v -0.022684 -0.288162 -0.418411
v 0.002685 -0.317078 -0.457889
v 0.085107 0.278533 -0.372024
v 0.004362 0.162469 0.187599
v -0.052955 0.148439 0.221176
v -0.063518 0.161527 0.216313
v -0.204860 0.086433 -0.472413
v -0.164734 -0.129641 0.116039
v 0.209659 -0.150985 0.702526
v -0.149374 0.204913 0.054002
v -0.083049 -0.193426 0.132746
v 0.252396 0.095383 -0.062879
v 0.389314 0.085138 0.520148
v 0.220370 0.142656 0.106862
v 0.027659 0.245524 -0.329876
v 0.046887 0.247816 -0.335166
v 0.006600 -0.224143 -0.398355
v 0.051878 -0.314572 -0.496533
v 0.152185 0.145654 0.050665
v 0.213924 0.186983 0.197873
v 0.020181 -0.245085 0.588222
v -0.471011 -0.037185 -0.335930
v 0.344002 -0.110209 0.248904
v 0.167560 -0.083807 -0.185939
v 0.291031 -0.490762 -0.571881
v -0.214140 0.193661 0.703270
v 0.066673 0.180209 -0.170369
v -0.257404 0.091179 0.541458
v 0.072398 -0.185220 0.275010
v 0.304977 -0.395355 -0.519389
v 0.390889 -0.451639 -0.534603
v 0.386288 -0.041997 0.297353
v 0.356113 -0.043230 0.426736
v -0.210441 -0.140722 0.464936
v -0.204518 -0.145738 0.452380
v 0.007568 0.254240 0.698595
v 0.010032 0.151657 -0.309120
v 0.196634 -0.212632 0.524747
v 0.212812 -0.213283 0.543712
v 0.213257 -0.201606 0.500089
v 0.285414 -0.023171 -0.095001
v 0.280579 -0.014989 -0.112262
v 0.123934 0.144748 0.702051
v 0.048514 0.243873 0.439549
v 0.067634 0.238005 0.430972
v 0.240307 -0.531349 -0.626437
v -0.006929 0.143703 -0.303372
v 0.200381 -0.471738 -0.585519
v 0.058516 0.224321 -0.289179
v -0.406852 -0.063952 -0.249059
v -0.411052 -0.057555 -0.234746
v 0.006600 -0.224143 -0.398355
v -0.002656 -0.211928 -0.386902
v 0.417212 0.029688 0.645092
v -0.177634 -0.127149 -0.280853
v -0.178768 -0.177430 -0.062489
v 0.311955 0.099345 0.702423
v 0.303310 0.120326 0.702015
v 0.123792 0.154230 -0.228971
v 0.132946 0.179922 -0.266860
v -0.020792 0.046287 0.703231
v -0.029785 0.022741 0.703159
v -0.452563 -0.032146 -0.232589
v -0.160627 0.081588 -0.101335
v -0.193393 -0.115923 -0.400214
v 0.068943 0.197580 0.316691
v 0.060783 0.207607 0.315488
v 0.149316 0.199235 0.186368
v 0.124437 0.240883 -0.276924
v -0.323120 0.096620 -0.228828
v -0.226617 0.174125 0.544872
v -0.212690 0.189812 0.538784
v -0.227542 0.182180 0.563918
v -0.294017 -0.169023 -0.329266
v 0.303352 0.401967 -0.377309
v -0.227569 -0.151016 -0.288459
v -0.234421 -0.154802 -0.305177
v -0.500711 -0.029728 -0.331942
v -0.042210 0.124041 0.703704
v -0.109715 -0.181513 0.239847
v -0.269437 -0.076343 0.642101
v -0.364058 -0.144065 -0.408582
v -0.446113 0.071288 -0.334422
v -0.439659 0.085794 -0.330469
v 0.280518 -0.123195 0.052822
v 0.279877 -0.115612 0.024011
v 0.026438 0.183106 0.191462
v 0.028710 -0.293894 -0.385902
v 0.013490 -0.281904 -0.367282
v -0.181329 0.161567 0.019182
v 0.320751 0.428027 -0.398162
v 0.331933 0.433505 -0.385807
v 0.239111 0.168995 0.317827
v 0.263994 0.170174 0.299809
v 0.006909 0.154293 0.243600
v -0.070056 0.233756 -0.269247
v -0.115805 0.224816 0.699217
v -0.095263 0.217580 0.700258
v -0.227197 0.025749 -0.107894
v -0.249900 0.031081 -0.130013
v 0.360146 -0.105978 0.701099
v -0.494316 0.042438 -0.243961
v -0.038450 -0.313992 -0.411246
v -0.482983 0.059827 -0.338345
v -0.033571 0.158406 -0.031842
v -0.166848 0.167934 0.115810
v -0.221224 0.198431 0.684614
v 0.161624 0.154452 -0.176447
v 0.158679 0.141199 -0.172297
v -0.006025 -0.231925 0.085720
v -0.418108 0.013987 -0.371098
v -0.163180 -0.117445 0.703448
v -0.185312 0.228491 0.658750
v -0.208781 0.211151 0.676569
v 0.370986 0.008300 0.125470
v 0.288549 0.124342 0.133957
v 0.304476 0.120433 0.145143
v -0.201903 0.176365 0.495586
v 0.104905 0.234640 -0.279086
v 0.078845 -0.204456 -0.207936
v -0.146630 -0.157045 0.702259
v 0.130396 -0.194630 0.358187
v 0.223806 -0.176108 0.225382
v 0.288425 -0.536574 -0.667375
v 0.264401 -0.526876 -0.658514
v 0.281488 -0.551038 -0.663895
v 0.064834 0.191844 0.138972
v 0.036793 0.191579 0.134646
v -0.005554 -0.244230 0.576099
v -0.006593 -0.245364 0.589784
v 0.378484 0.035890 0.195953
v 0.129761 0.069956 0.703812
v 0.359972 -0.072508 0.462846
v 0.362399 -0.064169 0.448842
v 0.276860 0.244610 0.665596
v 0.024781 -0.330903 -0.484648
v 0.333018 -0.163825 0.617318
v 0.088863 0.260453 0.555314
v 0.070665 0.260134 0.547571
v 0.083990 0.256882 0.536092
v -0.015139 -0.263430 -0.323566
v 0.308620 0.151641 0.233496
v 0.415162 0.048399 0.636190
v 0.417195 0.034871 0.618314
v -0.243777 0.005823 -0.124404
v -0.073676 -0.179453 0.156927
v 0.171328 -0.423287 -0.544687
v 0.164468 -0.433310 -0.555248
v 0.288195 0.063833 -0.057680
v -0.005641 0.150353 0.302720
v 0.012862 0.240631 0.426004
v 0.021519 0.244746 0.437349
v 0.001526 -0.198962 0.193764
v 0.018927 -0.208834 0.199381
v -0.202519 -0.119359 -0.439089
v -0.223443 0.043403 -0.126973
v 0.193715 0.377581 -0.593654
v -0.198287 -0.115688 -0.481796
v -0.086851 0.250096 0.488455
v 0.269181 -0.167368 0.455783
v 0.185105 -0.181753 0.429980
v 0.168531 0.148603 -0.000766
v 0.158930 0.149832 0.000350
v 0.091921 -0.072981 0.702512
v 0.112788 -0.079556 0.703215
v -0.033460 0.263657 -0.369188
v -0.045731 0.266060 -0.373588
v 0.369164 -0.385720 -0.364901
v 0.243372 -0.165413 0.205091
v 0.059059 -0.206168 -0.207318
v -0.286907 0.030879 0.696007
v -0.400071 0.079543 -0.327562
v -0.077798 -0.177927 0.168759
v -0.123312 -0.111593 -0.270466
v 0.240449 0.180294 0.270875
v 0.216163 0.189321 0.257983
v 0.242624 0.181741 0.236429
v -0.097738 -0.185707 0.172448
v -0.175922 0.018147 0.403728
v 0.078882 0.203935 -0.384691
v -0.061500 0.158151 0.186738
v 0.040349 -0.245000 0.638236
v 0.109253 -0.262361 -0.422355
v 0.082102 -0.240812 -0.402941
v 0.091397 -0.264216 -0.431345
v -0.180722 0.173915 0.026457
v 0.158459 0.200509 0.198686
v 0.280405 0.388297 -0.411844
v -0.153383 0.202213 0.030305
v 0.120435 -0.316728 -0.406937
v -0.206356 -0.160496 0.606108
v -0.201858 -0.164791 0.624485
v 0.389846 0.458566 -0.549009
v -0.066671 -0.158268 0.256352
v 0.097746 -0.283687 -0.455795
v 0.126511 -0.304514 -0.476894
v 0.131099 0.079739 -0.225107
v 0.138301 0.065176 -0.234344
v -0.115474 0.010416 0.702991
v -0.143056 0.020019 0.702055
v -0.044995 0.021054 -0.407901
v 0.204586 -0.215160 -0.262767
v -0.165924 -0.204430 0.023176
v -0.028639 -0.241408 0.666760
v 0.164055 -0.278347 -0.303400
v 0.156949 -0.262910 -0.281217
v 0.031825 0.049907 -0.330877
v -0.104387 0.258850 0.588990
v 0.173950 -0.307182 -0.462873
v 0.157068 -0.322224 -0.492115
v -0.228777 -0.051821 0.458203
v -0.205978 -0.134393 0.438732
v 0.400569 -0.063617 0.653602
v 0.267099 0.393650 -0.580290
v -0.118459 0.085645 0.345441
v -0.151687 0.195516 -0.058325
v -0.307843 -0.052441 -0.154860
v 0.053925 -0.247624 0.672559
v 0.381502 -0.443079 -0.531731
v -0.134025 -0.106922 0.160335
v 0.165842 -0.161830 0.107139
v -0.265342 -0.125651 -0.187152
v -0.073044 0.197637 -0.325090
v -0.079320 0.170568 0.129282
v 0.275706 -0.078952 -0.040138
v 0.070542 -0.188753 0.702431
v 0.310293 0.025401 -0.057642
v 0.201366 -0.210041 -0.252088
v -0.161166 -0.055497 0.702732
v -0.047770 0.014105 0.703258
v -0.177597 0.038804 0.060765
v 0.039886 0.186115 0.095751
v -0.052069 -0.181118 0.373035
v 0.254260 0.129811 0.104811
v 0.217987 0.170891 0.414331
v -0.052126 0.167435 -0.011903
v 0.218846 -0.056732 -0.155014
v -0.168362 0.233051 0.680874
v 0.343339 -0.068640 0.361031
v 0.195510 -0.449725 -0.624220
v 0.140031 -0.077050 0.702158
v 0.173855 -0.067857 0.702043
v 0.096214 -0.189401 -0.324587
v -0.245117 -0.075672 0.526546
v -0.025276 0.237271 -0.307366
v -0.056472 0.175005 -0.071600
v -0.501018 0.087234 -0.308977
v 0.317259 0.448917 -0.622144
v 0.337475 0.110876 0.326516
v 0.202372 -0.406737 -0.494328
v -0.291954 0.060951 0.633668
v 0.212038 0.311106 -0.294998
v -0.002736 0.278832 -0.421841
v -0.260444 -0.166691 -0.267893
v 0.366781 0.007992 0.108382
v -0.046772 -0.137912 -0.277482
v 0.360821 -0.008924 0.099074
v 0.352151 -0.018721 0.079222
v 0.251727 -0.375418 -0.353642
v 0.230328 -0.208929 0.702817
v 0.166176 -0.160843 0.046099
v -0.395731 0.071821 -0.181710
v -0.134773 -0.201327 0.372675
v 0.133470 0.191393 -0.301460
v -0.147386 0.104740 -0.147701
v 0.077390 0.199462 0.221308
v -0.069515 0.183027 -0.297134
v 0.347984 -0.116980 0.508629
v 0.146353 -0.414735 -0.540174
v 0.161228 0.292567 -0.496703
v 0.169074 -0.164882 0.422287
v 0.415390 0.006517 0.662962
v -0.379466 0.075621 -0.176059
v 0.155564 0.238957 0.500635
v 0.055150 -0.296734 -0.478881
v -0.507155 0.047261 -0.352563
v 0.309333 -0.485028 -0.640331
v -0.157625 0.150392 0.178983
v 0.374300 -0.029276 0.203470
v 0.008479 -0.063591 -0.327831
v 0.228863 -0.192912 0.702437
v 0.217390 -0.208149 0.703409
v 0.189149 -0.200575 0.703690
v -0.080937 -0.210536 -0.108511
v 0.051399 -0.190784 -0.137457
v 0.262313 -0.270512 -0.330752
v 0.161426 -0.385204 -0.573959
v -0.004552 -0.205810 0.167237
v -0.012402 -0.189895 0.173291
v -0.136438 0.098821 0.176814
v 0.292219 0.109995 0.703122
v -0.225459 0.160276 0.526659
v -0.516780 -0.031515 -0.252282
v 0.218569 -0.146244 0.072194
v 0.363572 -0.029191 0.430166
v -0.230170 -0.017716 0.456814
v -0.231391 -0.044855 0.466846
v -0.016182 -0.190022 -0.364614
v 0.131129 0.256340 -0.306062
v 0.120212 0.246434 -0.293785
v -0.241265 0.032213 0.493435
v -0.095823 -0.205034 0.120360
v 0.050730 0.035914 -0.334362
v 0.061071 0.022842 -0.341774
v 0.208479 -0.061274 -0.162913
v 0.032629 0.272728 0.607307
v 0.003871 0.271714 0.626996
v -0.314711 -0.044132 -0.453321
v 0.173412 -0.371626 -0.450384
v 0.361532 0.190447 0.616495
v 0.240097 -0.047942 -0.136828
v 0.236566 -0.039629 -0.151388
v -0.426513 0.072636 -0.332468
v -0.235167 -0.025678 0.480014
v 0.038246 -0.245220 0.592188
v -0.159341 0.141231 0.273735
v 0.287694 -0.200476 0.662796
v 0.301543 -0.189713 0.677836
v 0.320106 -0.178060 0.660353
v 0.123630 -0.348957 -0.539260
v -0.027481 -0.195079 0.143536
v 0.273074 0.317085 -0.423123
v -0.142698 0.086575 0.085540
v -0.140788 0.085077 0.107266
v 0.260708 -0.333929 -0.448241
v 0.275782 -0.350496 -0.463540
v 0.323478 0.454518 -0.500246
v 0.321335 0.437685 -0.485238
v -0.005936 -0.274474 -0.348842
v -0.174179 0.142145 0.047474
v 0.210134 0.312327 -0.308101
v -0.029286 0.007509 -0.406245
v -0.029767 0.019705 -0.400875
v -0.146971 -0.176427 0.183528
v -0.206489 -0.039327 -0.083544
v -0.207225 -0.039107 -0.073250
v -0.075289 0.180583 0.004061
v 0.305210 0.407938 -0.420382
v -0.159311 0.140405 0.287704
v 0.415459 0.008423 0.590945
v -0.280303 0.066103 0.697075
v 0.069614 -0.366358 -0.531654
v 0.261741 -0.212953 0.643158
v 0.258968 -0.216856 0.664953
v -0.274725 0.017371 0.558018
v -0.190837 -0.121338 -0.490964
v -0.059330 -0.266626 -0.358396
v -0.486985 0.064163 -0.330228
v -0.177179 -0.081796 -0.457587
v -0.253904 0.140536 -0.360656
v -0.238469 0.136740 -0.341780
v -0.262799 0.146735 -0.345992
v 0.268979 0.162911 0.415427
v -0.037130 -0.192920 -0.031210
v 0.413224 0.055767 0.661313
v 0.413335 0.058657 0.644629
v 0.415162 0.048399 0.636190
v 0.242171 -0.165435 0.318601
v 0.225374 -0.168453 0.330075
v 0.232980 -0.360286 -0.507838
v 0.350488 -0.090655 0.473017
v 0.273312 0.376633 -0.381421
v 0.052630 0.245975 0.451266
v 0.090179 0.267109 -0.356438
v 0.098807 0.275045 0.669561
v -0.117439 -0.131224 -0.418141
v 0.227555 -0.120046 -0.060148
v 0.239442 -0.104084 0.703622
v 0.400847 0.001478 0.518062
v 0.083971 0.203613 0.196468
v -0.093806 -0.145759 -0.216809
v -0.102930 -0.128489 -0.222135
v 0.342777 -0.056928 0.144425
v 0.344147 -0.429799 -0.548243
v 0.242278 0.168543 0.384773
v 0.235713 0.169016 0.402444
v 0.225118 0.172425 0.396686
v 0.068652 0.175136 0.299557
v 0.013995 -0.336561 -0.437128
v 0.345459 -0.306115 -0.275903
v 0.147552 0.150240 -0.194564
v -0.387866 -0.040746 -0.389510
v 0.396215 -0.027766 0.519305
v 0.403307 -0.000620 0.530873
v 0.292292 0.194550 0.703066
v 0.231808 0.111436 0.702880
v 0.247539 0.090686 0.702898
v 0.352479 0.459393 -0.600894
v 0.368542 0.354429 -0.320219
v 0.127305 -0.195857 0.161824
v -0.002546 -0.244388 0.639554
v 0.185899 -0.172360 0.426253
v 0.403093 0.102150 0.610090
v -0.115219 0.094484 0.298538
v 0.072810 0.201473 0.204806
v 0.196299 -0.330063 -0.356011
v 0.114126 0.285165 -0.372630
v -0.276325 0.155706 -0.337139
v -0.277300 0.147053 -0.367027
v 0.268104 -0.056019 0.703692
v 0.342696 0.013769 0.022685
v -0.195360 -0.158280 0.461356
v 0.207646 -0.261099 -0.129301
v -0.145271 0.071369 0.111600
v -0.163002 -0.124267 -0.017352
v -0.170236 -0.132079 -0.002777
v -0.166167 -0.135292 -0.032999
v -0.108125 -0.224939 0.573946
v -0.125121 -0.220992 0.589863
v -0.088185 0.192177 0.025333
v 0.048698 -0.285702 -0.468488
v -0.486380 0.059664 -0.237889
v -0.173591 -0.189345 0.085279
v 0.083987 -0.201394 0.703678
v -0.129431 -0.173448 -0.463063
v 0.251760 0.425778 -0.574671
v 0.374927 0.123717 0.540007
v 0.376934 0.118060 0.527983
v 0.124750 -0.202786 -0.080797
v 0.164437 -0.264095 -0.396675
v 0.329507 0.183387 0.528664
v 0.106619 0.274869 0.631303
v -0.239836 0.142293 -0.315441
v -0.230451 0.138440 -0.306531
v 0.195084 0.154760 0.113763
v 0.019582 0.196112 0.700543
v -0.346119 0.056052 -0.229691
v 0.382559 0.102551 0.515020
v 0.133731 0.354793 -0.523814
v -0.210439 0.113797 0.439916
v -0.039717 0.236663 -0.412722
v 0.236999 0.066346 -0.121841
v 0.352036 0.420462 -0.365922
v -0.059210 0.240497 0.433366
v 0.157369 0.050655 -0.234368
v 0.342429 -0.098686 0.462211
v 0.000140 -0.347890 -0.435234
v -0.214623 0.008710 -0.052855
v -0.082897 -0.058845 -0.393586
v 0.254969 0.166240 0.404132
v -0.153480 0.065970 0.042883
v 0.144704 -0.247781 -0.248270
v 0.121284 0.236034 0.699995
v 0.148702 0.235155 0.700288
v 0.159576 -0.242886 -0.365691
v -0.256982 -0.104181 -0.164245
v 0.071632 -0.372244 -0.494162
v -0.416269 0.105374 -0.316821
v -0.088967 -0.226888 0.552092
v 0.078882 0.203935 -0.384691
v 0.079316 0.018384 -0.329228
v 0.272825 0.057566 0.703713
v 0.284355 0.068820 0.703108
v -0.051115 -0.201505 -0.054925
v 0.199359 -0.380178 -0.449472
v -0.477780 0.032282 -0.241590
v 0.104477 -0.187724 0.281058
v -0.160863 -0.139679 -0.071366
v -0.116828 0.216790 0.032987
v 0.304177 -0.377439 -0.488335
v -0.297231 -0.044692 -0.152827
v -0.291155 -0.023626 -0.150943
v 0.013193 0.172967 0.178485
v 0.013801 0.178643 0.163170
v 0.144104 -0.073677 -0.215953
v -0.190442 0.023394 0.068082
v -0.063629 -0.131011 -0.262439
v -0.267664 -0.168267 -0.314784
v 0.074746 0.179562 0.309689
v 0.197208 0.294020 -0.465707
v 0.162893 0.279902 -0.470663
v 0.297008 -0.353067 -0.449027
v 0.290788 -0.344015 -0.438907
v -0.205030 -0.108962 -0.472591
v 0.213554 0.170695 0.324788
v -0.180918 -0.141566 0.703037
v -0.087092 0.069048 -0.362069
v -0.477418 -0.008154 -0.362837
v 0.076865 -0.213818 0.211945
v 0.295467 -0.258743 -0.221966
v -0.265330 0.075832 -0.169603
v 0.352756 -0.499923 -0.537554
v 0.356899 -0.496454 -0.548006
v 0.038780 -0.256107 -0.434620
v 0.326130 -0.121206 0.460293
v 0.013294 0.169784 -0.336733
v -0.101269 0.036502 -0.414525
v 0.378723 0.163718 0.601969
v 0.391962 0.137751 0.607945
v 0.107444 -0.157749 0.066874
v -0.075661 0.233597 0.698738
v -0.276845 -0.164156 -0.337678
v -0.260471 -0.157466 -0.355474
v 0.169042 0.200147 0.211569
v 0.240681 -0.135986 0.118102
v -0.472725 0.000002 -0.143363
v 0.384433 0.034432 0.459539
v 0.013343 0.167779 0.206694
v 0.364788 -0.015204 0.430451
v 0.086866 -0.179419 0.702467
v -0.350396 0.003964 -0.137918
v 0.359717 0.189220 0.598579
v 0.031803 0.253656 0.502470
v 0.014927 0.254007 0.486478
v 0.199258 0.130567 -0.080860
v 0.071268 -0.050681 -0.300641
v -0.173686 0.113077 -0.305789
v -0.162399 -0.051129 0.102575
v -0.149617 -0.203674 0.575151
v 0.187785 0.190263 0.699908
v -0.449250 0.104002 -0.324666
v -0.054125 0.095810 -0.290593
v 0.097536 0.207993 0.381779
v 0.130450 -0.258173 -0.294858
v 0.362332 0.069083 0.350035
v -0.066481 -0.204213 -0.056558
v -0.026504 -0.226069 0.117684
v 0.185147 0.355854 -0.478067
v -0.268596 0.078004 0.559031
v 0.371212 0.080800 0.700582
v 0.085879 0.178392 0.301800
v -0.260184 0.067884 0.533070
v -0.185359 -0.098942 0.701578
v -0.230722 -0.125944 0.662645
v -0.184332 0.226447 0.566196
v 0.088079 -0.157862 0.049285
v 0.268063 0.149007 0.162077
v 0.122052 0.054530 -0.260883
v -0.177862 0.188694 0.704305
v 0.221253 0.187809 0.232930
v 0.294194 0.482140 -0.616838
v 0.378992 0.167572 0.624601
v 0.326302 0.139414 0.250240
v 0.173499 0.138216 -0.142694
v 0.291237 0.299209 -0.346554
v -0.193412 -0.087690 -0.458796
v 0.187514 -0.184621 0.202233
v -0.234496 0.000613 0.475612
v -0.112238 -0.194422 0.157422
v -0.092634 -0.189618 0.155627
v 0.268075 -0.130753 0.055589
v 0.086823 -0.116097 0.702546
v -0.198426 -0.125402 -0.223651
v -0.258219 -0.024689 -0.136863
v -0.153463 0.196660 0.702112
v 0.213510 0.155455 0.123825
v 0.300074 0.206906 0.538388
v 0.293670 0.202712 0.520344
v 0.136868 -0.370453 -0.561723
v 0.149747 -0.381378 -0.572516
v -0.300296 0.040777 -0.461440
v 0.097186 -0.302262 -0.481471
v 0.337301 0.033644 0.027200
v 0.161784 -0.069771 -0.202295
v -0.180688 -0.114641 -0.196492
v 0.312428 -0.101600 0.122721
v -0.085420 -0.167687 0.703147
v 0.045254 0.031041 0.705427
v 0.070833 0.040692 0.704450
v 0.260738 -0.121922 0.701946
v -0.049747 0.262842 -0.416570
v 0.040288 -0.245958 0.607060
v -0.020493 -0.333331 -0.399062
v 0.377144 -0.047564 0.260150
v 0.103982 -0.005649 0.705435
v 0.278895 -0.095801 0.701845
v 0.258974 0.167564 0.315379
v 0.208533 -0.220440 0.566841
v 0.284361 0.161965 0.312311
v 0.206348 -0.202885 -0.220462
v 0.174449 -0.182206 -0.231892
v 0.186445 0.185566 0.388015
v 0.207306 -0.168825 0.171805
v -0.004847 0.147653 0.217716
v -0.424340 -0.061300 -0.229602
v 0.056644 -0.315263 -0.424243
v -0.141160 -0.062513 0.118232
v 0.087557 -0.391921 -0.516109
v -0.234421 -0.154802 -0.305177
v -0.187322 0.045404 -0.040819
v -0.251076 0.074093 0.699098
v -0.246746 0.089851 0.700327
v -0.184106 0.200389 0.501898
v 0.009015 0.180541 0.147544
v -0.041880 0.146828 -0.241580
v 0.241298 0.082455 -0.095947
v -0.038804 -0.281676 -0.292647
v -0.027442 -0.274393 -0.318230
v 0.155006 0.316092 -0.538201
v -0.245400 0.121152 -0.223829
v -0.026052 -0.173005 -0.327301
v 0.166388 -0.178747 0.332046
v -0.017609 -0.214269 -0.190665
v -0.147950 -0.227385 0.016067
v -0.204203 -0.139485 -0.295485
v 0.008245 -0.156051 -0.027521
v -0.010217 0.040830 0.705720
v 0.163190 0.265193 -0.441256
v -0.439871 0.099250 -0.325887
v -0.426137 0.101061 -0.322000
v 0.123630 -0.348957 -0.539260
v 0.182629 -0.320009 -0.478077
v 0.265674 -0.127296 0.113488
v 0.178071 -0.463906 -0.580494
v -0.113711 0.193770 0.701247
v -0.125501 0.195334 0.701198
v 0.306047 -0.553886 -0.671454
v 0.203662 -0.369853 -0.538769
v -0.434224 -0.027877 -0.353541
v 0.110664 -0.223815 -0.367448
v -0.264566 0.010541 -0.468708
v 0.239739 0.120188 0.701889
v 0.328446 0.396382 -0.275990
v -0.078069 -0.122645 -0.256566
v -0.090111 0.196446 0.010222
v 0.094023 0.008799 -0.324354
v -0.300196 0.050997 -0.163095
v 0.109083 0.290101 -0.517041
v 0.239739 0.120188 0.701889
v 0.050548 -0.245695 0.626980
v -0.133158 -0.073598 0.120595
v -0.233825 0.014280 -0.465454
v 0.308228 -0.102041 0.370727
v -0.291299 0.151746 -0.365422
v 0.199937 0.193068 0.219596
v 0.240845 0.353841 -0.448997
v 0.221142 0.319177 -0.491979
v 0.046241 -0.229016 -0.270142
v 0.263877 -0.126918 0.127364
v -0.089634 0.240156 0.449811
v 0.272848 0.159744 0.329275
v 0.052357 0.044027 0.704630
v 0.063215 0.050714 0.703803
v 0.244827 -0.135776 0.107303
v 0.005286 0.272928 0.645981
v 0.265531 0.124140 0.042109
v 0.279900 0.117900 0.069133
v -0.012531 -0.177221 -0.044253
v -0.021063 -0.001892 0.703719
v -0.495801 0.061343 -0.242235
v -0.213806 0.168787 0.511772
v -0.207065 0.181701 0.514931
v -0.212690 0.189812 0.538784
v -0.207065 0.181701 0.514931
v 0.369199 0.056668 0.365292
v 0.328187 0.081976 0.134228
v -0.144796 0.210033 -0.034460
v 0.350680 -0.030494 0.703149
v 0.159560 0.169606 0.701236
v 0.197366 0.142299 0.702031
v 0.212454 -0.194695 -0.184536
v 0.109091 -0.050966 0.704331
v 0.091060 -0.316929 -0.501910
v 0.106634 -0.333303 -0.521778
v 0.058419 -0.246215 0.604125
v 0.095976 0.233419 0.699452
v 0.338945 0.102771 0.333469
v 0.078051 0.219909 0.351286
v -0.063390 -0.202342 -0.074495
v 0.068357 -0.211324 -0.221598
v -0.095550 0.198004 0.701665
v 0.048331 -0.100488 0.702756
v 0.349144 0.187445 0.562985
v -0.151333 0.115082 0.182109
v -0.158264 0.126155 0.190851
v 0.414424 0.029612 0.666610
v 0.397086 -0.410359 -0.448469
v -0.137506 0.050687 0.701974
v 0.201675 0.260918 0.605910
v 0.191446 -0.240753 -0.097911
v 0.088206 -0.219168 -0.369936
v 0.118327 -0.212504 -0.347251
v -0.163576 -0.152772 -0.095827
v 0.314463 -0.013999 -0.049427
v 0.198853 0.178968 0.404625
v 0.220099 0.173470 0.384306
v -0.020077 -0.183081 -0.039321
v 0.348487 0.158200 0.515297
v -0.219738 0.173573 0.526364
v -0.148580 0.109985 0.099693
v 0.297183 -0.121487 0.703343
v 0.293951 -0.107086 0.702926
v 0.152785 0.153456 0.702156
v -0.061525 -0.198903 0.424108
v -0.055615 -0.253128 -0.343843
v -0.064375 -0.270717 -0.345153
v 0.253708 0.158432 0.699514
v 0.025256 -0.262971 -0.442032
v 0.066103 -0.272257 -0.448702
v 0.320923 0.053634 0.703171
v -0.073941 0.262408 0.592453
v -0.139135 -0.167178 0.265197
v 0.172175 0.275091 -0.451415
v 0.138949 0.289608 -0.369408
v -0.072112 0.190406 -0.309684
v -0.223419 -0.002350 0.419916
v 0.036179 -0.106479 0.702657
v 0.228796 -0.229501 0.664904
v -0.199093 0.165446 0.453344
v -0.057579 0.154885 0.245294
v -0.128269 0.120813 -0.414345
v 0.120479 0.254484 0.700179
v 0.028607 0.084950 0.704078
v -0.096802 0.151127 0.703634
v -0.045813 0.154232 0.703143
v -0.153463 0.196660 0.702112
v 0.349247 0.061744 0.163704
v -0.131246 0.119980 -0.395945
v -0.239836 0.142293 -0.315441
v 0.178328 -0.174762 -0.212151
v 0.267604 0.091327 0.702138
v -0.264768 -0.016774 -0.469719
v 0.314829 -0.148538 0.486965
v 0.331868 -0.128687 0.488283
v 0.197004 0.178061 0.419565
v 0.344576 0.091369 0.339153
v -0.061335 0.093962 0.701873
v 0.067648 0.168927 0.702164
v 0.126909 -0.103866 0.702071
v -0.066147 0.109629 0.702938
v 0.088054 -0.211435 -0.223282
v -0.274518 -0.174760 -0.276366
v 0.333552 0.044132 0.702263
v 0.355396 0.386181 -0.451366
v 0.350575 0.362440 -0.400077
v -0.514464 0.049477 -0.276424
v -0.267664 -0.168267 -0.314784
v 0.347050 0.339583 -0.328542
v 0.312654 -0.269837 -0.219764
v -0.228953 0.197847 0.634549
v 0.158107 0.194936 0.268708
v 0.336974 0.174077 0.526347
v -0.090592 -0.219819 0.533986
v 0.121888 -0.123792 0.702047
v 0.088147 0.201695 0.215106
v -0.105711 -0.048682 0.221653
v 0.057877 0.215670 -0.241944
v 0.133743 0.009830 0.705332
v 0.333871 -0.050537 0.703719
v 0.041226 -0.231654 0.702091
v -0.177634 -0.127149 -0.280853
v -0.149821 -0.118063 -0.273429
v 0.215872 -0.206457 -0.211479
v 0.153319 0.126490 0.702722
v 0.155172 0.107913 0.703684
v 0.242143 -0.165763 0.352906
v 0.235917 -0.166109 0.334937
v 0.409957 0.075159 0.596531
v 0.083434 -0.245115 0.696703
v 0.152785 0.153456 0.702156
v 0.173218 0.124720 0.702946
v -0.034377 -0.243882 0.576830
v 0.021175 -0.248786 -0.425914
v -0.020815 0.134298 0.703696
v 0.353888 -0.142573 0.655415
v 0.070585 -0.238176 -0.290949
v 0.278171 -0.268530 -0.291402
v -0.155149 0.107858 -0.314390
v 0.321133 0.322194 -0.346279
v -0.127032 0.032423 0.202712
v 0.072076 0.272467 0.682981
v 0.133173 0.237924 0.476806
v 0.300723 0.302667 -0.334996
v -0.006162 -0.337760 -0.420156
v 0.355299 0.155847 0.532937
v 0.129251 0.148756 0.013755
v -0.084727 0.180430 0.702031
v 0.190033 0.177632 0.700226
v 0.381051 0.071783 0.700765
v -0.248396 0.142123 -0.335679
v 0.048078 0.082445 0.703666
v 0.025599 -0.059156 0.703702
v 0.413224 0.055767 0.661313
v 0.329340 -0.145025 0.512948
v 0.122731 -0.023287 0.705536
v 0.210702 0.187241 0.700171
v 0.111226 0.192408 0.700406
v 0.077922 0.210944 0.700040
v -0.006821 -0.196921 0.703814
v 0.100738 0.177905 0.701384
v 0.029709 0.168355 -0.335433
v 0.067912 -0.226231 0.493692
v -0.251232 -0.162444 -0.318412
v 0.116229 0.279162 -0.500472
v 0.091474 0.095023 0.703713
v -0.256125 0.150711 -0.321446
v 0.251574 -0.169233 0.267722
v -0.041047 0.168912 0.701940
v -0.084727 0.180430 0.702031
v 0.019287 0.155481 -0.314307
v -0.031832 -0.075484 0.703710
v 0.130460 0.033648 0.703753
v 0.318506 0.157436 0.700580
v 0.178067 -0.000651 0.702011
v 0.241108 -0.512560 -0.648638
v 0.084525 0.156775 0.701940
v 0.197366 0.142299 0.702031
f 1 3 2
f 4 6 5
f 7 9 8
f 10 12 11
f 13 15 14
f 16 18 17
f 19 21 20
f 22 24 23
f 25 27 26
f 28 30 29
f 31 33 32
f 34 36 35
f 37 39 38
f 40 42 41
f 43 45 44
f 46 48 47
f 49 51 50
f 52 54 53
f 55 57 56
f 58 60 59
f 61 63 62
f 64 66 65
f 67 69 68
f 70 72 71
f 73 75 74
f 76 78 77
f 79 81 80
f 82 83 1
f 84 86 85
f 87 89 88
f 90 92 91
f 93 95 94
f 96 98 97
f 99 101 100
f 102 104 103
f 105 107 106
f 108 110 109
f 111 113 112
f 114 116 115
f 117 118 115
f 119 121 120
f 122 124 123
f 125 127 126
f 128 130 129
f 131 133 132
f 134 136 135
f 137 139 138
f 140 142 141
f 143 145 144
f 146 148 147
f 149 151 150
f 152 154 153
f 155 157 156
f 158 160 159
f 161 163 162
f 164 166 165
f 167 169 168
f 170 172 171
f 173 175 174
f 176 178 177
f 179 181 180
f 182 184 183
f 185 187 186
f 188 190 189
f 191 193 192
f 194 196 195
f 197 199 198
f 200 202 201
f 203 205 204
f 206 208 207
f 209 211 210
f 212 214 213
f 215 217 216
f 218 220 219
f 221 223 222
f 224 226 225
f 227 229 228
f 230 232 231
f 233 142 234
f 235 237 236
f 238 240 239
f 241 243 242
f 244 246 245
f 247 249 248
f 250 252 251
f 253 255 254
f 256 258 257
f 259 261 260
f 262 264 263
f 265 267 266
f 268 270 269
f 271 273 272
f 274 276 275
f 153 278 277
f 279 281 280
f 282 284 283
f 285 287 286
f 288 290 289
f 291 293 292
f 294 296 295
f 297 299 298
f 300 21 19
f 301 303 302
f 304 306 305
f 307 309 308
f 310 312 311
f 313 315 314
f 316 318 317
f 319 321 320
f 322 324 323
f 325 327 326
f 328 330 329
f 331 333 332
f 334 336 335
f 337 339 338
f 340 342 341
f 343 345 344
f 346 348 347
f 349 351 350
f 352 354 353
f 355 357 356
f 358 360 359
f 361 363 362
f 364 366 365
f 367 369 368
f 370 372 371
f 373 375 374
f 376 378 377
f 379 381 380
f 382 383 45
f 384 386 385
f 387 389 388
f 390 392 391
f 69 67 393
f 394 396 395
f 397 399 398
f 400 402 401
f 403 405 404
f 406 408 407
f 409 411 410
f 412 414 413
f 415 417 416
f 418 420 419
f 421 423 422
f 424 426 425
f 90 91 427
f 428 430 429
f 431 433 432
f 434 436 435
f 437 439 438
f 440 442 441
f 443 445 444
f 446 448 447
f 449 451 450
f 452 454 453
f 455 457 456
f 458 460 459
f 461 462 13
f 463 465 464
f 466 468 467
f 469 471 470
f 472 474 473
f 475 477 476
f 478 480 479
f 56 482 481
f 483 485 484
f 486 488 487
f 489 491 490
f 492 494 493
f 495 497 496
f 498 500 499
f 501 503 502
f 504 506 505
f 507 509 508
f 510 512 511
f 513 515 514
f 516 518 517
f 519 521 520
f 522 524 523
f 525 527 526
f 528 530 529
f 531 533 532
f 534 535 114
f 536 538 537
f 539 541 540
f 542 544 543
f 545 547 546
f 548 118 549
f 550 209 210
f 551 553 552
f 554 556 555
f 557 558 250
f 559 561 560
f 562 564 563
f 565 567 566
f 568 570 569
f 571 573 572
f 574 576 575
f 577 579 578
f 580 582 581
f 583 585 584
f 586 588 587
f 153 277 589
f 590 592 591
f 593 595 594
f 596 598 597
f 599 601 600
f 602 604 603
f 605 607 606
f 608 610 609
f 611 613 612
f 614 616 615
f 617 619 618
f 620 622 621
f 623 625 624
f 626 628 627
f 629 631 630
f 632 634 633
f 635 637 636
f 638 640 639
f 641 643 642
f 644 646 645
f 647 649 648
f 650 652 651
f 653 655 654
f 656 658 657
f 659 661 660
f 662 664 663
f 665 667 666
f 668 670 669
f 671 673 672
f 674 676 675
f 677 679 678
f 680 682 681
f 683 395 396
f 684 686 685
f 687 689 688
f 690 692 691
f 693 695 694
f 696 698 697
f 699 195 196
f 700 702 701
f 703 704 32
f 705 707 706
f 708 710 709
f 711 713 712
f 714 716 715
f 137 138 702
f 717 719 718
f 720 77 721
f 722 724 723
f 725 727 726
f 728 730 729
f 731 733 732
f 734 46 47
f 735 737 736
f 738 740 739
f 741 743 742
f 744 746 745
f 747 749 748
f 750 752 751
f 753 755 754
f 756 758 757
f 759 761 760
f 762 764 763
f 765 767 766
f 768 770 769
f 771 773 772
f 774 775 310
f 39 37 776
f 777 779 778
f 780 782 781
f 783 85 784
f 785 787 786
f 788 790 789
f 643 792 791
f 793 795 794
f 796 798 797
f 799 801 800
f 802 804 803
f 805 807 806
f 808 810 809
f 135 136 811
f 812 814 813
f 395 683 815
f 816 5 817
f 818 820 819
f 821 823 822
f 824 826 825
f 827 828 219
f 829 831 830
f 832 834 833
f 835 837 836
f 838 695 693
f 839 841 840
f 842 844 843
f 845 847 846
f 848 850 849
f 851 853 852
f 854 856 855
f 857 859 858
f 860 862 861
f 863 865 864
f 866 640 867
f 868 870 869
f 871 873 872
f 874 876 875
f 877 879 878
f 880 882 881
f 883 885 884
f 886 888 887
f 889 891 890
f 892 894 893
f 892 895 894
f 896 898 897
f 899 901 900
f 902 904 903
f 905 907 906
f 908 910 909
f 479 912 911
f 913 513 514
f 914 915 188
f 916 918 917
f 919 921 920
f 922 924 923
f 925 927 926
f 928 930 929
f 931 933 932
f 934 935 856
f 936 938 937
f 939 941 940
f 942 944 943
f 945 947 946
f 218 949 948
f 950 949 951
f 952 954 953
f 955 957 956
f 958 960 959
f 961 963 962
f 964 540 965
f 966 968 967
f 969 971 970
f 972 974 973
f 975 977 976
f 978 980 979
f 981 983 982
f 984 986 985
f 987 989 988
f 990 992 991
f 993 995 994
f 996 131 997
f 998 1000 999
f 1001 1003 1002
f 1004 1006 1005
f 1007 1009 1008
f 471 1011 1010
f 1012 1014 1013
f 1015 277 278
f 1016 1018 1017
f 1019 1021 1020
f 1022 1024 1023
f 1025 1027 1026
f 1028 1030 1029
f 1031 1033 1032
f 1034 1036 1035
f 1037 1039 1038
f 1040 1042 1041
f 1043 1044 772
f 1045 22 1046
f 1047 1049 1048
f 1050 1052 1051
f 1053 678 679
f 606 1055 1054
f 1056 408 1057
f 1058 954 1059
f 1060 1062 1061
f 1063 1065 1064
f 1066 1068 1067
f 1069 1070 1068
f 1071 1073 1072
f 1074 1076 1075
f 1076 1078 1077
f 1079 1080 509
f 1081 1083 1082
f 1084 1086 1085
f 1087 1089 1088
f 1090 1092 1091
f 1093 1095 1094
f 1096 1098 1097
f 1099 499 1100
f 1101 1103 1102
f 1104 1106 1105
f 1107 1109 1108
f 1110 1111 294
f 1112 1114 1113
f 1115 1117 1116
f 1118 1074 1119
f 1120 1122 1121
f 1123 1125 1124
f 1126 1128 1127
f 1129 1131 1130
f 1132 1134 1133
f 1135 214 1136
f 1137 1139 1138
f 1140 1142 1141
f 1143 1145 1144
f 1146 1148 1147
f 1149 1150 834
f 1151 1153 1152
f 1154 1156 1155
f 1157 1159 1158
f 1160 1162 1161
f 1163 1165 1164
f 1166 1167 488
f 168 1169 1168
f 1170 1172 1171
f 1173 1175 1174
f 1176 1178 1177
f 1179 1180 614
f 1181 1183 1182
f 1184 779 777
f 389 387 1185
f 1186 1187 239
f 1188 1189 994
f 1190 629 1191
f 1192 1194 1193
f 1195 1197 1196
f 1198 1200 1199
f 1201 1203 1202
f 1204 1206 1205
f 1207 1209 1208
f 1210 1212 1211
f 1213 1215 1214
f 1216 1218 1217
f 670 1220 1219
f 1221 1223 1222
f 1224 1225 1096
f 1226 1228 1227
f 1229 1231 1230
f 1232 1234 1233
f 1235 1237 1236
f 1238 1240 1239
f 1241 535 534
f 1242 1244 1243
f 1245 1247 1246
f 1248 1250 1249
f 1251 1253 1252
f 1254 1256 1255
f 1257 787 104
f 1258 1260 1259
f 1261 1263 1262
f 1261 1262 1264
f 1265 1267 1266
f 1268 1270 1269
f 1271 1273 1272
f 1274 1276 1275
f 1277 1279 1278
f 1280 1282 1281
f 1283 1285 1284
f 1286 1285 1283
f 1287 1289 1288
f 844 1291 1290
f 1292 1294 1293
f 1295 1297 1296
f 1298 1300 1299
f 164 1302 1301
f 1303 1305 1304
f 1306 1308 1307
f 1309 1311 1310
f 1312 1314 1313
f 580 1316 1315
f 1317 1319 1318
f 1320 1322 1321
f 1323 1325 1324
f 625 1327 1326
f 1328 1330 1329
f 1331 1333 1332
f 1334 1336 1335
f 1337 1339 1338
f 1340 1342 1341
f 1343 1344 727
f 1345 1347 1346
f 1348 1350 1349
f 1351 1353 1352
f 1354 1355 224
f 1356 97 1357
f 1356 1358 97
f 1359 124 122
f 1360 241 1361
f 1362 1364 1363
f 1365 1367 1366
f 1368 1370 1369
f 1371 1373 1372
f 1374 1375 1373
f 1376 1378 1377
f 1379 1381 1380
f 1382 1384 1383
f 1385 1386 1147
f 1387 1389 1388
f 1390 1392 1391
f 1393 1395 1394
f 1396 1398 1397
f 1399 1400 399
f 548 217 1401
f 1402 1404 1403
f 1405 1407 1406
f 1408 1410 1409
f 1411 1257 1412
f 1413 1415 1414
f 1416 1418 1417
f 1419 1421 1420
f 1422 1423 1382
f 1424 788 1425
f 1426 1428 1427
f 1429 1431 1430
f 276 274 1432
f 1433 1435 1434
f 1436 1438 1437
f 1439 1441 1440
f 1442 1305 1443
f 1444 1446 1445
f 1447 1449 1448
f 337 1451 1450
f 1452 424 425
f 1453 1455 1454
f 1456 1458 1457
f 1459 1461 1460
f 1462 1464 1463
f 1465 1466 1234
f 1467 1469 1468
f 1470 1472 1471
f 1473 1475 1474
f 1476 979 1477
f 1478 1480 1479
f 1481 1483 1482
f 1484 1486 1485
f 1487 1489 1488
f 802 803 1490
f 792 219 1491
f 1492 1493 519
f 1494 1496 1495
f 1329 1330 1497
f 1498 760 1499
f 1500 1502 1501
f 1503 98 1504
f 1505 1507 1506
f 1508 1510 1509
f 1511 1513 1512
f 383 1515 1514
f 1516 1518 1517
f 1519 1521 1520
f 1522 1327 625
f 1523 1524 1327
f 1525 1527 1526
f 1528 1530 1529
f 1531 1533 1532
f 1534 1536 1535
f 1537 1539 1538
f 1540 1542 1541
f 1130 1544 1543
f 1545 1547 1546
f 1042 1118 456
f 1548 1550 1549
f 1551 1553 1552
f 1554 1556 1555
f 1366 1558 1557
f 1559 1561 1560
f 1562 1563 1293
f 1564 1566 1565
f 9 7 1567
f 1568 1570 1569
f 1571 1573 1572
f 750 751 1574
f 1575 1577 1576
f 1544 1579 1578
f 1580 1582 1581
f 1583 1585 1584
f 1586 1588 1587
f 1589 1591 1590
f 1592 518 516
f 1593 1595 1594
f 1596 325 1597
f 1368 1599 1598
f 204 1601 1600
f 1602 1604 1603
f 49 1606 1605
f 497 1608 1607
f 1609 1611 1610
f 1612 1614 1613
f 1615 1617 1616
f 1618 1620 1619
f 1621 1623 1622
f 1624 1626 1625
f 1627 567 1628
f 1629 1631 1630
f 1632 137 1633
f 1634 1636 1635
f 1637 34 1638
f 1639 1641 1640
f 1642 1644 1643
f 1645 980 978
f 1646 1477 980
f 1647 1649 1648
f 1650 1652 1651
f 1653 1655 1654
f 1656 1658 1657
f 800 801 1659
f 1660 1661 450
f 1662 1664 1663
f 1665 1667 1666
f 1668 1670 1669
f 1671 1673 1672
f 777 1674 1184
f 1675 1676 615
f 1677 1678 1272
f 1679 1681 1680
f 1682 202 1683
f 1684 1685 64
f 1686 1688 1687
f 1689 1691 1690
f 1692 1694 1693
f 1695 1697 1696
f 1698 1700 1699
f 1701 1703 1702
f 1704 1706 1705
f 1707 1709 1708
f 1710 1712 1711
f 556 554 1713
f 1714 1716 1715
f 1717 1719 1718
f 1720 1722 1721
f 1723 1725 1724
f 636 1727 1726
f 487 1729 1728
f 189 1730 914
f 1731 1733 1732
f 302 1734 301
f 1735 1737 1736
f 1611 1739 1738
f 1740 1742 1741
f 1743 1745 1744
f 1746 1748 1747
f 1749 1751 1750
f 1752 1754 1753
f 1755 1757 1756
f 1758 1760 1759
f 1761 1763 1762
f 1764 535 1241
f 1765 1767 1766
f 361 621 1768
f 1769 1771 1770
f 1772 1774 1773
f 1775 1777 1776
f 1778 1780 1779
f 1781 1783 1782
f 1784 1786 1785
f 775 1787 312
f 1788 1790 1789
f 1791 1793 1792
f 1794 1796 1795
f 1797 1799 1798
f 1800 1802 1801
f 1803 1805 1804
f 1047 1807 1806
f 1808 1810 1809
f 1811 1812 1524
f 1811 1813 1812
f 1814 1815 1010
f 1816 1818 1817
f 1622 1819 1621
f 1820 826 824
f 1821 1823 1822
f 1558 1825 1824
f 1826 1828 1827
f 1829 1831 1830
f 1832 1833 645
f 1834 1836 1835
f 1837 1839 1838
f 1840 1842 1841
f 1843 944 1844
f 1845 1847 1846
f 1848 1850 1849
f 1851 1853 1852
f 1854 1436 1437
f 1855 1857 1856
f 1858 1860 1859
f 1861 1863 1862
f 1864 1866 1865
f 1867 1869 1868
f 1870 1872 1871
f 1873 1875 1874
f 1876 1878 1877
f 1879 1881 1880
f 1882 1883 540
f 1884 1886 1885
f 1887 1889 1888
f 1890 1892 1891
f 1893 1895 1894
f 1896 1898 1897
f 1899 1901 1900
f 1902 1904 1903
f 1905 1906 1243
f 1907 1908 899
f 1909 1159 1157
f 1910 1291 1911
f 1912 1914 1913
f 1915 1917 1916
f 1915 1918 1917
f 1919 1921 1920
f 1922 1923 1381
f 1924 845 1925
f 1926 1928 1927
f 1929 1931 1930
f 1932 1160 1933
f 684 1934 686
f 1935 1937 1936
f 1938 1940 1939
f 1941 1943 1942
f 1944 1946 1945
f 1947 1949 1948
f 1950 1952 1951
f 1647 1953 1649
f 1954 1094 1955
f 1956 1958 1957
f 1959 1961 1960
f 1962 1964 1963
f 1965 1967 1966
f 1968 1970 1969
f 1971 1973 1972
f 1974 1975 1764
f 1976 1978 1977
f 1979 1981 1980
f 1982 1984 1983
f 1985 1987 1986
f 1988 1990 1989
f 1991 1992 1428
f 1583 1993 1585
f 1994 1996 1995
f 1997 1999 1998
f 1632 1633 2000
f 2001 2003 2002
f 2004 2006 2005
f 1533 2007 1984
f 2008 2010 2009
f 269 2011 539
f 2012 2014 2013
f 2015 2017 2016
f 2018 2020 2019
f 2021 1110 2022
f 2023 2025 2024
f 2026 2028 2027
f 675 2030 2029
f 2031 2033 2032
f 2034 2036 2035
f 2037 2039 2038
f 2040 2042 2041
f 2043 2045 2044
f 2046 2048 2047
f 2049 2050 2035
f 2051 2053 2052
f 2054 2056 2055
f 2057 2059 2058
f 2060 2062 2061
f 2063 1774 1772
f 2064 2066 2065
f 2067 546 2068
f 2069 2071 2070
f 2072 2074 2073
f 2075 2077 2076
f 2078 1941 1942
f 2079 2080 300
f 2081 2082 1888
f 2083 2085 2084
f 2086 2087 1876
f 2088 2090 2089
f 2091 2093 2092
f 2094 2096 2095
f 2097 2098 199
f 2099 2101 2100
f 2102 759 2103
f 2104 2106 2105
f 2107 1033 2108
f 280 281 2109
f 283 2111 2110
f 2112 2114 2113
f 2115 2117 2116
f 2118 1611 1738
f 2119 2121 2120
f 785 786 1727
f 2122 787 785
f 2123 2125 2124
f 2126 2128 2127
f 2129 2131 2130
f 2132 2134 2133
f 2135 2137 2136
f 2138 2140 2139
f 2141 2143 2142
f 2144 2146 2145
f 2147 573 571
f 2148 2150 2149
f 2151 2152 54
f 2153 2155 2154
f 1938 2157 2156
f 2158 2159 1129
f 2158 1130 2160
f 2161 2163 2162
f 2141 2165 2164
f 2166 725 2167
f 2168 2170 2169
f 2171 2173 2172
f 2174 2176 2175
f 2177 1833 2178
f 2179 2180 2177
f 130 2182 2181
f 2183 1558 1824
f 2184 2186 2185
f 2187 2189 2188
f 2190 2192 2191
f 2193 2195 2194
f 2196 2198 2197
f 2199 2201 2200
f 2202 326 327
f 163 2203 1917
f 2204 2206 2205
f 1256 2208 2207
f 2209 602 2210
f 2211 2213 2212
f 1235 1236 2214
f 2215 2217 2216
f 2218 2219 2217
f 1066 2221 2220
f 259 2223 2222
f 259 260 2223
f 2224 2226 2225
f 2227 1971 1972
f 830 1492 519
f 2228 2230 2229
f 2231 714 2232
f 1197 2134 2233
f 2234 2236 2235
f 420 2237 419
f 2238 2240 2239
f 131 132 997
f 2241 294 2242
f 2243 2245 2244
f 2246 2248 2247
f 893 894 2249
f 2250 2251 1540
f 2252 2254 2253
f 431 1134 2255
f 2256 2257 1128
f 2258 2260 2259
f 374 2262 2261
f 2263 2265 2264
f 2266 2267 1265
f 2268 2270 2269
f 2271 2273 2272
f 2274 2276 2275
f 2277 2047 2048
f 768 2147 770
f 2278 2280 2279
f 2281 2283 2282
f 2284 2286 2285
f 2287 2289 2288
f 2290 1828 2148
f 2291 2293 2292
f 2294 2296 2295
f 2297 2299 2298
f 2300 1130 2301
f 2302 864 2303
f 2304 2306 2305
f 2307 2309 2308
f 2310 2312 2311
f 2313 2315 2314
f 2316 2318 2317
f 2319 2321 2320
f 599 600 2322
f 2323 2325 2324
f 1568 857 2326
f 2327 2218 2215
f 2328 2240 1884
f 2329 2331 2330
f 2332 2334 2333
f 2335 2337 2336
f 2338 2197 2339
f 2340 32 704
f 1367 2342 2341
f 2343 1243 2344
f 2345 2347 2346
f 349 1840 351
f 2348 2350 2349
f 2351 2352 2348
f 2353 621 622
f 2354 2355 1778
f 2356 2358 2357
f 279 280 2359
f 1597 325 326
f 2360 2362 2361
f 2363 2365 2364
f 471 1378 1376
f 2366 2368 2367
f 789 2370 2369
f 2371 2373 2372
f 2374 2376 2375
f 2377 2379 2378
f 2380 2382 2381
f 409 410 2383
f 397 1399 399
f 2384 2386 2385
f 1507 2387 1506
f 2388 2390 2389
f 2391 2393 2392
f 2394 2396 2395
f 2397 2399 2398
f 2400 151 2401
f 1063 1598 2402
f 2403 2405 2404
f 2406 2408 2407
f 2409 2411 2410
f 2412 2414 2413
f 2415 2417 2416
f 2418 2420 2419
f 2421 2423 2422
f 622 2044 2353
f 2424 2426 2425
f 1616 2428 2427
f 1523 1522 2429
f 2430 2432 2431
f 2433 2435 2434
f 2436 2437 1413
f 2438 412 2439
f 2440 2442 2441
f 812 2444 2443
f 2445 2447 2446
f 2448 2450 2449
f 2451 1310 2452
f 925 926 2453
f 2454 2456 2455
f 2457 2459 2458
f 2460 2462 2461
f 2463 2464 723
f 2465 2467 2466
f 2468 2470 2469
f 2471 2473 2472
f 2474 2476 2475
f 2477 2479 2478
f 2480 206 2481
f 2482 440 441
f 2483 2484 440
f 2483 440 2482
f 2485 2487 2486
f 2488 2490 2489
f 2491 2493 2492
f 2494 678 2495
f 2496 2498 2497
f 2499 722 525
f 2500 2502 2501
f 1703 1701 2503
f 2504 2506 2505
f 2507 2508 917
f 2509 2511 2510
f 2512 2514 2513
f 222 2516 2515
f 873 2517 872
f 2518 2520 2519
f 2521 2523 2522
f 2524 2526 2525
f 2527 2529 2528
f 2530 2531 2504
f 2532 2534 2533
f 2535 2537 2536
f 1854 2539 2538
f 2540 2542 2541
f 2543 1584 2544
f 755 2546 2545
f 2547 2548 1044
f 2549 2551 2550
f 2552 2554 2553
f 446 447 2555
f 2556 2558 2557
f 2559 2561 2560
f 2562 971 2563
f 2564 2203 161
f 2565 1823 1821
f 2566 2568 2567
f 2569 2571 2570
f 2572 2574 2573
f 2575 2577 2576
f 2578 1032 1033
f 2579 1678 2580
f 2581 694 695
f 2043 2044 2582
f 2583 2585 2584
f 2583 2586 2585
f 838 2588 2587
f 838 2589 695
f 838 2587 2589
f 2571 2569 279
f 2590 1349 1350
f 2591 2592 109
f 2593 2594 623
f 2595 2597 2596
f 364 2599 2598
f 2600 2602 2601
f 2603 1410 2604
f 2605 2606 2470
f 2607 2609 2608
f 1987 2611 2610
f 2612 2613 2563
f 2614 1226 1227
f 2615 2617 2616
f 2344 2619 2618
f 1731 2621 2620
f 2622 1838 2623
f 2624 2625 758
f 334 335 2626
f 2627 2151 2628
f 2629 1724 1725
f 1991 562 1992
f 2630 2631 1001
f 2632 2618 2633
f 902 2634 905
f 2635 2637 2636
f 2638 2640 2639
f 2641 2643 2642
f 2644 2646 2645
f 2647 2649 2648
f 2650 2652 2651
f 2653 2654 1636
f 2655 2657 2656
f 791 2658 643
f 650 2659 2084
f 915 1529 188
f 2660 2662 2661
f 677 2663 679
f 1342 2664 728
f 2665 2667 2666
f 2668 2404 2669
f 2670 2671 2493
f 897 129 2672
f 2632 2633 2673
f 2674 2676 2675
f 2677 2679 2678
f 2680 2682 2681
f 2683 2685 2684
f 631 2686 630
f 2687 2689 2688
f 2595 2690 2597
f 2691 1481 2692
f 1196 1197 2233
f 2693 2694 2437
f 2695 2697 2696
f 2698 2700 2699
f 2684 2702 2701
f 2702 2704 2703
f 1106 2706 2705
f 1106 2705 2707
f 2708 2710 2709
f 1716 1714 2711
f 2712 2714 2713
f 2715 2716 1416
f 613 2718 2717
f 2719 1772 1124
f 1799 2721 2720
f 1971 2722 1973
f 2723 2725 2724
f 2726 2728 2727
f 2729 2731 2730
f 2732 2734 2733
f 2735 2737 2736
f 2738 2359 1171
f 2739 2741 2740
f 2742 2744 2743
f 2745 1642 2746
f 2747 2749 2748
f 2079 300 78
f 2750 2752 2751
f 2753 2755 2754
f 2756 1460 2757
f 2758 565 2759
f 2760 2762 2761
f 2763 2765 2764
f 2766 1122 1120
f 1386 1146 1147
f 2767 2768 572
f 2769 2771 2770
f 195 2772 2483
f 2773 2775 2774
f 719 2776 718
f 719 2777 2776
f 2778 2172 2779
f 2780 2782 2781
f 2470 2783 2469
f 2784 1085 2785
f 2786 2788 2787
f 2789 2791 2790
f 2792 2794 2793
f 550 2796 2795
f 1789 2798 2797
f 2799 2801 2800
f 2802 2804 2803
f 2805 429 2806
f 2807 2809 2808
f 481 482 2090
f 2810 2812 2811
f 2296 2298 2299
f 2813 712 2814
f 2815 2403 2816
f 2817 1135 2815
f 2818 129 898
f 2819 2821 2820
f 2676 296 2822
f 2060 2824 2823
f 2039 2825 2038
f 1326 624 625
f 1911 842 2826
f 2827 2829 2828
f 427 2831 2830
f 2832 2834 2833
f 1366 2836 2835
f 2837 2839 2838
f 652 2225 651
f 2624 2841 2840
f 2842 2843 1567
f 2844 2846 2845
f 2764 2848 2847
f 2849 2851 2850
f 2852 2854 2853
f 2855 1696 1697
f 2856 2858 2857
f 2859 2861 2860
f 2862 2864 2863
f 832 1149 834
f 2865 2867 2866
f 651 141 2868
f 2869 2871 2870
f 2872 2874 2873
f 654 655 2875
f 2876 2875 1204
f 2877 2879 2878
f 2880 2882 2881
f 2883 950 2884
f 2885 2886 1499
f 2887 2889 2888
f 2890 2892 2891
f 2893 192 2894
f 2895 191 192
f 2896 1238 2320
f 7 2898 2897
f 2899 2105 2900
f 1473 2902 2901
f 2903 2905 2904
f 1304 2907 2906
f 2908 2910 2909
f 1056 1057 2910
f 1219 1220 2911
f 2912 2914 2913
f 2915 2917 2916
f 2918 2919 1708
f 2920 2539 1437
f 2921 2922 1293
f 2923 2925 2924
f 2926 2928 2927
f 2929 2931 2930
f 355 2933 2932
f 2934 2936 2935
f 2937 2939 2938
f 2940 2942 2941
f 2943 2945 2944
f 1146 2946 693
f 2947 2949 2948
f 1490 685 2581
f 2950 2952 2951
f 1248 1249 2953
f 2954 2956 2955
f 2957 2959 2958
f 2960 2961 2288
f 2962 921 2963
f 2964 933 2965
f 2966 1702 2967
f 2968 2970 2969
f 2971 2972 2571
f 2973 2974 442
f 2975 2976 483
f 2977 527 2978
f 2979 2980 1060
f 2981 2147 2982
f 17 2984 2983
f 2312 2985 2670
f 2069 2987 2986
f 173 2989 2988
f 2990 1014 1012
f 19 2991 300
f 2992 2994 2993
f 1034 2995 1036
f 2996 2998 2997
f 2999 3001 3000
f 3002 3004 3003
f 3005 3007 3006
f 3008 3010 3009
f 3011 3013 3012
f 3014 3016 3015
f 2532 3018 3017
f 2532 3019 3018
f 3020 3022 3021
f 314 3023 1814
f 120 121 3024
f 3025 3027 3026
f 265 3029 3028
f 3030 2135 3031
f 2248 3033 3032
f 3034 3036 3035
f 3037 3039 3038
f 3017 3040 993
f 3041 3042 1035
f 3043 3045 3044
f 1717 3046 1719
f 3047 607 1630
f 3048 3050 3049
f 3051 3053 3052
f 3054 3056 3055
f 3057 3059 3058
f 3060 3062 3061
f 3063 3064 2498
f 2187 2188 58
f 3065 3067 3066
f 3068 3070 3069
f 3071 1398 3072
f 3073 3075 3074
f 3076 3078 3077
f 3079 3080 384
f 2277 3081 1979
f 3082 3084 3083
f 1790 1468 3085
f 2326 858 3086
f 3087 3089 3088
f 3090 3091 1077
f 215 3093 3092
f 3094 3096 3095
f 3097 3099 3098
f 3100 3102 3101
f 3103 3105 3104
f 3106 3107 1420
f 3108 708 709
f 3109 3111 3110
f 3112 3113 1487
f 3114 1309 3115
f 3116 3118 3117
f 1560 1561 3119
f 3120 2915 3121
f 3122 2757 3123
f 3124 2610 3125
f 1837 1963 1839
f 3126 3128 3127
f 3129 3131 3130
f 3132 3134 3133
f 3135 617 618
f 3136 3137 1259
f 207 3139 3138
f 3140 3142 3141
f 1924 1925 3143
f 3144 3145 2753
f 3146 3148 3147
f 3146 1758 3149
f 2845 3150 2844
f 906 904 902
f 3151 3153 3152
f 3154 3155 1276
f 3156 34 1637
f 2418 820 3157
f 1358 3158 97
f 3159 3160 317
f 3161 3163 3162
f 3164 3166 3165
f 3167 3169 3168
f 1286 3170 1285
f 3171 3172 1609
f 1512 3174 3173
f 244 3176 3175
f 3177 2955 2956
f 3178 3180 3179
f 3181 3183 3182
f 3184 119 2623
f 1339 3185 1338
f 1339 2897 3185
f 3186 3188 3187
f 3189 3191 3190
f 2713 3193 3192
f 1953 3195 3194
f 3196 3198 3197
f 3199 3201 3200
f 3202 1964 3203
f 3204 3206 3205
f 1689 3208 3207
f 3209 1886 1884
f 3210 3212 3211
f 3213 3215 3214
f 270 122 269
f 3216 861 862
f 2383 3217 409
f 3218 3219 365
f 3220 3222 3221
f 3223 3225 3224
f 3226 3227 757
f 3228 3230 3229
f 3231 3233 3232
f 3234 1761 3235
f 3236 1465 3237
f 3238 1883 3239
f 3240 1974 1764
f 3241 3243 3242
f 3244 3245 566
f 3246 1098 3247
f 3248 3250 3249
f 3251 1554 3252
f 1886 3209 3253
f 3254 3256 3255
f 3257 3259 3258
f 3260 3262 3261
f 3263 1267 1265
f 3264 415 3265
f 3155 3266 1276
f 3267 2820 3268
f 3269 3271 3270
f 3272 3274 3273
f 3275 2331 2329
f 2552 3277 3276
f 3278 3280 3279
f 2914 3282 3281
f 3283 3285 3284
f 2015 3287 3286
f 3288 3290 3289
f 3291 3293 3292
f 3294 1401 1775
f 3295 3297 3296
f 3283 1503 1504
f 3298 3299 1956
f 472 3301 3300
f 1179 3302 1180
f 3303 3305 3304
f 2072 2073 2308
f 3306 3308 3307
f 3309 3311 3310
f 3312 3313 1000
f 3312 3314 3313
f 1328 1993 1583
f 3315 3317 3316
f 3318 2276 3319
f 3320 594 3321
f 3322 3324 3323
f 3196 3258 3325
f 2234 3327 3326
f 3328 3085 1469
f 3329 3330 2782
f 3331 3333 3332
f 3331 208 3333
f 3334 3336 3335
f 3337 3339 3338
f 51 3341 3340
f 3342 3344 3343
f 1806 1807 885
f 3345 3347 3346
f 3348 3350 3349
f 407 1996 3351
f 3352 1734 302
f 3353 3355 3354
f 3356 2317 3357
f 3358 3360 3359
f 2495 3361 3249
f 3362 3364 3363
f 3365 113 111
f 3365 111 3366
f 3367 3369 3368
f 3370 3372 3371
f 321 3373 320
f 3374 3376 3375
f 3183 3378 3377
f 1162 3379 2635
f 842 1911 844
f 3380 3382 3381
f 3383 990 3384
f 1013 3386 3385
f 1181 3388 3387
f 1949 1990 1948
f 3389 3390 262
f 3391 3393 3392
f 3394 3396 3395
f 3397 3399 3398
f 1924 3401 3400
f 478 3403 3402
f 306 3405 3404
f 3406 3408 3407
f 3409 3411 3410
f 139 137 3412
f 3413 176 3414
f 3415 2701 3416
f 2129 1490 803
f 1646 3210 3417
f 3418 1531 3419
f 3420 3422 3421
f 3423 2530 1926
f 1543 3425 3424
f 3426 3428 3427
f 3429 3431 3430
f 3432 3434 3433
f 3435 329 330
f 3436 3197 3198
f 3437 3439 3438
f 3440 3442 3441
f 3443 1574 3444
f 2983 1803 3445
f 3446 3448 3447
f 3449 3451 3450
f 3452 3103 3453
f 3454 3456 3455
f 3457 1755 1144
f 2319 3458 1430
f 3459 3461 3460
f 3462 711 1354
f 3463 3465 3464
f 3466 2843 3467
f 3195 1647 3468
f 3469 3471 3470
f 1045 1046 3472
f 3473 3474 3109
f 3475 3477 3476
f 3478 2138 3479
f 3480 3482 3481
f 3483 3484 242
f 2056 1349 3485
f 3486 3488 3487
f 3385 3386 3489
f 3490 2180 3491
f 3492 2888 2889
f 3493 882 3494
f 3121 3495 1194
f 1176 3497 3496
f 3498 3500 3499
f 3501 3503 3502
f 3501 3504 3503
f 2484 2483 2772
f 3505 3507 3506
f 3508 2354 1778
f 3509 3511 3510
f 3512 3514 3513
f 3515 3516 1373
f 3517 3519 3518
f 3520 3522 3521
f 3523 3525 3524
f 3526 3528 3527
f 3529 3531 3530
f 2661 3532 2660
f 247 3534 3533
f 3535 189 190
f 3536 3537 966
f 3538 3539 2666
f 777 2677 1674
f 3540 3461 3459
f 3541 3543 3542
f 1128 1126 3544
f 3545 3547 3546
f 804 1016 1635
f 2690 3549 3548
f 1553 2376 1552
f 3550 3552 3551
f 3553 3555 3554
f 3556 3558 3557
f 665 3560 3559
f 308 3562 3561
f 3563 1371 1372
f 3564 3566 3565
f 3567 3569 3568
f 3570 3386 3571
f 3572 3574 3573
f 575 3576 3575
f 2416 917 3250
f 3577 3579 3578
f 3580 3581 3579
f 3582 2905 3583
f 3584 3586 3585
f 3587 3589 3588
f 1158 1159 3590
f 3591 3593 3592
f 798 3324 797
f 82 2 504
f 3594 3596 3595
f 2132 2233 2134
f 3597 3599 3598
f 3600 489 3601
f 3602 3603 1912
f 3604 3605 912
f 3606 3607 2397
f 3608 2260 3609
f 769 770 3610
f 2553 3611 3391
f 3612 3614 3613
f 3615 3617 3616
f 3618 3620 3619
f 3621 3623 3622
f 1966 3624 1965
f 3625 1555 3626
f 3627 3342 3628
f 3629 2693 2436
f 3630 3422 3420
f 1334 3631 1336
f 3632 3264 3633
f 3634 3636 3635
f 3637 2852 3638
f 3639 1847 3640
f 3641 3643 3642
f 3644 3646 3645
f 3647 2644 3648
f 3649 3651 3650
f 36 2429 35
f 3652 3654 3653
f 3655 1772 2719
f 3479 986 3656
f 3657 3659 3658
f 3660 3662 3661
f 921 3664 3663
f 3665 3535 3666
f 3667 3669 3668
f 3670 3671 226
f 3672 3673 2497
f 2803 1892 1890
f 538 3675 3674
f 3676 3677 515
f 3678 3680 3679
f 888 2821 2819
f 1777 1775 1585
f 3681 3682 3234
f 3683 1444 3684
f 720 3686 3685
f 3687 1150 1149
f 3688 2632 3689
f 3690 2046 2047
f 3691 1683 3692
f 3693 3694 623
f 3695 200 1403
f 1 3696 3
f 3697 3699 3698
f 3064 3063 3700
f 3701 3703 3702
f 3704 1628 2759
f 1016 1634 1635
f 3705 3449 3706
f 684 1490 2129
f 2129 1934 684
f 3707 1963 1964
f 3708 3266 3709
f 3710 464 3711
f 3392 3393 3712
f 3713 3715 3714
f 3716 3718 3717
f 3719 582 3720
f 3595 1270 3721
f 3722 3724 3723
f 3725 3727 3726
f 3646 273 3645
f 3728 759 2673
f 3729 3731 3730
f 3732 2859 3733
f 2202 870 868
f 3734 3735 3216
f 529 3174 3736
f 3737 3739 3738
f 3740 2142 2143
f 2320 3742 3741
f 3743 443 3744
f 3745 3746 1500
f 1972 1973 3747
f 3748 3750 3749
f 3751 3752 2769
f 3753 3755 3754
f 3756 3036 3757
f 3758 3760 3759
f 3761 3120 3121
f 777 2679 2677
f 3762 3763 3303
f 3764 318 491
f 3348 3765 1561
f 3766 3768 3767
f 557 3770 3769
f 3771 293 291
f 3772 3774 3773
f 2117 3776 3775
f 3777 2525 3778
f 1779 3779 3040
f 1402 1403 3780
f 3781 3026 2878
f 3782 3784 3783
f 3785 3787 3786
f 3788 3790 3789
f 1748 77 720
f 3791 3793 3792
f 575 576 3794
f 3795 3797 3796
f 3798 3799 563
f 3800 3802 3801
f 3803 3804 2041
f 3805 1710 3806
f 3807 2897 2898
f 3808 1757 1755
f 2286 3810 3809
f 3811 3813 3812
f 1515 383 382
f 57 3815 3814
f 2614 3816 1875
f 2054 3817 2056
f 3818 346 347
f 1940 3383 2492
f 3029 541 3819
f 3163 3820 3162
f 3821 3822 1237
f 2995 3776 3823
f 3824 3826 3825
f 3827 3829 3828
f 3830 3832 3831
f 1629 1426 1427
f 3833 3835 3834
f 379 380 3836
f 3837 806 270
f 2752 3839 3838
f 168 1168 167
f 3801 1233 1234
f 3840 2290 3841
f 3842 79 1813
f 3843 3844 1197
f 3845 3847 3846
f 3848 3850 3849
f 3851 3853 3852
f 2000 3855 3854
f 2380 2381 3686
f 3856 3858 3857
f 3859 3861 3860
f 2713 2714 3862
f 2359 3864 3863
f 3865 3867 3866
f 3868 1898 3869
f 273 3870 3645
f 2448 149 2939
f 3871 3873 3872
f 3874 3875 661
f 3876 3878 3877
f 2655 3879 2657
f 3880 3882 3881
f 119 3883 2622
f 3884 3886 3885
f 3887 3889 3888
f 3890 3891 968
f 3892 3210 3893
f 3894 3895 3291
f 3896 3898 3897
f 815 3900 3899
f 3901 3903 3902
f 3904 3906 3905
f 3907 3909 3908
f 3910 3911 81
f 3912 3914 3913
f 3915 3114 3914
f 3916 3918 3917
f 2314 1519 2313
f 3919 3921 3920
f 1757 3923 3922
f 1697 3925 3924
f 3926 3928 3927
f 3929 1016 804
f 3930 3932 3931
f 3933 3935 3934
f 1186 3937 3936
f 1685 3938 64
f 331 332 31
f 3268 2820 3939
f 348 3941 3940
f 3942 3944 3943
f 603 604 3945
f 3946 3948 3947
f 3949 3951 3950
f 3952 3954 3953
f 3955 3957 3956
f 3579 3958 3578
f 3959 3961 3960
f 3962 3964 3963
f 3965 2621 1731
f 3966 3968 3967
f 3969 3970 1165
f 3971 3973 3972
f 3974 2170 3975
f 3976 3977 3681
f 3083 3978 3082
f 3979 3981 3980
f 3982 3984 3983
f 3985 3399 2503
f 1905 1243 3986
f 3987 3989 3988
f 3659 3990 3658
f 3991 3993 3992
f 3994 3996 3995
f 668 3687 1149
f 510 1321 460
f 3997 3999 3998
f 4000 4002 4001
f 3095 4004 4003
f 4005 1824 4006
f 4007 4009 4008
f 2527 4011 4010
f 2528 2529 4011
f 4012 1353 4013
f 4014 4015 1676
f 4016 4018 4017
f 4019 4021 4020
f 4022 2554 3276
f 4023 2339 2197
f 4024 254 3847
f 4025 4027 4026
f 3696 4029 4028
f 1231 4031 4030
f 1531 2007 1533
f 4032 4033 380
f 1851 4034 1853
f 2493 3557 4035
f 4036 4038 4037
f 2562 4039 971
f 4040 4042 4041
f 2241 1110 294
f 4043 2022 1110
f 160 4045 4044
f 4046 4048 4047
f 3843 466 467
f 4049 3099 4050
f 4051 4053 4052
f 668 1149 253
f 4054 2631 864
f 2823 2824 4055
f 4056 3244 566
f 2566 4058 4057
f 4059 4061 4060
f 3196 4063 4062
f 1635 2130 2131
f 4064 251 4065
f 4066 4068 4067
f 4069 4071 4070
f 2008 2009 4072
f 4073 1530 1528
f 1066 4075 4074
f 2247 2248 3032
f 4076 4078 4077
f 4079 3534 4080
f 1988 1989 4081
f 4082 1791 1792
f 21 2080 4083
f 3929 4084 1018
f 3884 4086 4085
f 1622 4088 4087
f 1098 4090 4089
f 274 4092 4091
f 4093 4094 2463
f 4095 4097 4096
f 4098 4099 2716
f 4100 4102 4101
f 4103 4104 2692
f 2451 4106 4105
f 2211 4108 4107
f 4109 4111 4110
f 2083 4113 4112
f 351 1841 1786
f 4114 4116 4115
f 4117 4119 4118
f 3301 3728 2618
f 3896 1754 4120
f 4121 4123 4122
f 2049 4125 4124
f 4126 4127 384
f 4128 133 4129
f 2529 590 4130
f 4131 4132 1595
f 4133 4135 4134
f 4136 4138 4137
f 4139 801 358
f 560 4141 4140
f 4142 4144 4143
f 4145 4147 4146
f 1359 270 806
f 4148 1835 1836
f 2331 4150 4149
f 4151 4153 4152
f 4154 52 4155
f 3692 1683 2678
f 1204 4157 4156
f 4158 2381 4159
f 3550 4160 3552
f 4161 4162 1007
f 4163 286 4164
f 4165 4167 4166
f 4168 311 4169
f 4170 4065 1902
f 4170 4171 4065
f 4172 4174 4173
f 2163 3767 4175
f 696 4176 698
f 2957 4178 4177
f 2957 4179 4178
f 4180 4182 4181
f 1700 4184 4183
f 4185 4186 388
f 3562 4188 4187
f 1219 669 670
f 4189 4190 3225
f 1657 4191 1716
f 4192 4194 4193
f 4195 4197 4196
f 1247 4199 4198
f 4200 4202 4201
f 4203 4205 4204
f 4206 4208 4207
f 920 4206 919
f 4209 4210 3572
f 3149 1612 3148
f 4211 4213 4212
f 4214 4216 4215
f 4217 4219 4218
f 4220 4222 4221
f 475 476 4223
f 3235 4225 4224
f 4226 1855 4227
f 4226 4228 1855
f 972 4229 1456
f 4230 4232 4231
f 4233 3573 3574
f 4234 2106 2104
f 4235 4237 4236
f 1753 4239 4238
f 4240 4242 4241
f 20 4244 4243
f 4245 2387 1507
f 4246 4248 4247
f 1909 1157 4249
f 3288 4251 4250
f 132 4253 4252
f 1747 4255 4254
f 3973 2990 3972
f 4256 4258 4257
f 4259 865 507
f 4260 4262 4261
f 399 4264 4263
f 692 4266 4265
f 4267 4268 1873
f 4269 4271 4270
f 3251 4273 4272
f 4274 4276 4275
f 2280 4278 4277
f 2767 588 2768
f 3624 94 95
f 4279 4052 4280
f 4281 4211 4282
f 1911 1291 844
f 4283 4285 4284
f 4045 160 4286
f 4287 4288 980
f 4289 4291 4290
f 4292 4294 4293
f 4295 4297 4296
f 4298 4300 4299
f 4301 4232 4302
f 2231 2543 714
f 1624 4303 3293
f 4304 4306 4305
f 1819 679 2663
f 1029 1625 1028
f 4307 4309 4308
f 3160 3159 4036
f 4310 4312 4311
f 4313 4314 2787
f 4315 2935 4316
f 4317 3339 4318
f 3706 3450 4319
f 4320 1681 4321
f 1194 4323 4322
f 2425 3497 4324
f 911 3605 4325
f 2818 128 129
f 240 494 1186
f 4326 4327 3669
f 4328 4329 2825
f 4330 4332 4331
f 4333 4334 2353
f 4335 4337 4336
f 4338 4339 2869
f 2129 803 2131
f 2382 4341 4340
f 4342 2763 2764
f 2091 2315 4343
f 4024 3847 3845
f 507 1079 509
f 1758 4344 1942
f 4345 3066 4346
f 4257 4347 4256
f 4348 2849 4349
f 1441 3365 4350
f 4351 1968 1969
f 1470 4352 1472
f 4353 1451 337
f 274 4091 4354
f 2074 4355 2073
f 3493 1678 1677
f 2456 4032 2455
f 4356 4358 4357
f 4359 1755 3457
f 4360 4362 4361
f 4363 2787 4314
f 3194 4364 1953
f 4365 4367 4366
f 334 4369 4368
f 1589 4370 121
f 4371 1793 4145
f 2787 1612 1943
f 4372 4374 4373
f 4375 1856 4374
f 1654 4376 4202
f 4377 4379 4378
f 1421 4380 1420
f 4381 3798 564
f 377 1942 4344
f 4382 4383 523
f 3200 4123 3199
f 4384 4385 2792
f 4386 475 4387
f 138 701 702
f 4388 3327 3517
f 1525 1526 4389
f 2309 4390 3275
f 79 1812 1813
f 4391 4393 4392
f 2660 3532 4394
f 1067 1070 4395
f 410 4397 4396
f 4334 4399 4398
f 4400 4402 4401
f 4403 4405 4404
f 4406 4408 4407
f 4090 4410 4409
f 4411 4413 4412
f 1208 4414 162
f 2238 447 3253
f 4415 4417 4416
f 1635 2654 2130
f 4418 3701 4419
f 4420 4422 4421
f 4423 4425 4424
f 2219 2218 4426
f 4427 2503 4428
f 4429 4431 4430
f 4432 4434 4433
f 3085 1935 1790
f 4435 4436 2501
f 4437 1655 1653
f 4438 4440 4439
f 4441 2883 2884
f 3358 4443 4442
f 3004 4444 2793
f 4445 4447 4446
f 4448 4450 4449
f 109 2592 4451
f 2591 109 1294
f 4452 4453 1452
f 4454 219 220
f 4455 4456 756
f 3993 2830 3478
f 3823 4457 1036
f 4458 2559 4459
f 3063 4460 3700
f 3063 4461 4460
f 4462 4464 4463
f 4465 3207 4466
f 2467 4468 4467
f 4469 3957 3955
f 2890 356 4470
f 941 4471 940
f 1341 4472 1478
f 2182 130 4473
f 4474 3629 2436
f 3677 4476 4475
f 4477 1460 2756
f 4478 4479 1208
f 3304 4481 4480
f 4482 4484 4483
f 4485 4487 4486
f 4488 4489 4386
f 4490 4491 3150
f 1678 2579 4492
f 4493 4495 4494
f 4496 2205 4497
f 2378 4499 4498
f 4500 4502 4501
f 1987 3124 1986
f 4057 4503 2568
f 4504 4506 4505
f 4507 4509 4508
f 4307 1757 3922
f 4510 4302 4310
f 4511 4513 4512
f 4514 31 1071
f 1071 4515 4514
f 4516 4517 1372
f 4517 4518 1372
f 334 2424 336
f 1706 4520 4519
f 2881 4522 4521
f 4372 1516 589
f 4523 4524 952
f 1532 3419 1531
f 4525 1571 4526
f 2142 4527 2141
f 4528 4217 4529
f 4530 37 2216
f 4531 1067 4532
f 1901 4533 2607
f 4534 4536 4535
f 3774 4538 4537
f 1634 4539 1636
f 4540 4542 4541
f 2401 3818 4543
f 1182 4545 4544
f 2989 173 4546
f 916 4547 3900
f 3122 4325 4548
f 4549 2302 2303
f 4550 4439 4551
f 4552 4553 2373
f 2394 3155 2396
f 4554 1052 1050
f 4555 4556 4413
f 4557 3735 3734
f 1877 1878 4558
f 4559 460 4560
f 1554 1555 4561
f 2318 855 4562
f 4563 4564 3527
f 4565 4566 4519
f 4567 4569 4568
f 4570 3240 1764
f 4571 1681 4320
f 1974 1636 4539
f 3419 4572 3418
f 67 68 4572
f 4573 4524 4574
f 4575 4576 4489
f 4577 2742 1910
f 586 587 4578
f 4579 4580 194
f 988 4582 4581
f 4583 4584 262
f 4585 2650 2651
f 2332 4586 3463
f 4587 4589 4588
f 1779 1780 3779
f 493 3067 3065
f 4229 2990 1012
f 3240 4590 3334
f 4482 2478 4484
f 2569 281 279
f 2745 1644 1642
f 4591 4593 4592
f 4228 4594 1855
f 4595 4596 4068
f 1849 1039 1037
f 4597 4599 4598
f 3217 4600 409
f 4601 4603 4602
f 602 603 2210
f 3780 4605 4604
f 4606 476 2613
f 3065 897 493
f 4607 4608 2162
f 4609 3677 4475
f 4610 3046 4611
f 3905 4612 672
f 2585 4614 4613
f 4615 1947 4616
f 1520 4617 1519
f 2216 2217 4530
f 4303 4618 3292
f 4619 4620 2652
f 4621 4622 433
f 1683 202 4623
f 4624 4625 3986
f 4626 3490 3491
f 4627 4628 1707
f 4629 4630 1967
f 4631 2952 4632
f 3221 3788 1191
f 4633 3221 1191
f 4634 1040 4635
f 3314 1122 2766
f 916 4636 4547
f 4637 4638 1411
f 1001 2631 1003
f 4639 899 900
f 4640 4641 2590
f 4642 4644 4643
f 327 2550 4645
f 4646 4648 4647
f 4649 4650 1852
f 4651 4653 4652
f 89 87 4654
f 4223 3273 4655
f 3299 676 4656
f 4657 2903 4658
f 4659 1830 4660
f 1097 1224 1096
f 1883 3238 4661
f 1249 2946 4662
f 4663 4664 2412
f 414 4665 1240
f 4666 3370 4667
f 4668 1432 4004
f 4144 4670 4669
f 4671 4673 4672
f 1279 4013 2367
f 1567 3727 3725
f 1125 1345 2719
f 4674 4676 4675
f 1452 4677 424
f 783 4678 85
f 3237 3690 3236
f 1528 4680 4679
f 4681 682 592
f 4681 681 682
f 2033 2031 4682
f 4683 4685 4684
f 3641 4686 2584
f 4687 766 4688
f 68 69 4689
f 4381 4690 4650
f 3708 3709 2394
f 4308 2173 1756
f 3312 1000 4691
f 4692 4149 336
f 3985 3398 3399
f 3301 2618 3300
f 4693 3054 4694
f 876 874 4695
f 4696 3610 770
f 2717 2349 613
f 4697 953 954
f 1652 4698 4186
f 4699 4701 4700
f 4702 762 763
f 4703 4705 4704
f 2126 4706 1212
f 4707 4708 383
f 4709 4710 3770
f 627 4712 4711
f 3674 4714 4713
f 2923 4716 4715
f 4717 4719 4718
f 4720 4722 4721
f 4723 3321 4724
f 4725 2714 4726
f 4727 1502 4728
f 997 132 4729
f 3344 4731 4730
f 4732 4733 3110
f 4734 4735 3665
f 3345 2191 2192
f 4736 4737 1346
f 1053 4739 4738
f 4740 4742 4741
f 4743 2513 4744
f 4745 2116 2117
f 1185 3792 389
f 1189 4747 4746
f 4748 4750 4749
f 3201 4748 4749
f 4751 1167 1166
f 4752 4754 4753
f 4755 4757 4756
f 1986 4759 4758
f 4760 2752 379
f 4761 4486 4762
f 4763 4765 4764
f 4766 4768 4767
f 4769 3004 3002
f 4770 4772 4771
f 4773 2698 4774
f 1307 4776 4775
f 4777 4779 4778
f 4780 4782 4781
f 1311 4784 4783
f 728 4785 1342
f 4786 4787 2514
f 3384 990 991
f 4788 4790 4789
f 4791 4793 4792
f 808 4795 4794
f 2513 4743 4796
f 849 4798 4797
f 4555 4800 4799
f 4801 4803 4802
f 4804 3411 3409
f 4805 4807 4806
f 4808 3745 1500
f 4263 3145 3144
f 4762 4809 4761
f 4762 4810 4809
f 3962 4811 3964
f 2536 2537 4812
f 4813 2980 4814
f 2241 4043 1110
f 1231 957 1230
f 4228 421 422
f 1002 4816 4815
f 1946 4817 1945
f 4818 4817 4819
f 1923 4820 1381
f 4821 4823 4822
f 4824 4826 4825
f 911 912 3605
f 4827 4829 4828
f 4830 4832 4831
f 1512 1513 4833
f 4834 4836 4835
f 3764 1419 3107
f 4837 1893 1894
f 4838 4840 4839
f 4841 1680 1681
f 2997 4842 4106
f 4843 4845 4844
f 4846 4847 2405
f 2566 4849 4848
f 4850 816 4851
f 3183 4853 4852
f 4854 4856 4855
f 4857 4859 4858
f 3749 3750 4391
f 4678 4268 4267
f 3407 4861 4860
f 4862 1617 1615
f 4863 4865 4864
f 4866 331 4867
f 1527 3420 4868
f 4869 2282 4870
f 4871 4872 2041
f 4873 4874 2712
f 3868 4876 4875
f 4877 2176 4878
f 4879 3556 146
f 4880 4882 4881
f 4883 1976 1977
f 1977 4884 4883
f 4885 4887 4886
f 4888 1532 4889
f 4890 4892 4891
f 3440 3441 4893
f 4095 3065 3066
f 909 1220 908
f 4894 4895 3683
f 701 4896 700
f 4897 4899 4898
f 4900 4902 4901
f 4903 2435 4902
f 1039 4904 1038
f 1834 4906 4905
f 4708 4907 4269
f 4908 4909 4059
f 666 4910 665
f 4911 4913 4912
f 4914 4915 4383
f 1600 1184 1674
f 712 1354 711
f 4677 4917 4916
f 447 448 4918
f 1682 4919 202
f 2052 4920 1411
f 4921 4852 4922
f 4923 4925 4924
f 4926 2928 2926
f 4927 4929 4928
f 4930 4932 4931
f 1489 1487 3113
f 4933 3660 3661
f 4934 4935 3354
f 4936 2666 3539
f 4937 4939 4938
f 2325 2323 2707
f 958 2587 4940
f 238 446 2555
f 238 4941 446
f 4942 4944 4943
f 2130 1934 2129
f 2851 4945 1972
f 4946 4948 4947
f 916 2416 2417
f 3219 4949 3496
f 4950 4952 4951
f 4183 3198 3325
f 4183 3325 3259
f 4953 4955 4954
f 4956 290 4834
f 3930 4957 4155
f 4958 266 4959
f 4960 4071 2665
f 565 566 4961
f 4962 4964 4963
f 764 1155 763
f 4965 3377 3378
f 4966 4967 3719
f 4968 4970 4969
f 4968 4971 4970
f 4565 4519 4972
f 4973 164 4974
f 4975 4099 4976
f 748 4977 2917
f 3972 2990 4229
f 4978 162 163
f 3855 4979 3854
f 4980 4982 4981
f 4983 3934 4984
f 1249 1250 2946
f 4985 3354 4986
f 2898 7 4987
f 4988 4990 4989
f 4991 4993 4992
f 4994 4996 4995
f 4997 4999 4998
f 30 5000 4337
f 2785 4793 4791
f 5001 5003 5002
f 4918 5004 447
f 4198 3754 5005
f 1809 5007 5006
f 898 896 5008
f 123 5010 5009
f 5009 5011 123
f 5012 5013 3610
f 2676 2822 5014
f 5015 5017 5016
f 2222 5018 259
f 301 1734 5019
f 950 2883 949
f 402 5021 5020
f 5022 5024 5023
f 5025 3768 5026
f 3693 623 624
f 527 2977 526
f 3239 1882 3118
f 624 5028 5027
f 5029 1367 1365
f 5030 5032 5031
f 1521 536 1520
f 2034 5033 2036
f 5034 5035 1587
f 5036 390 5037
f 575 3997 574
f 5038 1766 1767
f 3494 882 880
f 5039 3924 5040
f 5041 5042 4333
f 5043 5045 5044
f 5046 2404 5047
f 5048 4479 2264
f 3083 3975 3978
f 5048 3375 2564
f 996 5049 4487
f 150 2400 5050
f 5051 5052 626
f 4322 5053 4559
f 5054 5056 5055
f 5057 5058 4118
f 5059 1592 5060
f 3864 2109 5061
f 3156 1811 36
f 4437 1653 5062
f 1953 1647 3195
f 3323 798 796
f 3548 2597 2690
f 4635 5064 5063
f 4932 5066 5065
f 5067 5069 5068
f 5070 5071 1361
f 5072 4619 5073
f 4098 5074 4099
f 618 5076 5075
f 738 5078 5077
f 3412 5079 139
f 5080 1672 1673
f 5081 5083 5082
f 822 5085 5084
f 520 5087 5086
f 3540 5088 810
f 1833 5089 2178
f 3571 5090 3570
f 2507 2494 2508
f 2507 683 2494
f 2560 2561 5091
f 4718 5092 4717
f 20 4083 5093
f 2616 5095 5094
f 4080 5097 5096
f 5098 5100 5099
f 1917 2203 1916
f 1725 1723 2518
f 1482 5101 1481
f 5102 5104 5103
f 5105 5107 5106
f 5108 1041 1042
f 1814 1010 5109
f 5110 5111 1200
f 5112 5114 5113
f 5115 5117 5116
f 5118 620 1091
f 711 131 3072
f 711 133 131
f 5119 2952 4631
f 5120 5122 5121
f 3608 5123 2260
f 5124 5126 5125
f 5127 5128 1887
f 5127 1887 4338
f 5129 5130 445
f 3368 5131 4990
f 2816 5133 5132
f 1288 5134 2700
f 5135 5137 5136
f 5138 5140 5139
f 1537 5142 5141
f 5143 5144 3043
f 914 2068 5145
f 5146 5148 5147
f 1343 727 725
f 5149 4014 5150
f 204 5151 1601
f 3649 3650 392
f 4450 5152 5033
f 5153 5155 5154
f 5156 5157 2960
f 5158 45 5159
f 5160 5162 5161
f 5160 5163 5162
f 3632 5164 1099
f 5165 5167 5166
f 3250 3248 2415
f 4377 462 5168
f 4891 5170 5169
f 1701 3141 2503
f 1416 4099 4975
f 1164 4887 5171
f 5172 1888 2082
f 5173 5175 5174
f 5176 4805 5177
f 5178 5180 5179
f 1471 1522 1470
f 2640 5182 5181
f 1206 5184 5183
f 5185 3838 3839
f 5186 5188 5187
f 1173 1174 5189
f 1790 764 762
f 5190 5191 3357
f 5192 508 5193
f 5194 2575 2576
f 4056 4267 3244
f 3695 5195 205
f 5196 5197 1153
f 5198 5199 3750
f 725 1284 1285
f 4095 5200 4097
f 4883 886 887
f 5201 5203 5202
f 5204 5205 2575
f 5206 5207 3041
f 5208 5210 5209
f 4197 2308 4355
f 2457 3617 4664
f 224 1908 1354
f 4139 359 5211
f 5212 5214 5213
f 5215 5217 5216
f 5218 5219 1801
f 1218 5221 5220
f 4982 5223 5222
f 5224 5226 5225
f 5227 1848 1849
f 3195 5228 1581
f 4010 5229 2802
f 5230 5232 5231
f 5233 5235 5234
f 4493 4494 5236
f 5237 3738 5238
f 4031 1229 5239
f 1537 5141 3492
f 5240 2685 2683
f 5241 5242 1930
f 5243 5245 5244
f 3449 5246 3451
f 4739 5247 4738
f 5248 2639 5249
f 5250 5251 486
f 2115 533 3776
f 5252 5253 2886
f 2697 2695 5254
f 4457 405 5207
f 5255 5256 4457
f 5257 5259 5258
f 2235 2236 5260
f 5261 5262 3073
f 4431 3020 5263
f 5264 5266 5265
f 5267 2003 5268
f 5269 5271 5270
f 5272 5274 5273
f 3093 5275 3092
f 1197 466 3843
f 706 707 5276
f 4433 1295 5277
f 5278 5280 5279
f 5281 996 5282
f 5283 5284 3294
f 5285 2964 2965
f 2426 3496 3497
f 5286 2484 2772
f 5287 5288 1607
f 323 324 5289
f 5290 322 323
f 5291 5292 2595
f 734 5005 5293
f 268 539 4661
f 1345 3655 2719
f 5294 4991 1138
f 1243 1906 2619
f 2626 335 4150
f 5295 5297 5296
f 1945 5298 3873
f 5299 4643 5300
f 1771 889 890
f 5301 5303 5302
f 4735 5305 5304
f 2874 5307 5306
f 5308 5310 5309
f 5311 4581 5312
f 5313 4548 4325
f 5314 5316 5315
f 425 426 5317
f 5157 635 636
f 5318 4309 4307
f 2054 5320 5319
f 5321 4874 3172
f 5322 5324 5323
f 2025 2023 5325
f 2400 150 151
f 5326 1455 1453
f 2361 3392 5327
f 4961 1218 1216
f 2508 3249 3250
f 5328 5330 5329
f 5331 698 5332
f 5333 5334 2104
f 5333 5335 5334
f 5336 5338 5337
f 4195 5340 5339
f 5341 3453 582
f 5342 5344 5343
f 4112 5346 5345
f 5347 5349 5348
f 5350 1356 1357
f 5351 5353 5352
f 5354 5355 4650
f 1339 7 2897
f 4540 4541 5356
f 3436 4184 5357
f 5358 5360 5359
f 2648 2649 5361
f 2490 5362 5296
f 5363 3196 4062
f 5364 5365 1452
f 4590 5367 5366
f 4868 5368 1541
f 5369 1796 5370
f 1698 1699 2486
f 5371 5372 3094
f 5373 1920 5374
f 4469 5375 2520
f 3816 5377 5376
f 5378 5380 5379
f 5381 1803 1804
f 2592 4666 4451
f 3390 3389 2194
f 5382 824 5383
f 3232 5385 5384
f 5386 1829 1830
f 2563 2613 2562
f 5387 5389 5388
f 3297 5390 3296
f 4806 4807 2189
f 85 87 84
f 5391 5392 4790
f 5393 5395 5394
f 2845 5396 4705
f 5397 1394 3791
f 5398 5399 2306
f 5400 5401 2293
f 1420 4380 5402
f 3893 855 5403
f 2942 2940 4358
f 2039 2037 2707
f 1132 4537 4538
f 5404 5406 5405
f 5404 5407 5406
f 344 4833 5408
f 5409 5410 1601
f 5411 4571 4320
f 5412 1015 278
f 5413 5415 5414
f 5416 4086 3884
f 726 5417 1284
f 20 4243 19
f 5418 5419 3177
f 5420 912 480
f 5421 1004 4212
f 2745 4699 4700
f 83 82 5422
f 5423 5425 5424
f 5426 5428 5427
f 2935 5430 5429
f 5431 5432 2066
f 2066 5432 5433
f 5434 5432 3669
f 5435 5437 5436
f 348 3813 347
f 3603 5438 1914
f 5439 5441 5440
f 5442 5443 426
f 2619 1906 5444
f 2079 78 5445
f 2563 5446 2612
f 3122 3123 3403
f 525 722 2464
f 1730 2067 2068
f 3799 5187 563
f 482 5447 2090
f 5448 5450 5449
f 4169 311 5451
f 5452 4615 5453
f 2590 1350 4640
f 2013 5455 5454
f 5456 4074 5457
f 5458 5460 5459
f 4638 5461 787
f 5462 5464 5463
f 5465 5467 5466
f 4591 1156 5195
f 9 2843 8
f 1983 1984 5228
f 267 265 3028
f 3798 563 564
f 414 5469 5468
f 2868 141 4896
f 4662 56 1249
f 937 938 5470
f 1491 5472 5471
f 5473 5475 5474
f 5476 5478 5477
f 5479 3781 5480
f 4217 5481 4529
f 5482 5484 5483
f 2598 5486 5485
f 5487 5489 5488
f 3915 5490 5456
f 5405 5491 4776
f 4678 5492 87
f 5493 1980 5494
f 2548 2547 5495
f 391 5496 4027
f 5497 5499 5498
f 2177 2178 5500
f 909 5502 5501
f 5503 5504 5385
f 5252 2886 5505
f 1866 5507 5506
f 5508 2914 3281
f 5147 2573 2574
f 4674 5509 4676
f 5510 5512 5511
f 5513 5514 38
f 5515 5516 1735
f 4333 5517 5041
f 5518 2991 19
f 292 293 5519
f 4390 2331 3275
f 5520 4427 4428
f 1977 818 4850
f 3640 5522 5521
f 5523 5525 5524
f 4181 3642 4180
f 2443 5526 812
f 2824 2060 2061
f 464 3714 5527
f 4702 4592 5389
f 3285 5528 3284
f 3285 5529 5528
f 3235 5531 5530
f 2867 5533 5532
f 1538 5535 5534
f 1538 5536 5535
f 2326 857 858
f 5537 2957 4645
f 5538 3211 3834
f 1137 4991 4992
f 5539 5540 4137
f 5541 5542 5104
f 5543 4023 1202
f 3363 3364 5525
f 5544 4126 556
f 5544 5545 4126
f 5546 5548 5547
f 3467 5549 3466
f 5372 5551 5550
f 1857 5552 1856
f 5553 1880 1881
f 5554 5555 4939
f 5554 5556 5555
f 5557 5558 1827
f 5559 4909 5560
f 3620 5561 1147
f 5562 5564 5563
f 2331 4390 4150
f 1780 1778 718
f 5565 3927 3928
f 5566 5568 5567
f 5569 5571 5570
f 1617 4144 4142
f 5572 434 435
f 5573 434 5572
f 5574 4413 4556
f 5575 5282 5043
f 5576 2773 5577
f 592 682 591
f 5578 1629 352
f 5579 5273 5274
f 5580 5581 2251
f 3600 3601 5582
f 5583 391 392
f 909 3384 991
f 5584 5585 5304
f 5586 5587 1268
f 5588 5463 1585
f 2137 2135 3030
f 5589 5591 5590
f 3580 5592 3581
f 1842 5594 5593
f 1185 387 5397
f 5595 5597 5596
f 5598 5600 5599
f 4362 5601 5082
f 5602 3643 3641
f 5603 4912 3878
f 1297 1295 1686
f 5604 5605 2133
f 5606 1303 5607
f 211 2796 210
f 5608 631 5563
f 1342 5609 1341
f 5610 5611 5159
f 4251 5613 5612
f 2462 3983 3984
f 3302 2237 5614
f 5615 3861 3859
f 5616 1100 5617
f 5618 5619 1030
f 5620 5621 2648
f 907 5623 5622
f 5458 5625 5624
f 5626 5628 5627
f 5629 3284 5630
f 5026 5632 5631
f 5633 3605 5634
f 5635 5637 5636
f 5638 5640 5639
f 5641 3238 5642
f 3661 2797 1677
f 5643 5644 4285
f 5645 5647 5646
f 5648 5077 5078
f 1023 95 93
f 4989 5406 4988
f 4885 4886 5649
f 5650 5652 5651
f 5653 5654 3319
f 5655 5656 428
f 5657 2600 5658
f 5657 5659 2600
f 4938 5660 397
f 3205 3206 5661
f 5662 5663 1177
f 39 5664 774
f 5665 3876 5666
f 2578 1033 2107
f 3029 265 964
f 3214 891 889
f 4115 2458 2459
f 5667 628 5668
f 3089 3059 3088
f 5669 2974 2973
f 3268 5670 3267
f 3267 2900 2820
f 5671 5673 5672
f 3742 5675 5674
f 5676 4752 4091
f 4543 3818 347
f 5677 5679 5678
f 5677 5681 5680
f 5682 1785 5683
f 28 5685 5684
f 5686 3528 1431
f 146 147 4879
f 1642 3402 2746
f 4124 5688 5687
f 4640 1350 1348
f 5689 3303 5690
f 3725 3467 2842
f 5691 5693 5692
f 5694 5695 5693
f 5696 5697 1865
f 3063 5698 4461
f 5699 5701 5700
f 843 1290 5702
f 5703 5704 2256
f 5705 3583 5706
f 5707 5664 776
f 5462 313 4517
f 1499 760 2885
f 5708 5710 5709
f 5711 261 5712
f 503 4098 2716
f 3044 5714 5713
f 1968 5716 5715
f 3397 5717 3399
f 3681 3234 4224
f 4637 1411 4920
f 3001 1656 4201
f 5718 552 5719
f 1033 1031 228
f 5720 699 1124
f 5721 5723 5722
f 5724 5327 3392
f 4618 4303 5725
f 4824 2335 5726
f 191 4241 5183
f 1274 1275 5727
f 147 5728 4879
f 5729 5731 5730
f 281 5732 2109
f 5733 5335 5734
f 4185 5735 1651
f 5736 5738 5737
f 1982 5740 5739
f 5741 5743 5742
f 5744 5746 5745
f 1401 217 1775
f 2221 5748 5747
f 5089 5749 2178
f 5750 5752 5751
f 5753 5755 5754
f 2252 3943 5756
f 70 5758 5757
f 5759 5761 5760
f 5762 5764 5763
f 5765 611 612
f 2813 1355 712
f 4761 4485 4486
f 2869 5767 5766
f 5247 5769 5768
f 2594 1522 623
f 2580 3494 880
f 5770 827 792
f 5771 5773 5772
f 157 5775 5774
f 5228 2007 1580
f 1655 4342 2764
f 1655 4437 4342
f 982 3341 5776
f 4966 372 370
f 783 2656 4268
f 5777 5779 5778
f 5780 1510 5781
f 3110 5269 5270
f 295 2929 294
f 5782 5783 1684
f 5784 5786 5785
f 5787 5789 5788
f 5790 112 5791
f 5790 5792 112
f 5793 3408 3406
f 5793 5794 3408
f 5795 5797 5796
f 5798 5800 5799
f 5801 5014 5802
f 5803 5805 5804
f 2151 5806 3932
f 5807 5809 5808
f 967 968 18
f 2756 4962 4477
f 5810 5812 5811
f 2559 5813 2561
f 498 2229 5814
f 4597 2440 5815
f 5494 5817 5816
f 2127 4706 2126
f 5018 525 4093
f 5818 5820 5819
f 5821 5823 5822
f 5824 2578 2107
f 5825 5827 5826
f 1842 5593 5828
f 5829 5831 5830
f 4207 4208 5832
f 659 750 5833
f 659 52 750
f 5834 1565 5793
f 5835 4532 4395
f 5836 3565 3566
f 1854 1437 2539
f 5837 5839 5838
f 5840 2001 5841
f 3980 2453 3979
f 5842 2967 1703
f 5843 3434 5844
f 5845 5847 5846
f 376 377 5848
f 5849 5850 4595
f 5085 368 5084
f 5851 5853 5852
f 1202 2089 5543
f 4878 4458 5854
f 2182 5855 4167
f 3189 3190 5856
f 735 5103 5104
f 5857 5859 5858
f 5860 5862 5861
f 5427 632 5426
f 5863 5642 5864
f 784 5865 783
f 5866 5867 5315
f 390 391 5868
f 5868 4025 390
f 2126 5869 5481
f 5870 5871 1750
f 3965 850 5872
f 1202 1203 2089
f 5873 5874 3717
f 1472 4352 2737
f 3933 4983 5009
f 5875 5877 5876
f 5878 5880 5879
f 1370 5881 1369
f 3565 1219 2911
f 4678 783 4268
f 1351 680 4013
f 3746 5883 5882
f 3932 3930 2152
f 5884 5885 2321
f 5886 1474 5887
f 3551 5888 3550
f 2591 1294 1292
f 5089 1832 5889
f 3180 2902 1474
f 3319 2276 2268
f 5890 5892 5891
f 5893 5894 5353
f 5895 5896 5849
f 2159 4174 4172
f 1550 2363 1549
f 348 5897 4244
f 2686 5899 5898
f 5900 5902 5901
f 5903 4017 4134
f 5904 5906 5905
f 5907 3103 5908
f 4866 767 5909
f 5910 752 4154
f 5911 2123 934
f 3125 5913 5912
f 2522 5915 5914
f 1642 1643 478
f 5916 2643 3856
f 3783 2162 4175
f 5917 5918 5528
f 2384 4194 5919
f 836 4325 835
f 5920 5922 5921
f 5923 5925 5924
f 3358 5926 3360
f 5927 5929 5928
f 5930 1881 5931
f 1524 1326 1327
f 3286 5814 5932
f 5933 5932 940
f 5934 5936 5935
f 5937 5939 5938
f 2007 1531 3418
f 5640 5940 1707
f 1779 5941 3508
f 98 2395 2396
f 5942 4180 3642
f 5943 5944 1698
f 2213 3626 5945
f 607 1629 1630
f 3529 5947 5946
f 5948 5949 5914
f 5950 789 5951
f 84 88 5852
f 5400 2293 2291
f 5952 5954 5953
f 5955 3466 5956
f 5957 4564 5958
f 5959 5961 5960
f 5962 5963 1959
f 5962 5964 5963
f 3164 3165 662
f 804 2131 803
f 5965 5966 5218
f 5967 5966 5965
f 5968 5454 5455
f 1136 214 5856
f 1965 3624 95
f 3942 5969 2253
f 3803 5971 5970
f 5972 5974 5973
f 5975 5977 5976
f 5978 4071 4069
f 5168 3483 4377
f 5979 5980 4994
f 3110 4733 5269
f 5981 4925 4923
f 5982 5984 5983
f 5065 4931 4932
f 5985 5986 3436
f 5987 3191 3189
f 2580 880 5988
f 5989 5990 4825
f 1341 1478 5991
f 5992 5994 5993
f 5995 5997 5996
f 5998 1305 1442
f 5999 4911 227
f 2084 6000 650
f 1758 1942 3149
f 5549 3467 6001
f 5062 6003 6002
f 4609 6004 3498
f 4119 4362 5057
f 3168 6006 6005
f 6007 3793 1872
f 2665 4071 6008
f 3794 688 3602
f 1596 1413 6009
f 3767 4722 3766
f 6010 6012 6011
f 6013 6015 6014
f 3813 3811 347
f 6016 6018 6017
f 5381 3445 1803
f 6019 4038 6020
f 6021 3057 6022
f 4032 2639 4033
f 6023 4447 4445
f 6024 6025 4527
f 5110 1905 5111
f 6026 6028 6027
f 6026 6029 6028
f 2708 6031 6030
f 1478 3654 1480
f 246 5838 6032
f 5966 736 6033
f 6034 6035 1454
f 5813 4458 2174
f 6036 6037 5217
f 2525 4727 2524
f 6038 6039 3143
f 5066 6040 5065
f 1189 1188 3936
f 5402 6042 6041
f 6043 488 5251
f 4754 4752 6044
f 6045 4018 4016
f 6046 1911 6047
f 6048 6050 6049
f 6051 5020 6052
f 468 1766 6053
f 6054 6056 6055
f 4196 4355 6057
f 597 598 6058
f 6059 4400 6060
f 6061 2654 2653
f 6062 6064 6063
f 2238 2239 2555
f 696 6065 4176
f 1067 1068 1070
f 6066 6067 1844
f 6068 1313 4701
f 939 6069 941
f 6070 4522 1714
f 5318 4307 3922
f 2894 6071 2893
f 715 2232 714
f 4639 5486 6072
f 1400 1399 6073
f 6074 6075 4513
f 6076 6078 6077
f 2132 5917 2233
f 6079 3261 3359
f 5132 6016 6017
f 6080 4217 4218
f 1564 1475 1473
f 573 4405 6081
f 6082 6083 4399
f 2417 3617 6084
f 6085 6087 6086
f 6088 6090 6089
f 1800 2059 2057
f 6091 5675 3742
f 743 6093 6092
f 231 820 2418
f 3245 5221 566
f 2910 2365 6094
f 6095 6097 6096
f 6098 6100 6099
f 5619 6101 1029
f 3473 3109 5270
f 2434 4903 2048
f 4981 6103 6102
f 6104 3147 1613
f 6105 4716 6106
f 6107 4259 507
f 6108 6109 4258
f 6110 1548 1549
f 2751 4401 6111
f 4067 6113 6112
f 6114 6115 1176
f 6116 1436 4145
f 6117 5287 1608
f 5005 47 1246
f 851 6118 853
f 5958 289 6119
f 6120 4408 2032
f 4112 6121 2541
f 6122 5865 784
f 2703 2701 2702
f 2621 6123 2620
f 2818 1313 1314
f 1367 6124 1366
f 6125 5641 5642
f 6126 485 483
f 1113 1338 6127
f 4932 3260 6128
f 3835 856 854
f 6129 6130 6037
f 6131 6133 6132
f 5470 938 6134
f 6135 3444 1574
f 6136 6138 6137
f 702 6139 137
f 4681 6141 6140
f 5508 3281 6142
f 6143 1913 6144
f 2130 6146 6145
f 2543 6147 1583
f 6148 3223 3224
f 4417 5576 6149
f 4718 6150 1517
f 2497 3673 6151
f 6152 2290 6153
f 6154 6156 6155
f 6157 5151 6158
f 6159 1252 6160
f 5283 3294 6161
f 5205 6162 2575
f 6163 6165 6164
f 6166 6168 6167
f 699 5286 2772
f 6169 6171 6170
f 53 54 2152
f 1903 4170 6172
f 2432 2430 2554
f 2623 1838 1839
f 6173 6174 628
f 254 908 1220
f 6175 6177 6176
f 1199 6179 6178
f 1396 3072 1398
f 6061 6146 2654
f 1182 3756 5302
f 2195 6180 4632
f 2851 6181 2850
f 6182 6184 6183
f 6185 6187 6186
f 6188 6190 6189
f 2975 484 6005
f 5913 1496 1494
f 2091 2314 2315
f 3788 3221 3222
f 6191 6193 6192
f 5183 1205 1206
f 3094 6194 3096
f 939 2230 2228
f 2741 2739 6195
f 5543 2339 4023
f 6196 4404 2981
f 6197 4244 20
f 6198 6200 6199
f 4891 6202 6201
f 3281 6204 6203
f 2908 2909 321
f 2843 4987 8
f 6205 6206 1444
f 5475 3138 3139
f 6207 2208 1256
f 3195 3468 1983
f 3604 1886 6208
f 1448 6210 6209
f 6211 6213 6212
f 5667 5668 4618
f 1329 6215 6214
f 1522 1523 1327
f 4421 4260 4261
f 4476 6216 4475
f 465 6217 3711
f 6218 5747 3323
f 2361 978 979
f 6219 3703 6220
f 6221 3559 3560
f 2415 3248 1709
f 6222 6198 6223
f 3576 1912 6143
f 4200 6002 6003
f 6224 3008 1274
f 6225 6134 3967
f 6226 6228 6227
f 2380 6229 2450
f 2270 3974 3975
f 5587 5559 6230
f 6231 4393 6232
f 6233 4431 6234
f 6235 6237 6236
f 6238 2464 2463
f 4629 6239 1446
f 502 503 4504
f 5645 6241 6240
f 6242 6244 6243
f 2965 6246 6245
f 2397 3607 2399
f 4314 6247 4216
f 1658 1656 3001
f 6248 3734 6249
f 2722 6250 1973
f 6251 5544 556
f 6252 6254 6253
f 6255 6256 6253
f 1682 3691 6257
f 6258 6259 1864
f 6260 6261 3801
f 39 6262 4812
f 6263 6265 6264
f 6266 6268 6267
f 656 6269 1216
f 6270 2742 2743
f 4076 6271 5779
f 6272 6274 6273
f 302 6275 3570
f 6276 6278 6277
f 3116 3117 1080
f 3747 6250 6279
f 2208 6207 6279
f 6280 366 364
f 2233 5917 1196
f 4732 3111 6281
f 6282 930 6283
f 230 3179 5886
f 6284 6286 6285
f 6287 3542 3543
f 1186 1188 1187
f 6288 6289 1843
f 6290 394 3921
f 5534 6291 5142
f 5534 6292 6291
f 4724 3321 6293
f 6294 4641 5921
f 4609 4475 6004
f 6295 5282 5575
f 4380 3145 6296
f 2020 6297 2791
f 1161 2635 6298
f 1508 6299 5781
f 6299 6301 6300
f 32 331 31
f 6302 6304 6303
f 5560 4909 4908
f 6305 1593 6306
f 6307 6309 6308
f 6310 6311 3435
f 2059 5218 6033
f 2059 5219 5218
f 3169 5668 628
f 5403 855 2318
f 6312 6314 6313
f 1913 6315 6144
f 3507 6317 6316
f 5643 6318 5644
f 3625 6320 6319
f 1503 6321 3708
f 3414 6322 3413
f 4964 4962 2756
f 6323 5633 6324
f 6323 835 5633
f 3057 6325 3088
f 3657 3919 3920
f 3430 5846 3429
f 3276 3277 6326
f 5841 6327 4247
f 1396 1397 713
f 4544 3036 3756
f 5770 641 2807
f 3497 6115 4324
f 3497 1176 6115
f 2534 2532 993
f 1905 3986 5661
f 3513 6328 4028
f 6329 3648 2351
f 6330 6331 3810
f 5044 6333 6332
f 6334 2515 6335
f 6336 1273 6337
f 3829 439 6338
f 6339 1631 6340
f 6341 6343 6342
f 416 3265 415
f 6344 6345 1203
f 752 52 4154
f 386 6346 385
f 1976 4883 6347
f 4844 6349 6348
f 3659 5056 5054
f 2127 6350 4706
f 2436 1413 4474
f 6351 6353 6352
f 6300 5693 5695
f 3367 4990 6354
f 4252 6355 4729
f 2195 6356 6180
f 2175 2176 3874
f 6164 3516 1144
f 6357 2850 1114
f 6357 2849 2850
f 6358 3999 3575
f 694 2581 685
f 2267 3329 3263
f 5329 6359 5328
f 140 5598 6360
f 6361 5336 6362
f 6363 6364 4073
f 3439 6365 3438
f 4414 161 162
f 6366 3836 380
f 1983 49 50
f 3732 6179 6367
f 6368 221 6334
f 4569 6369 2476
f 5040 6370 5600
f 6371 6373 6372
f 3794 1912 3576
f 3794 3602 1912
f 5423 2880 4823
f 6374 5566 5567
f 1856 4375 4227
f 6375 6376 6215
f 6377 2445 2446
f 6378 6380 6379
f 5522 1845 6381
f 6382 5422 504
f 6383 6385 6384
f 4235 3482 168
f 5376 6386 5220
f 1417 1418 6387
f 3925 5040 3924
f 4501 6388 4500
f 3675 536 6389
f 6390 1104 1105
f 752 5910 751
f 6391 6393 6392
f 6394 6396 6395
f 85 86 784
f 6397 1277 6398
f 6399 6401 6400
f 6402 6404 6403
f 6405 3016 4081
f 6406 5278 5279
f 5577 2773 2774
f 6287 6408 6407
f 6272 6287 6407
f 1715 4191 6409
f 4244 3941 348
f 6410 4180 5942
f 827 219 792
f 4075 2220 5747
f 5636 6412 6411
f 701 6413 2868
f 701 5346 6413
f 2544 1584 5464
f 6414 3702 6415
f 1924 6416 845
f 1385 55 1386
f 6417 2217 2219
f 6418 6419 506
f 6420 6421 1269
f 6422 6424 6423
f 2846 6425 3751
f 6426 6428 6427
f 2981 4405 573
f 6429 4477 4962
f 2858 6430 2857
f 2858 6431 6430
f 4559 6433 6432
f 4850 4851 4884
f 3980 6434 2453
f 6435 2311 5728
f 4885 2852 3637
f 5748 6436 5747
f 6437 6438 3112
f 3676 6439 1449
f 6440 4805 2933
f 6208 6441 371
f 4762 5049 5281
f 4762 4486 5049
f 940 5932 2230
f 4941 239 6442
f 6443 5279 5210
f 6444 6446 6445
f 6447 1210 1211
f 582 3719 581
f 4809 5876 6448
f 5447 2339 5543
f 4999 6450 6449
f 3971 3972 6451
f 5710 962 6452
f 3616 1707 5940
f 1761 1762 6453
f 6454 6456 6455
f 3322 3323 6457
f 6458 2855 1697
f 204 205 5195
f 6459 3580 6460
f 6461 5951 790
f 6462 6464 6463
f 6462 6465 6464
f 3453 3103 6466
f 4731 6468 6467
f 6469 6471 6470
f 3342 3343 6472
f 6473 4141 6474
f 6475 6476 2333
f 187 185 5698
f 3839 656 657
f 1115 6477 1117
f 6478 6480 6479
f 1241 5284 5283
f 3384 909 5501
f 5136 6482 6481
f 5617 5234 5235
f 1626 3673 1625
f 6483 6485 6484
f 6486 6487 1235
f 1396 711 3072
f 6488 6490 6489
f 6491 6492 5059
f 5823 5821 6493
f 6494 6496 6495
f 4348 6357 6497
f 5851 6134 6225
f 2352 3648 2645
f 1179 2237 3302
f 6498 6500 6499
f 670 668 253
f 5087 520 521
f 6145 6501 5300
f 6502 1557 4952
f 2061 2062 6069
f 6503 2211 3423
f 6504 2662 2660
f 3068 6505 3070
f 4931 5065 6506
f 386 6209 3651
f 6507 6509 6508
f 140 6510 5598
f 2820 2105 2819
f 1120 1121 4904
f 3891 18 968
f 3411 6511 1880
f 6512 1578 6513
f 6514 2003 2001
f 385 6515 3079
f 4384 2793 6338
f 3488 6449 6516
f 6517 3582 6518
f 5797 1997 1998
f 3327 6519 3517
f 2472 2473 3639
f 4779 4777 6520
f 5431 2064 6521
f 5013 6522 5101
f 6523 5208 6524
f 6525 6527 6526
f 6528 6529 3902
f 6530 6532 6531
f 5731 6534 6533
f 2588 4940 2587
f 6535 4293 6536
f 3757 6538 6537
f 6539 6541 6540
f 4154 6542 5910
f 4231 1746 6430
f 6543 6545 6544
f 2984 1805 2983
f 6546 4276 4274
f 5551 5372 6547
f 991 992 2911
f 266 5626 5627
f 1596 1415 1413
f 3408 3697 3698
f 4492 1271 1272
f 988 4581 987
f 2897 6549 6548
f 5511 6550 5510
f 2367 2368 1279
f 491 2755 3764
f 1418 5956 5549
f 6551 6552 4930
f 6553 6554 3042
f 4282 4802 6555
f 5608 6556 2686
f 2102 761 759
f 6557 6558 1085
f 4949 1178 1176
f 6559 6561 6560
f 6562 6563 4019
f 6564 6566 6565
f 3205 3986 6567
f 3205 5661 3986
f 1338 6568 6127
f 6569 1787 775
f 6570 6571 3476
f 3918 6573 6572
f 6574 2484 5286
f 3231 6575 3233
f 1540 1541 6452
f 5621 4549 2647
f 6576 4692 6577
f 5284 1401 3294
f 2318 5190 2317
f 878 2067 4554
f 3316 2371 2248
f 1069 3416 1070
f 1980 5493 6578
f 2777 4941 2776
f 5634 372 6324
f 3795 2114 6579
f 5482 6580 4954
f 3965 1732 850
f 6470 1900 6581
f 1727 786 4971
f 6582 924 922
f 6583 5318 3922
f 1665 615 616
f 6584 6586 6585
f 2731 6587 6063
f 3326 3005 6588
f 251 1902 4065
f 1754 3846 5672
f 54 2628 2151
f 2593 1022 93
f 6589 6591 6590
f 646 6593 6592
f 5182 2638 6317
f 944 942 6066
f 2027 6595 6594
f 6596 3613 3614
f 6596 6597 3613
f 4577 2744 2742
f 1168 6599 6598
f 6269 656 6600
f 2880 5424 2882
f 1294 1562 1293
f 6601 6603 6602
f 840 4628 839
f 6604 6605 2892
f 6606 6604 6607
f 5778 3048 5777
f 361 1091 620
f 2982 6196 2981
f 4276 6609 6608
f 6610 6401 6399
f 5726 2335 6611
f 2240 6612 2239
f 6613 1069 1068
f 2288 6614 5156
f 6615 6617 6616
f 766 4687 765
f 4232 4230 6618
f 3937 1186 492
f 6619 480 478
f 955 2248 2371
f 6620 6622 6621
f 5649 6623 4885
f 3792 6624 3730
f 6625 4838 4839
f 6279 6626 2207
f 402 5020 5363
f 1011 471 1376
f 6627 6629 6628
f 3688 6630 1242
f 6594 6632 6631
f 6042 6633 3697
f 1368 6634 4001
f 6635 3499 3500
f 6635 4719 3499
f 6636 6637 601
f 2781 2782 6637
f 3823 1036 2995
f 6638 6640 6639
f 6641 2469 2783
f 2151 3932 2152
f 4237 6643 6642
f 2059 1800 5219
f 6644 3746 6645
f 6646 2950 6647
f 3451 6648 3450
f 1900 1901 2608
f 172 170 4963
f 5373 5374 6649
f 3149 3148 3146
f 3401 1924 6650
f 3364 1457 5525
f 6651 4292 6535
f 917 918 2507
f 2935 6652 4316
f 1054 605 606
f 1198 1199 6653
f 6654 6655 4531
f 6656 6658 6657
f 6656 6659 6658
f 6660 6661 4683
f 6662 6663 1009
f 6505 6020 6664
f 2778 6215 1497
f 360 358 801
f 6665 6667 6666
f 4292 6651 5673
f 6668 4151 4869
f 6669 6670 5498
f 4556 4799 248
f 6671 6672 2723
f 6673 6675 6674
f 6676 5839 6677
f 5332 6678 2108
f 5547 6680 6679
f 6681 6683 6682
f 243 6684 242
f 6685 3938 6686
f 1194 1192 5411
f 1066 2220 4075
f 2145 6687 3937
f 6688 6689 3006
f 832 6690 255
f 6691 6692 4364
f 6693 2304 2305
f 3665 3444 5714
f 1366 2835 1558
f 6694 3692 6695
f 6436 3322 6457
f 32 2340 331
f 2104 2899 6696
f 417 6698 6697
f 6528 3902 6698
f 1967 1965 6699
f 4662 1146 55
f 598 4257 6700
f 5955 6701 3466
f 6044 4752 5676
f 4340 4341 6702
f 6703 3074 3075
f 6703 6704 3074
f 4591 1155 1156
f 6705 1207 162
f 5715 4348 6497
f 6706 5379 6707
f 1631 1629 5578
f 1896 4772 4770
f 6708 3631 1334
f 6709 6710 1860
f 6711 2679 6712
f 1950 404 6713
f 6714 1722 6715
f 4425 4423 4957
f 6716 6717 3521
f 1612 4363 340
f 281 6718 5732
f 1835 6719 1834
f 240 238 4346
f 1814 5109 314
f 4684 6720 3446
f 5802 5014 6472
f 6721 6723 6722
f 6724 6726 6725
f 6727 6729 6728
f 6730 4171 249
f 6731 6732 2473
f 6733 3509 3510
f 1148 1146 6734
f 4334 4398 2353
f 5093 6197 20
f 6364 6735 190
f 3076 3077 6736
f 1809 6588 3005
f 6737 5859 6738
f 4196 3204 4195
f 2017 5933 6739
f 6739 4471 6740
f 6739 5933 4471
f 5185 6742 6741
f 6743 6745 6744
f 6746 1289 6747
f 6748 5289 847
f 6749 1332 6750
f 1861 6751 1903
f 6752 6754 6753
f 1043 772 773
f 4724 6755 748
f 6756 929 1751
f 2596 4010 6757
f 6758 924 6582
f 5317 5455 6759
f 4312 6760 4311
f 3867 4835 6761
f 6762 6764 6763
f 6765 5912 3948
f 6451 3972 4229
f 6443 3474 5279
f 4654 5492 6766
f 256 6767 258
f 6314 6769 6768
f 4712 6771 6770
f 2554 2552 3276
f 740 4635 5063
f 909 910 5502
f 5685 6772 25
f 3687 6774 6773
f 6775 3210 4288
f 6218 4783 3114
f 5051 197 6776
f 6777 6779 6778
f 6780 4858 6781
f 2447 6645 2446
f 53 4155 52
f 3006 6782 5006
f 6783 1328 5939
f 5969 3943 2252
f 95 6784 1965
f 382 5158 1515
f 5670 3268 6785
f 4097 6786 1644
f 6787 3511 3509
f 3602 6788 5438
f 3602 688 6788
f 6789 2790 6653
f 6790 3216 3735
f 6425 6792 6791
f 4891 6793 5170
f 921 2962 6015
f 4273 5459 6794
f 4128 899 4639
f 6795 6797 6796
f 6798 2182 4167
f 6799 6800 3481
f 4376 2847 6801
f 6268 6266 6802
f 6803 6804 5234
f 6803 6805 6804
f 6806 691 692
f 732 733 1899
f 2517 648 872
f 4403 5519 6807
f 5941 1779 3040
f 6808 6810 6809
f 6811 4341 6812
f 332 1071 31
f 6813 1855 4594
f 6814 183 6815
f 6816 2009 2010
f 6817 6819 6818
f 1545 5102 5103
f 3781 5479 3026
f 218 6820 949
f 6821 6375 2778
f 6822 6824 6823
f 6825 6826 4737
f 32 33 703
f 3853 2780 6827
f 6667 6828 4205
f 6829 6831 6830
f 5562 3852 6832
f 5760 958 4940
f 6833 1152 4741
f 6508 6834 6507
f 6835 6614 1895
f 6123 5597 2620
f 6836 6838 6837
f 6839 6105 6840
f 6839 6841 6105
f 6454 2980 2979
f 2320 1238 2010
f 5563 3053 3051
f 1006 1004 5421
f 1145 6164 1144
f 168 169 4235
f 3184 2623 1591
f 2977 2978 6842
f 4588 6844 6843
f 5733 6846 6845
f 185 4461 5698
f 6847 6848 6374
f 6849 6213 6850
f 2952 2950 6646
f 1290 5001 5002
f 4093 525 4094
f 2171 2778 2232
f 5936 5934 5441
f 2952 5119 2951
f 296 6851 2822
f 6852 6854 6853
f 5019 6685 710
f 6855 6672 6856
f 240 4346 494
f 6857 6053 6858
f 4873 1609 3172
f 6859 6861 6860
f 6859 6860 6862
f 4757 6641 6863
f 1450 1451 4383
f 6864 4765 6865
f 1541 5368 6452
f 1564 1565 1475
f 2898 4987 3807
f 4723 6866 3761
f 1954 1955 4622
f 5243 6868 6867
f 603 3945 1848
f 2373 2371 3317
f 2548 5002 5003
f 3516 4516 1373
f 6869 6625 6870
f 6871 6873 6872
f 6874 6297 6875
f 1228 1226 6876
f 4673 6878 6877
f 4270 4271 6879
f 6880 6052 6881
f 2508 3250 917
f 2375 6883 6882
f 4857 6780 6884
f 4012 1277 1353
f 1408 4994 6885
f 2601 2602 1769
f 6886 1458 1456
f 753 6845 6846
f 6887 5073 1686
f 6888 6889 1528
f 245 246 6032
f 4 6890 6
f 3743 3744 6891
f 3152 3153 6892
f 3483 4379 4377
f 6893 5639 5640
f 4377 4378 15
f 6894 2324 1736
f 6895 6896 6199
f 6897 4449 2034
f 6027 6899 6898
f 4628 840 6893
f 1777 1585 1776
f 6900 6902 6901
f 6903 6904 6070
f 2335 4824 2337
f 6905 6906 4453
f 6907 3429 6908
f 6195 2739 6909
f 2732 5525 5523
f 109 6910 1294
f 4541 1774 6911
f 4541 6912 1774
f 6913 6915 6914
f 6916 276 1432
f 6917 6587 6918
f 525 5018 527
f 5028 624 1326
f 6919 6920 4933
f 4351 6921 1968
f 615 1665 1666
f 6922 3315 2246
f 6922 3786 3315
f 6923 4401 6924
f 6780 6925 3371
f 5555 5807 5808
f 5549 6387 1418
f 6926 6928 6927
f 2884 951 6929
f 6930 6931 3567
f 6632 6594 6932
f 680 1352 682
f 2210 603 6933
f 6213 1783 6934
f 2010 2008 6935
f 6555 5570 4281
f 6936 3435 6311
f 6937 6938 4604
f 6939 6941 6940
f 4311 4162 4161
f 6942 1627 6943
f 6674 6944 6342
f 3426 2168 3428
f 6945 6947 6946
f 110 6949 6948
f 110 6948 1562
f 6950 6952 6951
f 5452 1259 3137
f 5900 6954 6953
f 6955 5483 6956
f 4329 4525 6957
f 4841 5261 1680
f 1139 6958 1138
f 5197 647 6959
f 6734 3619 1148
f 142 140 6360
f 1713 6251 556
f 5821 6960 6493
f 5233 6804 2535
f 5233 5234 6804
f 6961 3117 6962
f 6963 3597 3598
f 6964 6966 6965
f 3860 4587 6967
f 412 413 5674
f 4696 571 6968
f 6969 6970 587
f 1184 6971 779
f 1608 497 495
f 399 4263 398
f 5175 5173 6972
f 6973 5760 5761
f 4591 5195 3695
f 6974 1388 1389
f 823 5085 822
f 6975 340 4363
f 5622 5623 6976
f 6977 3720 582
f 6978 3396 174
f 6458 1697 3924
f 618 619 60
f 920 921 4208
f 2885 760 761
f 3051 5608 5563
f 5110 1906 1905
f 5921 1670 6611
f 3213 3214 2602
f 4761 4809 6448
f 2814 712 713
f 2130 2654 6146
f 4473 130 6404
f 6548 4351 6979
f 6548 6980 4351
f 6981 6983 6982
f 6181 6984 1254
f 4257 4258 6700
f 490 316 6985
f 5038 6986 6858
f 6684 243 805
f 2434 2435 4903
f 6987 6989 6988
f 2338 5447 6990
f 6991 5323 5324
f 6991 6363 5323
f 2777 446 4941
f 906 902 905
f 4638 4637 4005
f 6992 6993 5467
f 5592 2823 3581
f 4036 4037 6994
f 6082 4399 6995
f 1026 5620 2648
f 6880 1391 6052
f 3671 4755 4756
f 93 94 2594
f 1948 6997 6996
f 6998 485 6999
f 1075 1076 7000
f 5064 4635 1040
f 822 6863 821
f 6786 6612 2328
f 7001 3264 7002
f 3410 3770 4710
f 5749 7003 5269
f 7004 6684 3332
f 7005 3483 6684
f 7004 7005 6684
f 7006 2001 5840
f 1443 1303 7007
f 435 4216 4214
f 7008 6726 6559
f 7009 6852 7010
f 7011 2262 7012
f 7013 7014 1142
f 5567 5568 7015
f 232 230 5886
f 6436 6457 5747
f 3604 5420 1886
f 607 3047 7016
f 5865 2656 783
f 3695 205 200
f 7017 7019 7018
f 6807 2962 2963
f 1560 3119 4672
f 7020 7021 2691
f 7022 1342 4785
f 440 42 442
f 7023 5681 3477
f 3208 4466 3207
f 7024 7025 6065
f 7026 7028 7027
f 7029 1498 1499
f 4660 1830 1831
f 7030 3940 7031
f 2617 7032 2616
f 7033 151 149
f 7034 5155 5153
f 7035 1182 7036
f 1827 2290 6152
f 7037 3317 3787
f 7037 2373 3317
f 2547 1044 1485
f 2112 7038 6579
f 7039 5058 7040
f 7041 6885 6616
f 7042 7044 7043
f 5865 2655 2656
f 4681 592 6141
f 5872 850 848
f 1447 7045 1449
f 1511 1512 7046
f 4296 2976 2975
f 1256 6984 6207
f 5815 7047 3405
f 6429 4963 170
f 3056 7049 7048
f 7050 7051 2406
f 5968 5512 5510
f 7052 5615 7053
f 2368 2366 1279
f 2745 4097 1644
f 2407 2408 7054
f 2749 579 7055
f 7056 3132 3133
f 7057 7059 7058
f 7057 3894 7060
f 7061 7062 5378
f 590 7063 4011
f 7064 2132 7065
f 7064 5917 2132
f 7066 3530 7067
f 3630 4548 3422
f 7068 7070 7069
f 448 2777 719
f 1035 1036 5206
f 6019 6020 3068
f 6576 7071 4692
f 958 959 2587
f 128 6404 130
f 7072 1026 2648
f 2609 6099 2608
f 7073 2529 2527
f 5458 5624 7074
f 4070 5978 4069
f 7075 7076 1461
f 6455 7078 7077
f 74 7079 6202
f 570 568 7080
f 6583 2766 1120
f 159 4044 7081
f 7082 5159 5611
f 4089 5811 1098
f 3417 1477 1646
f 7083 3024 4370
f 3790 7084 6682
f 7085 7087 7086
f 7088 7089 1692
f 1759 1760 7090
f 2193 2194 7091
f 7092 7094 7093
f 2877 4027 2879
f 1051 189 3535
f 7095 7096 1277
f 5292 5291 7097
f 606 607 7016
f 5804 5805 7098
f 1174 1175 7099
f 7100 2481 3138
f 7101 3233 7102
f 7103 7104 3544
f 1257 1411 4638
f 7105 6278 7106
f 7107 2834 7108
f 6493 6138 7109
f 7110 6393 7111
f 7112 1083 1081
f 5338 6763 5337
f 2618 2619 3300
f 7113 7115 7114
f 6879 7117 7116
f 1435 949 2883
f 1435 2883 1434
f 3991 427 2830
f 68 6131 6132
f 5061 7119 7118
f 4725 6743 7120
f 6179 7121 3206
f 6916 3826 6437
f 1598 6634 1368
f 7122 7123 3523
f 5579 7124 5273
f 7125 1221 7126
f 7127 6932 6595
f 7128 7127 5890
f 5503 7129 7101
f 3265 416 7130
f 7131 7132 353
f 7133 7134 2556
f 7135 7137 7136
f 2655 7139 7138
f 7140 7141 3424
f 5725 1624 6101
f 7142 4846 7143
f 4901 6056 4900
f 2794 1632 2000
f 5944 5943 7144
f 7145 2005 7146
f 6057 4355 2074
f 5661 3206 7121
f 42 6574 5320
f 3865 7148 7147
f 7149 4101 7150
f 68 6132 4572
f 7003 7151 5271
f 4678 87 85
f 7152 4900 6056
f 5659 7154 7153
f 4485 7155 4487
f 2411 7156 2410
f 5592 7157 2060
f 3319 2268 5653
f 7158 7159 597
f 3011 3566 3564
f 2523 781 2925
f 2175 5304 5585
f 1751 7161 7160
f 5337 4086 5416
f 1719 7162 6939
f 6468 3344 3627
f 333 4866 5909
f 7163 4422 7164
f 4008 7165 4007
f 4461 7166 4913
f 4540 5356 7167
f 7168 4549 3880
f 3313 3923 7169
f 3313 3314 3923
f 7170 3951 7171
f 7172 7173 2736
f 3045 4554 1050
f 7174 7175 6418
f 6502 4950 7176
f 379 3836 4760
f 7177 305 7178
f 2179 2177 5500
f 7179 735 5542
f 5294 1138 7180
f 4120 5672 6651
f 3683 6205 1444
f 3088 3059 3057
f 3218 1178 4949
f 1031 3672 228
f 7181 6838 616
f 1426 1629 607
f 3043 4554 3045
f 3043 877 4554
f 6273 7182 1695
f 5578 353 7132
f 121 3184 1589
f 6207 3747 6279
f 1162 2635 1161
f 6851 7183 2822
f 6925 6780 7184
f 7185 7187 7186
f 6546 5125 5126
f 4783 4784 3114
f 7188 2993 3715
f 7189 7191 7190
f 7192 7193 5258
f 362 1091 361
f 7194 7196 7195
f 3699 3697 6633
f 737 7179 6352
f 5811 3247 1098
f 5526 3094 7197
f 24 1045 7198
f 7199 577 578
f 7200 2696 7201
f 7202 4124 5687
f 7202 5687 5688
f 4037 4038 1566
f 5059 6492 7203
f 942 7204 6066
f 7205 7206 873
f 2950 2951 7207
f 1734 7208 5019
f 7209 6350 5743
f 1493 1492 7210
f 7211 4169 6529
f 1501 1502 7212
f 6302 5439 5100
f 7213 7215 7214
f 7216 7218 7217
f 4299 7219 4298
f 2937 2938 6812
f 1330 1328 6147
f 5062 6476 6475
f 203 1600 1674
f 5843 7221 7220
f 1253 1251 1914
f 7222 7224 7223
f 6546 6609 4276
f 4166 5855 7136
f 7225 1551 1552
f 1041 3623 3621
f 3418 6132 7226
f 1243 2343 1242
f 3846 3847 7227
f 4313 2787 2788
f 118 117 549
f 7228 6273 6274
f 4790 5392 4789
f 2005 7229 7146
f 7230 7232 7231
f 1073 7234 7233
f 955 7235 3033
f 7236 4301 4510
f 4424 4425 7237
f 750 52 752
f 7238 1684 64
f 3240 7239 1974
f 5284 548 1401
f 3463 7241 7240
f 1790 2798 1789
f 1790 762 2798
f 6598 7242 1170
f 7243 2425 4324
f 2536 4812 7244
f 7245 2006 7246
f 2562 476 477
f 7247 5077 7248
f 7249 7250 4902
f 7251 6904 7252
f 7253 7255 7254
f 3077 7256 6085
f 4053 7258 7257
f 7259 7261 7260
f 7262 4104 4103
f 5614 7263 3302
f 969 7264 5772
f 576 574 688
f 2257 2256 5704
f 6368 7266 7265
f 6334 7267 7266
f 7268 317 7269
f 7270 1800 2057
f 21 300 2080
f 335 4149 4150
f 5220 6386 1217
f 7271 6231 7272
f 3144 2753 2754
f 346 3818 151
f 5139 2738 1172
f 7012 4291 7273
f 2477 4629 7274
f 4812 6262 7244
f 1833 1832 5089
f 2839 6480 3369
f 5896 5895 7275
f 7276 3062 2909
f 6882 7220 7221
f 4668 3826 6916
f 4668 6194 3826
f 4317 2101 7277
f 7278 7279 288
f 6949 110 7280
f 7281 3586 7282
f 1748 3685 1747
f 7283 1059 954
f 7284 4570 5283
f 2318 2316 6326
f 1512 7285 599
f 3918 3916 4898
f 4416 7090 1760
f 7286 7287 3241
f 6383 1896 1897
f 2740 4698 2739
f 7288 6445 7289
f 303 301 710
f 5363 4062 402
f 3921 7290 3920
f 985 4429 7291
f 7292 7293 4885
f 545 7294 6824
f 7295 7297 7296
f 7298 7299 6390
f 5753 7301 7300
f 6283 7302 6282
f 1096 4090 1098
f 3003 2793 2794
f 486 5251 488
f 7303 2461 3984
f 1445 7304 3684
f 7305 2485 7163
f 6550 7307 7306
f 7308 7309 2509
f 3018 7207 7310
f 7311 7313 7312
f 5313 4325 836
f 5090 3352 3570
f 7314 3894 7057
f 6497 1114 1112
f 1592 5059 7203
f 5462 4517 6165
f 5497 7315 5899
f 639 4339 4338
f 5246 2074 2329
f 5875 1971 2227
f 4243 4244 5897
f 27 25 6772
f 1221 7125 3561
f 7316 7318 7317
f 3154 3009 7319
f 3154 1274 3009
f 7320 5659 2390
f 7321 6676 7322
f 2242 7323 2241
f 5451 311 312
f 831 1930 7210
f 7324 7326 7325
f 3900 7327 3899
f 2074 3275 2329
f 7328 7329 5951
f 1858 2022 6424
f 7330 3591 7331
f 7332 4309 4795
f 6367 7333 3732
f 592 590 2529
f 3181 7334 3378
f 4698 1652 1740
f 4807 6440 2891
f 4807 4805 6440
f 7335 5503 5784
f 6020 4038 6664
f 3381 7337 7336
f 3682 7339 7338
f 4911 5603 7253
f 462 461 3971
f 7340 3353 2627
f 4833 1513 7341
f 7342 2222 2223
f 1790 1788 1468
f 2766 3922 3923
f 1151 6833 7343
f 6338 2793 7344
f 7345 7346 1638
f 6916 3112 7347
f 2424 334 4368
f 7348 1222 7349
f 7350 2872 2873
f 3677 514 515
f 1604 5758 5177
f 1275 5480 5727
f 7094 7352 7351
f 7353 6335 5004
f 7354 7356 7355
f 3977 3682 3681
f 5877 2227 4945
f 7357 7359 7358
f 1943 2786 2787
f 7360 4322 7361
f 7362 7363 3927
f 6165 3516 6164
f 125 7364 1363
f 7365 7366 3563
f 5813 3470 3471
f 2419 3179 230
f 7367 7368 2850
f 1739 1611 1609
f 807 124 1359
f 5174 5505 7369
f 106 1939 7370
f 6878 3050 7371
f 7372 1147 5561
f 4573 4574 3427
f 6837 3904 7373
f 4484 2478 2479
f 7374 7376 7375
f 1434 7377 1433
f 3421 7378 3420
f 6843 7380 7379
f 5355 3799 4381
f 4271 7117 6879
f 6441 223 371
f 4769 3854 7381
f 7382 2269 3083
f 7246 7383 2512
f 7384 7386 7385
f 6478 6479 7387
f 6478 4775 7388
f 589 4375 4372
f 589 277 4375
f 5411 3121 1194
f 2618 2343 2344
f 2645 3648 2644
f 5931 211 5930
f 7389 5661 7121
f 3332 7390 3331
f 3905 673 7373
f 5270 3109 3110
f 5113 7392 7391
f 1632 4385 3412
f 4162 4311 6760
f 6175 4508 7393
f 7394 7395 1752
f 2746 7076 4699
f 1390 1391 4968
f 1940 1938 3383
f 7396 4241 2629
f 7397 7398 5829
f 4612 3905 3532
f 5575 7399 2207
f 7400 2768 588
f 2209 2210 6933
f 2165 7402 7401
f 4989 5491 5405
f 56 2953 1249
f 6890 7403 6
f 336 6577 4692
f 3575 3576 6358
f 7404 7406 7405
f 962 5708 961
f 6131 4689 2892
f 7407 1976 6347
f 7408 3774 7409
f 7407 7410 5334
f 4321 3761 3121
f 903 4294 7411
f 2127 2128 4585
f 2176 2174 4458
f 6868 7413 7412
f 3204 6367 3206
f 7414 7416 7415
f 2978 7418 7417
f 973 4229 972
f 1391 1392 7419
f 2750 3839 2752
f 4781 7420 4780
f 7319 3009 5350
f 7421 6438 6437
f 7422 3134 7423
f 2825 2039 2323
f 568 569 7424
f 939 940 2230
f 3086 3573 2326
f 6724 6609 6726
f 6724 6608 6609
f 3846 1754 1752
f 7177 7088 7425
f 7426 7427 5801
f 7428 1190 1191
f 6497 1112 1970
f 4224 4225 7429
f 2577 7242 6599
f 7430 7432 7431
f 7433 2966 7434
f 4790 4788 422
f 789 1425 788
f 1679 1680 593
f 2887 7435 2889
f 3966 938 3981
f 6305 7437 7436
f 7066 6121 180
f 7438 2483 2482
f 1894 7439 4837
f 7440 3755 3753
f 2611 4165 7441
f 1402 5388 1404
f 6189 6190 3572
f 7442 3837 7443
f 3546 851 3545
f 7444 6269 6600
f 3449 3705 2859
f 3491 2180 7445
f 2431 2432 7446
f 5722 6941 5721
f 292 5519 7447
f 7448 7450 7449
f 3938 66 64
f 4718 1517 1518
f 4968 6880 4971
f 2222 7451 5018
f 5104 5542 735
f 7452 7454 7453
f 4459 5854 4458
f 4867 7455 4866
f 7456 6220 3701
f 4031 1231 1229
f 2776 7457 995
f 2776 6442 7457
f 7458 6607 3926
f 7032 2617 4905
f 4744 7460 7459
f 7198 7462 7461
f 7463 2940 2941
f 7464 7465 1867
f 2546 755 753
f 5184 1206 7466
f 7467 7469 7468
f 1868 338 7470
f 7471 7473 7472
f 3001 2999 1658
f 395 815 394
f 3170 2167 1285
f 6102 1576 1577
f 3354 7474 3353
f 3354 4985 7474
f 6491 7475 6492
f 7395 910 4024
f 2517 6959 647
f 5091 7477 7476
f 6624 3729 3730
f 3470 2175 5585
f 6064 7478 2411
f 4544 3756 1182
f 6963 7480 7479
f 633 7481 632
f 365 7482 3218
f 7483 4017 4018
f 81 7484 3910
f 1397 1398 7485
f 4192 7486 4194
f 4192 1846 7486
f 688 689 6788
f 2588 1250 1248
f 7487 7244 311
f 5655 2805 7488
f 7489 1229 7490
f 3915 4075 3114
f 7491 7489 7490
f 5066 7465 6040
f 7492 3083 3084
f 3549 5292 799
f 3055 7048 7493
f 7494 6819 2743
f 6866 7495 3761
f 5092 4718 1518
f 1856 4227 1855
f 3591 7330 3593
f 7496 2624 2840
f 7210 1930 5242
f 3048 5778 7371
f 1773 6912 5720
f 5453 7497 5452
f 4206 6081 7498
f 2727 4982 7499
f 7500 4330 7501
f 1683 3691 1682
f 7502 3886 7503
f 2195 4632 7504
f 4548 5313 3422
f 6251 7505 7045
f 3195 1983 5228
f 3122 4548 2757
f 5835 6929 7506
f 5038 6053 1766
f 7507 7509 7508
f 7510 634 7511
f 7512 7489 7491
f 1914 5438 1253
f 356 2891 6440
f 6623 2852 4885
f 4313 7513 6247
f 5659 7153 2390
f 4579 6377 7514
f 862 7515 3216
f 1198 7516 1200
f 7517 4686 7518
f 7519 3769 5930
f 1852 6597 6596
f 7520 7522 7521
f 7523 7525 7524
f 7526 7527 6681
f 7528 5632 5106
f 282 7530 7529
f 7531 2438 7532
f 6447 2626 4150
f 1219 3565 5836
f 7533 12 1264
f 7534 7535 7019
f 5533 2865 7536
f 1352 2347 682
f 4857 5166 4859
f 7199 7538 7537
f 6231 6387 6001
f 7539 7541 7540
f 2792 1632 2794
f 2792 4385 1632
f 7542 7543 6671
f 7544 7546 7545
f 7544 4263 7546
f 133 711 4129
f 7547 1718 6939
f 7548 6469 6470
f 5445 4510 7549
f 3468 1647 1648
f 5545 1447 4127
f 7550 7551 3495
f 3761 4321 7552
f 5346 4112 6413
f 3722 2133 7553
f 3318 2275 2276
f 3318 5209 2275
f 7554 4963 7555
f 7556 7557 3608
f 7556 5394 7557
f 7558 2145 2146
f 4662 55 56
f 7559 2169 2170
f 1299 1300 2858
f 2302 7560 863
f 2339 5447 2338
f 2068 546 547
f 2114 7282 2113
f 7495 747 2915
f 2408 7051 6027
f 7183 6472 5014
f 3946 7562 7561
f 399 1400 2697
f 4005 4969 4970
f 7563 3541 3542
f 6301 92 5693
f 2782 2780 3329
f 7564 7565 6756
f 4967 6368 7265
f 6710 6709 7566
f 5162 7567 7491
f 7568 1055 3612
f 2967 7434 2966
f 1104 4444 2706
f 6178 7569 1199
f 4959 5627 7570
f 2092 2314 2091
f 7571 7573 7572
f 6734 1146 693
f 6051 6117 7574
f 7575 2049 4124
f 7576 7578 7577
f 7579 7581 7580
f 4618 5668 3292
f 2125 7582 6815
f 995 993 3040
f 1316 580 6356
f 3607 3606 5381
f 321 3060 3373
f 2140 2138 2938
f 4997 3108 7583
f 3187 7522 7584
f 7546 5254 7545
f 4008 7586 7585
f 7587 5045 7588
f 6506 7589 4931
f 4288 3212 6775
f 4288 7582 3212
f 2443 7590 5526
f 3715 3713 7188
f 3499 4719 7591
f 4987 2843 6701
f 7592 7219 4299
f 7593 7595 7594
f 7596 7598 7597
f 6901 7600 7599
f 6901 7601 7600
f 7602 3432 7603
f 7604 6476 7605
f 4155 2152 3930
f 5761 6345 6344
f 7606 7608 7607
f 6399 7609 6698
f 7610 7612 7611
f 7613 7614 5050
f 7615 1860 6379
f 695 2589 2581
f 7616 7617 3054
f 5922 7618 1670
f 6873 6298 6583
f 7619 7621 7620
f 3852 6827 6832
f 1003 4816 1002
f 7622 5787 7623
f 7624 4859 7625
f 6690 5671 255
f 3101 7627 7626
f 7628 3652 7270
f 7424 6843 568
f 1643 1644 6786
f 1522 625 623
f 6692 6022 1649
f 7629 2071 2069
f 2420 2418 3157
f 5207 403 3041
f 3872 6833 3871
f 1523 2429 36
f 5605 7630 2133
f 6357 4348 4349
f 7631 7632 620
f 7633 7634 5583
f 7635 5296 7636
f 6806 4467 691
f 3779 2776 995
f 254 1220 253
f 2431 2553 2430
f 6143 1912 1913
f 7559 2276 2169
f 7637 6703 3075
f 3944 451 5756
f 4642 7638 6734
f 864 2630 2303
f 2451 7639 1310
f 7640 4117 421
f 7641 1825 7642
f 7643 7644 5036
f 7643 6346 7644
f 7645 7509 61
f 7310 7646 5941
f 7647 7648 2342
f 4067 7649 4066
f 7650 3309 3310
f 1879 5931 1881
f 3478 7651 3993
f 7652 7374 4204
f 7653 7655 7654
f 7648 2341 2342
f 6587 6917 6062
f 7656 7658 7657
f 1926 2530 2505
f 7445 2180 2179
f 1807 2784 885
f 5037 390 4025
f 4294 5090 7411
f 6771 4618 6770
f 3424 7659 7140
f 2122 7660 104
f 7661 5494 5816
f 7662 6188 6189
f 7663 16 6716
f 6261 7664 6999
f 627 628 5667
f 134 135 7665
f 6438 3113 3112
f 4289 4290 3252
f 1050 5714 3044
f 1050 1051 5714
f 5135 1733 7666
f 6233 7667 4430
f 4964 2756 3630
f 6891 3654 4472
f 4396 7669 7668
f 3649 392 5036
f 7670 3593 2392
f 4903 7671 3081
f 4208 921 3663
f 1005 1006 7672
f 7673 7675 7674
f 7253 7676 4911
f 7677 7679 7678
f 2096 7435 2887
f 7680 6635 3500
f 2012 7681 1387
f 4588 4589 7028
f 2215 2218 2217
f 7682 6080 4218
f 3304 3305 3751
f 6866 747 7495
f 7683 7685 7684
f 7686 1118 7687
f 2907 1304 7688
f 4686 3642 4181
f 3925 1697 1695
f 7393 4508 5520
f 4527 7689 7402
f 5893 7690 5894
f 3111 6443 6523
f 2531 2212 5945
f 674 349 350
f 883 2964 5285
f 7691 6472 7183
f 7692 6902 5584
f 7693 7321 7322
f 7694 2209 7695
f 7694 602 2209
f 7593 7594 7696
f 251 7697 1904
f 7698 4856 4854
f 924 7699 287
f 3912 3913 7700
f 2103 472 2102
f 7701 6038 7702
f 2778 1497 2232
f 7703 1228 7138
f 2786 7704 2788
f 3947 6312 7562
f 2588 838 1250
f 1638 34 35
f 2765 7705 2848
f 7706 6255 6254
f 5187 5188 7707
f 6562 3089 6563
f 7708 7480 7709
f 3467 4393 6001
f 7710 2998 6188
f 3940 3813 348
f 7711 4831 4832
f 5219 1800 1801
f 2330 5246 2329
f 7712 2064 7713
f 163 1917 1918
f 3911 5028 81
f 5799 7714 5798
f 7595 7593 7715
f 1272 1678 4492
f 3086 7662 7716
f 6072 2598 2599
f 4253 6072 2599
f 3033 5832 3032
f 3033 7235 5832
f 3223 7717 3225
f 6376 2947 6215
f 3293 7719 7718
f 3880 4549 2303
f 7720 7721 1267
f 7722 5200 4095
f 7723 7724 1666
f 4236 4237 378
f 2349 7725 2348
f 90 3992 92
f 3449 7726 5246
f 3020 4429 7681
f 7255 2272 2273
f 6661 7728 7727
f 5019 3938 6685
f 7729 6059 6060
f 3688 7731 7730
f 7732 2890 1237
f 7526 6681 6682
f 4695 1657 1658
f 5931 1879 7733
f 7734 7735 2703
f 7736 5582 6253
f 7496 7737 2624
f 4155 53 2152
f 4105 7639 2451
f 7401 6045 4016
f 3793 6007 6624
f 3538 2117 3775
f 7738 2281 7739
f 6439 5180 7740
f 7741 6850 7742
f 2591 7743 2592
f 5048 7744 3374
f 1043 1485 1044
f 7745 6571 6570
f 7745 7746 6571
f 2251 5946 5580
f 5520 4508 4509
f 5009 7747 3933
f 339 976 7627
f 7748 6688 7749
f 220 218 948
f 7750 7752 7751
f 3822 7732 1237
f 6435 5728 147
f 7753 7755 7754
f 7755 7753 7756
f 1202 4023 7757
f 7758 7162 1347
f 3792 3730 389
f 7759 7761 7760
f 7635 2489 2490
f 7762 7763 3303
f 2593 623 3694
f 6623 5649 1673
f 7385 495 496
f 3677 7505 4476
f 3903 7764 3902
f 2652 7765 4619
f 511 7551 6914
f 3531 7326 7067
f 4599 304 7088
f 1794 5742 5743
f 7766 7768 7767
f 7769 4233 3574
f 6300 5695 6299
f 7770 3807 4987
f 1556 1554 3251
f 7771 2800 2801
f 4325 3122 911
f 3766 5106 5026
f 6667 7772 6666
f 4637 1824 4005
f 7218 7774 7773
f 2067 1730 1052
f 3049 7776 7775
f 4028 159 7658
f 373 5440 5989
f 3114 4784 1309
f 2634 902 14
f 2714 7777 3862
f 7778 7779 6330
f 6187 983 6170
f 7780 7782 7781
f 7783 6927 7784
f 7579 2916 7785
f 6504 7554 7786
f 7787 5052 2023
f 816 818 819
f 7788 1781 2814
f 7789 5456 5490
f 1439 7499 4982
f 771 431 773
f 1437 1438 7790
f 7791 6027 6028
f 300 2991 78
f 2820 2900 2105
f 6115 1177 5663
f 5677 5678 3280
f 5747 6218 3114
f 3635 5233 2535
f 529 4766 528
f 7792 6877 7371
f 3212 7793 3833
f 6980 945 946
f 3755 5293 3754
f 1452 5365 7794
f 5224 5225 7795
f 7232 4631 6180
f 4209 3572 2452
f 4310 3207 7549
f 6821 2778 2779
f 839 4628 4627
f 7796 225 226
f 7797 6445 6446
f 5943 7798 6731
f 7799 6658 6659
f 6019 5793 1566
f 7800 7801 1324
f 4735 3443 3444
f 2899 2104 2105
f 4810 4762 7802
f 3457 1375 7803
f 57 1385 3815
f 7804 6727 6728
f 5678 5679 2980
f 599 7046 1512
f 4885 7293 4887
f 6407 6274 6272
f 6020 6505 3068
f 3275 2072 2309
f 3945 1850 1848
f 3294 1775 6161
f 7805 7807 7806
f 7661 7608 7606
f 2636 5318 6583
f 7568 4650 4690
f 3507 3505 7808
f 7809 2795 7810
f 4602 4603 7811
f 3145 4380 1421
f 7812 6753 7813
f 4168 3634 7487
f 7814 4168 4169
f 7814 3634 4168
f 7815 7817 7816
f 3911 5027 5028
f 797 3324 7769
f 6791 7818 6425
f 539 540 4661
f 7819 73 6242
f 406 7820 6110
f 7821 6798 1985
f 7168 7822 2649
f 6341 6944 1315
f 4456 2841 2624
f 7823 7112 7824
f 6726 7008 6725
f 7825 817 3514
f 5335 5333 5734
f 7826 310 311
f 7827 7633 3650
f 228 3672 3064
f 6182 4851 7828
f 4924 7829 3601
f 7830 7832 7831
f 6009 2437 2694
f 2879 4027 5496
f 1928 7833 1927
f 408 7834 2364
f 7835 7837 7836
f 7836 7838 7835
f 5180 5178 7839
f 5720 5286 699
f 5720 6912 5286
f 5303 6030 6031
f 4160 6640 6638
f 3486 7840 3488
f 2967 1702 1703
f 7841 7676 7254
f 7842 4101 7843
f 6628 156 157
f 1072 3816 2614
f 23 7844 22
f 3656 984 7845
f 7611 7660 7846
f 7847 6201 6951
f 5825 931 5827
f 7848 2801 7068
f 7849 2945 2943
f 6700 2945 6058
f 3648 6329 3647
f 1773 1774 6912
f 2048 4903 3081
f 7850 7024 7851
f 172 2660 4394
f 7852 1418 7853
f 2562 4576 4039
f 7854 879 877
f 5673 6690 7855
f 7058 7856 7314
f 3520 7857 3522
f 7858 7859 7689
f 5972 5973 1088
f 421 4117 423
f 3242 7286 3241
f 6690 832 833
f 2746 3123 7860
f 1928 1926 7861
f 2032 7862 6120
f 7342 7451 2222
f 1134 1132 7863
f 506 1158 505
f 7641 7252 6904
f 7063 7864 6757
f 7063 5291 7864
f 4437 6475 2334
f 4984 3935 7865
f 165 3076 7866
f 2512 4796 7246
f 1597 6287 7867
f 5751 2036 5033
f 1410 5979 1409
f 4452 6759 7868
f 5175 5252 5505
f 1398 4487 7155
f 4661 540 1883
f 4781 7869 998
f 7276 6589 3062
f 2669 7870 7021
f 1842 7871 5594
f 7717 7873 7872
f 7412 7413 6285
f 7874 6296 3145
f 7875 1329 6214
f 7452 111 5792
f 4638 4005 4970
f 3815 7538 3814
f 1073 6386 5377
f 5610 45 43
f 7876 7877 3908
f 3135 7879 7878
f 7880 7421 3824
f 3642 3643 5942
f 4733 7069 7070
f 7881 577 7199
f 3605 3604 5634
f 7882 7883 5623
f 3161 1950 6713
f 1585 5463 1584
f 7884 7885 5789
f 7886 5378 7062
f 7887 7757 2198
f 7888 6813 4788
f 5317 426 5443
f 5517 3690 3237
f 7889 6923 3679
f 7198 7890 7462
f 4797 867 7891
f 6609 6546 6559
f 7283 954 952
f 7892 813 7893
f 88 5851 5852
f 7396 7894 1205
f 7396 1725 7894
f 2514 2273 2271
f 3438 6365 7895
f 7896 1140 7897
f 7898 6942 5470
f 6695 3692 2679
f 3603 1914 1912
f 4917 4543 705
f 7899 4653 4651
f 2195 7504 2194
f 5144 5143 7900
f 918 815 2507
f 659 3874 661
f 7901 4416 1760
f 759 3728 2103
f 7902 6925 7184
f 4029 83 3512
f 3515 1144 3516
f 7903 768 769
f 7904 5324 5322
f 7905 279 7906
f 7907 2945 6700
f 3390 7504 7908
f 3996 7909 3995
f 2662 6504 4864
f 4750 7910 4332
f 7911 4398 6083
f 1560 6271 1559
f 6864 7912 4764
f 1392 7913 7419
f 2502 2500 7914
f 4878 2176 4458
f 1272 1273 6336
f 1340 2664 1342
f 7052 7915 5615
f 6328 158 4028
f 5297 7917 7916
f 522 5066 4932
f 7918 4919 1682
f 6229 2449 2450
f 3019 2532 7455
f 7919 7921 7920
f 5578 7132 7922
f 5117 7923 1921
f 1358 7750 7751
f 6406 3474 7151
f 6406 5279 3474
f 2411 2409 6064
f 5868 391 4027
f 6857 1668 1669
f 3171 7924 7801
f 607 605 1426
f 5978 2116 6008
f 5978 532 2116
f 6692 6691 6022
f 6231 6001 4393
f 7925 528 3127
f 7551 512 3495
f 6107 4816 4259
f 4246 7927 7926
f 539 268 269
f 4955 4953 7928
f 7929 7930 7779
f 7931 3295 7932
f 603 1848 6933
f 4670 1624 7933
f 7934 30 4337
f 6059 7935 4400
f 7936 3031 4520
f 637 7937 1727
f 7938 7939 4611
f 2619 2344 1243
f 5062 7605 6476
f 7940 5741 4252
f 1520 7941 4617
f 7118 167 1168
f 2611 6798 4167
f 7942 7944 7943
f 7945 1495 1496
f 3963 491 3962
f 4236 378 376
f 318 316 490
f 5910 6135 751
f 3043 5144 5393
f 1421 2753 3145
f 7946 468 466
f 7947 2560 7476
f 2355 7231 7265
f 2111 5405 4776
f 3500 3498 5688
f 7948 6631 6632
f 6651 5672 5673
f 7949 6210 3968
f 6176 3877 6175
f 3752 2771 2769
f 7950 7951 1480
f 134 885 2785
f 6121 5345 139
f 7952 3644 3097
f 3002 3003 2794
f 2676 5801 7427
f 1981 5757 5817
f 4723 4724 6866
f 5807 2284 2285
f 7953 7954 1049
f 1226 1875 6876
f 6323 3720 6466
f 7955 7835 6332
f 961 7325 963
f 6244 7957 7956
f 353 7958 7131
f 353 291 7958
f 2678 2679 3692
f 4973 2730 7959
f 7960 7961 5712
f 5415 7338 7339
f 5617 1100 500
f 614 6095 616
f 2997 7962 4842
f 7963 829 5086
f 2426 2424 4368
f 7964 4880 4881
f 3328 5123 1935
f 7902 4667 6925
f 1908 1907 1354
f 7965 2993 7188
f 7966 7968 7967
f 54 660 7969
f 7475 7970 6492
f 7971 7973 7972
f 6025 7689 4527
f 4916 4468 4677
f 3070 6505 318
f 7974 7944 5675
f 4208 3663 5832
f 7975 1095 7976
f 4459 7977 5854
f 6908 4071 6907
f 4884 1977 4850
f 7978 7979 6823
f 1391 7419 6052
f 7937 7660 2122
f 7980 7534 6496
f 3378 7334 4965
f 4477 7981 1459
f 466 1197 1195
f 1298 7982 1300
f 7983 4557 6248
f 1475 5834 5887
f 3200 3988 7984
f 7985 7987 7986
f 5505 2886 2885
f 6561 6546 5126
f 4030 4031 7988
f 4723 3761 7552
f 7989 1382 1423
f 4081 7991 7990
f 1251 1252 6159
f 4563 5686 6808
f 6713 7993 7992
f 377 2078 1942
f 7994 6810 6808
f 7995 7997 7996
f 614 4015 1179
f 7998 4537 7975
f 2671 7370 1939
f 1940 2671 1939
f 3631 611 1336
f 7999 7300 8000
f 8001 730 2398
f 8002 6254 8003
f 6371 213 7512
f 6313 8004 6312
f 8005 8007 8006
f 1730 2068 914
f 2670 2985 2671
f 8008 1048 8009
f 6125 5620 1027
f 5572 6076 8010
f 7384 2485 1699
f 8011 7712 5201
f 4530 6417 37
f 3498 3499 8012
f 80 1812 79
f 6363 6991 6364
f 1035 5206 3041
f 3701 6220 3703
f 7633 392 3650
f 7633 5583 392
f 352 1629 1427
f 3443 8013 1574
f 2722 4809 4810
f 328 329 8014
f 2093 6961 2092
f 4054 864 865
f 3286 498 5814
f 8015 4006 7641
f 4623 203 1674
f 6718 2569 8016
f 5376 5377 6386
f 8017 484 6998
f 4986 3354 8018
f 6201 6793 4891
f 6669 2721 8019
f 6625 144 145
f 3657 5056 3659
f 2570 2972 8020
f 1614 340 341
f 6325 3057 6021
f 8021 5499 5497
f 6669 5499 8021
f 1480 5213 7950
f 4010 2802 2527
f 8022 5675 6091
f 4406 8024 8023
f 2510 4116 8025
f 8026 673 8027
f 2503 3399 4428
f 7474 2151 2627
f 174 7358 173
f 8028 8030 8029
f 7706 8032 8031
f 3636 3634 8033
f 6741 3838 5185
f 8034 3671 4756
f 6088 578 5232
f 7045 7505 1449
f 525 6238 4094
f 7258 4051 7972
f 4058 8035 5055
f 502 8036 501
f 8037 8039 8038
f 2640 7612 5249
f 6573 7968 7458
f 2826 8041 8040
f 72 8042 2932
f 8043 2100 8044
f 7840 8046 8045
f 7798 6732 6731
f 7798 4194 6732
f 8047 8048 6557
f 8047 8049 8048
f 1122 8050 1121
f 3210 1646 4288
f 8051 7528 5107
f 865 1079 507
f 5971 8053 8052
f 8054 8056 8055
f 5260 8057 5242
f 4893 8058 3440
f 2882 5424 8059
f 2181 6798 2672
f 5178 4717 7839
f 2814 1781 2813
f 1856 5552 8060
f 5571 351 5421
f 5571 5569 351
f 4666 4667 4451
f 8061 8063 8062
f 5491 4989 5131
f 6773 65 1150
f 8064 3482 3480
f 8065 252 558
f 7519 8065 558
f 8066 8068 8067
f 4730 6109 3344
f 5094 5095 8069
f 8070 6302 6303
f 1313 4096 4701
f 5274 5272 8071
f 3324 8072 1570
f 4563 5958 4564
f 4563 6809 5958
f 4903 4902 4900
f 2318 4562 5191
f 1153 8073 1152
f 7041 8074 6885
f 8075 719 717
f 8076 8077 7520
f 8078 8079 7915
f 8080 1729 8081
f 2652 2650 8082
f 5435 8015 5437
f 2659 650 651
f 2342 5029 8083
f 184 609 610
f 4548 3630 2756
f 3157 820 1978
f 1143 6163 1145
f 8084 8085 7929
f 6409 4191 8086
f 7647 2342 8087
f 7989 1423 8088
f 8089 2081 1889
f 1427 1428 8090
f 2869 2870 5767
f 8091 7854 877
f 8092 7472 8093
f 7122 3523 2812
f 13 4377 15
f 942 5229 8094
f 942 2804 5229
f 693 1250 838
f 7819 7432 73
f 467 5922 8095
f 8096 8098 8097
f 7812 6342 6343
f 7812 7813 6342
f 2688 2689 4671
f 6627 6628 8099
f 3779 1780 2776
f 7226 6132 6133
f 8100 8102 8101
f 6013 6014 8103
f 6542 8104 5910
f 3597 6963 7847
f 6435 147 8105
f 3736 3174 4833
f 2365 2363 6094
f 1278 6893 840
f 8106 5886 5887
f 87 5492 4654
f 8107 652 650
f 5655 5127 5767
f 7630 8109 8108
f 7568 3613 6597
f 4714 5628 3487
f 6114 1177 6115
f 5804 3805 2120
f 5338 5336 6361
f 1957 5710 5368
f 5044 1255 1256
f 8050 3312 3475
f 6598 7118 1168
f 8110 4648 7496
f 7307 1861 1862
f 8111 7900 5143
f 3568 3569 8112
f 453 876 2999
f 3548 4937 2597
f 3981 3979 8113
f 6707 5380 8114
f 4714 3675 5627
f 4098 501 5074
f 7657 5557 1827
f 8115 3546 3547
f 4120 1754 5672
f 8116 8117 4282
f 3915 5457 4075
f 3915 5456 5457
f 1621 7133 1623
f 1621 7134 7133
f 2149 1463 2290
f 7525 7523 8118
f 6785 7157 6459
f 1460 3123 2757
f 4911 4460 4913
f 626 199 5051
f 8119 1622 1623
f 7001 3633 3264
f 1481 6522 4103
f 427 597 7159
f 7946 466 1195
f 8120 4621 5359
f 6757 4010 4011
f 5133 2816 2403
f 3238 3837 268
f 5299 8121 3618
f 1001 8122 2630
f 8123 6432 6433
f 3026 2877 2878
f 3363 5525 8124
f 2716 4506 4504
f 6345 5759 2089
f 3425 8125 7659
f 8126 5208 5209
f 5874 8128 8127
f 7802 6295 8129
f 5411 1192 1193
f 1473 1474 2902
f 8130 8132 8131
f 4149 335 336
f 193 8134 8133
f 7833 2878 2879
f 2798 762 4702
f 4760 6924 2751
f 2508 2495 3249
f 4876 3868 3869
f 2511 8135 2510
f 6664 3159 317
f 7087 7085 3898
f 5666 3876 8136
f 6612 4345 2239
f 4551 8137 6157
f 4789 4514 4515
f 6760 2572 8138
f 5275 8139 1829
f 4665 1239 1240
f 25 931 5825
f 2883 4441 8140
f 4612 7298 2037
f 509 1080 8141
f 7364 1362 1363
f 5339 5340 6567
f 4584 8142 264
f 5974 5972 2468
f 5492 4678 4267
f 7279 7278 8143
f 6884 3371 8144
f 6329 4818 4819
f 2125 2123 3833
f 8145 2096 8146
f 1213 6654 6820
f 1563 2921 1293
f 5243 5216 5245
f 5243 6867 5216
f 8147 8148 2988
f 8149 1823 2565
f 8150 6390 1105
f 5853 6439 7740
f 2542 2083 2541
f 2809 641 8151
f 5932 5814 2230
f 6035 1453 1454
f 3471 8152 5091
f 2783 8153 6641
f 2968 2969 7380
f 6835 8154 322
f 6199 8155 6895
f 2611 7441 2610
f 4667 3371 6925
f 3533 3534 4079
f 7828 4851 816
f 8156 4748 8157
f 8158 5061 5732
f 168 3482 8064
f 1852 4650 6597
f 5752 8159 4124
f 1849 6872 1039
f 5522 6381 8160
f 8161 5030 6627
f 3666 190 6735
f 3285 3283 8162
f 8163 6258 7137
f 1768 8165 8164
f 6057 2074 5246
f 3623 8166 5325
f 3370 4666 2592
f 6846 5733 8167
f 4445 8169 8168
f 5487 8170 5489
f 944 1843 8171
f 2596 8094 4010
f 3641 2584 5602
f 1361 241 3484
f 3365 618 4350
f 8172 493 2672
f 8173 8174 8036
f 5374 1920 7317
f 6439 3676 515
f 7228 6274 5598
f 1315 1316 6341
f 3183 3181 3378
f 5135 7666 4829
f 3312 1122 3314
f 2140 7614 2139
f 8175 8177 8176
f 8178 7401 4153
f 4372 4375 4374
f 8179 5103 8180
f 1558 2835 1825
f 4046 1281 1282
f 203 200 205
f 5959 6038 3143
f 6247 4215 4216
f 5826 5685 5825
f 3877 8136 3876
f 3601 7829 5582
f 4350 1440 1441
f 2735 2736 7173
f 7826 7244 6262
f 7826 774 310
f 7826 6262 774
f 2333 6476 8181
f 2977 7524 7525
f 6312 8004 7562
f 3895 7719 3291
f 3140 7222 8182
f 1332 1333 8183
f 8184 1743 1744
f 718 2776 1780
f 8185 2796 8186
f 7630 7553 2133
f 1569 8187 1214
f 2528 4011 2527
f 277 1015 4227
f 5822 6960 5821
f 1658 2999 876
f 8188 6610 6399
f 8189 1311 797
f 7477 5091 8152
f 6497 8190 5715
f 7412 6285 8191
f 3843 467 8095
f 2759 1628 2758
f 7730 8193 8192
f 4938 397 3963
f 629 5898 7315
f 221 370 223
f 221 6368 370
f 8194 5509 4674
f 8195 7578 8196
f 8197 4550 4551
f 1025 8198 3138
f 2320 3458 2319
f 8199 2040 8200
f 2719 1124 1125
f 2044 2045 5517
f 6380 8201 7615
f 6905 4453 7868
f 4955 8203 8202
f 2302 4549 7560
f 8204 5601 4362
f 4712 627 6771
f 579 2749 8205
f 4689 69 8206
f 699 196 1124
f 1394 5397 1393
f 3875 3874 2176
f 7096 2347 1353
f 6916 1432 4668
f 1050 3044 3045
f 6191 8208 8207
f 2164 2165 4135
f 4719 4717 7591
f 8209 8210 7040
f 6596 4110 1852
f 1022 1023 93
f 2941 8211 7935
f 14 7411 461
f 8212 8214 8213
f 7238 64 65
f 119 2622 2623
f 1636 1974 7239
f 5362 2490 345
f 1070 1102 4395
f 4323 510 5053
f 512 510 4323
f 5588 314 315
f 2868 2659 651
f 6239 2477 8215
f 2371 3316 3317
f 7062 8216 2280
f 2471 2472 8217
f 2674 2931 2676
f 914 6888 915
f 6784 95 8097
f 6325 6021 8218
f 5965 3744 8219
f 8220 5709 1958
f 161 2203 163
f 103 7612 102
f 8221 3394 4895
f 8222 5011 5009
f 1911 4577 1910
f 8223 4215 8224
f 7900 4438 8225
f 3461 3540 808
f 8102 8227 8226
f 15 2634 14
f 15 8228 2634
f 5924 5925 8229
f 6498 7853 1416
f 8230 417 415
f 4610 1719 3046
f 5118 7631 620
f 6499 7853 6498
f 8231 8232 8131
f 262 3390 4583
f 8233 4595 5850
f 7283 4524 8234
f 181 5947 3530
f 4292 8235 3352
f 2048 3081 2277
f 6268 6802 8236
f 408 406 7834
f 796 1311 4783
f 1376 1061 7366
f 6443 3111 3109
f 774 6262 39
f 6050 6578 5493
f 3726 1337 5429
f 826 8237 7701
f 4026 8239 8238
f 8240 4026 8238
f 8241 6855 8242
f 5152 2002 2003
f 6132 3418 4572
f 2594 1470 1522
f 2594 94 1470
f 8243 8244 5812
f 5547 6679 5546
f 3415 3416 2684
f 4617 7941 4483
f 7619 8246 8245
f 549 216 548
f 1817 8247 1816
f 820 1977 1978
f 682 2347 591
f 5890 8248 7126
f 2749 7055 2748
f 7279 8143 8249
f 8250 6161 1776
f 2689 4673 4671
f 8217 2472 5805
f 6376 2949 2947
f 3306 8252 8251
f 8253 6995 5042
f 6996 1947 1948
f 8254 986 3479
f 3451 2330 7071
f 2857 6430 8201
f 3514 8255 7825
f 8255 7828 7825
f 8256 8258 8257
f 403 404 1951
f 7234 5909 8259
f 1837 8261 8260
f 5881 8263 8262
f 586 4578 7020
f 6998 8264 4190
f 8265 4844 4845
f 7268 4923 6985
f 6816 8266 2009
f 4799 2465 3740
f 8267 8268 5993
f 1712 3805 8269
f 8270 5356 6911
f 6426 8271 4656
f 2935 2936 6652
f 2870 4533 731
f 1961 2575 1960
f 8272 8273 7887
f 6351 7179 8274
f 3121 7550 3495
f 8275 1617 2496
f 1142 7014 3851
f 7014 3263 8276
f 6222 8277 6680
f 2198 2196 7887
f 6894 8279 8278
f 8280 7294 545
f 550 210 2796
f 3139 5474 5475
f 3096 4004 3095
f 1850 8281 6872
f 7451 4022 3356
f 2911 909 991
f 3609 7854 8091
f 6692 1649 1953
f 6965 7108 6964
f 8282 7440 8283
f 7211 6529 6528
f 1352 1353 2347
f 4201 3000 3001
f 8284 5954 8285
f 6032 4269 4270
f 7930 8286 4838
f 2389 4944 2388
f 807 1359 806
f 614 1180 6403
f 6598 6599 7242
f 2007 3418 7226
f 5741 6355 4252
f 1041 5064 1040
f 4686 7517 2584
f 8287 4042 867
f 3741 5674 413
f 3741 3742 5674
f 1760 8289 8288
f 8290 6576 8291
f 7252 4822 7251
f 7235 8292 5832
f 8293 6022 3057
f 5187 3786 5186
f 7536 2865 8294
f 2899 2900 8295
f 2089 2090 5543
f 3674 4713 3684
f 5342 5343 7481
f 5305 4735 4734
f 6366 3678 3836
f 8296 4076 8297
f 232 4 5
f 4647 1424 8298
f 8299 6308 6309
f 4950 2053 871
f 5429 2934 2935
f 8300 2263 2264
f 8301 3010 3008
f 8302 945 8303
f 7552 4321 1681
f 5308 5309 8304
f 8305 8306 7771
f 4086 7805 4085
f 8237 1820 3401
f 4148 2615 8307
f 7268 7269 8308
f 180 181 3530
f 8309 8256 6622
f 5596 8310 7148
f 2272 5666 2271
f 2111 283 5405
f 8311 8217 8312
f 8313 8315 8314
f 1180 3302 6402
f 3794 3576 575
f 567 6766 4056
f 6873 6583 1120
f 6186 2739 4698
f 7107 7727 7728
f 5502 910 7395
f 2559 4458 5813
f 1873 1874 3245
f 4874 5321 3269
f 7546 2697 5254
f 4084 114 1018
f 8031 8317 8316
f 938 936 3981
f 5208 6443 5210
f 6093 743 741
f 6280 2598 5485
f 5511 5512 8318
f 6840 8319 6841
f 3087 6563 3089
f 8320 7196 7194
f 6226 8321 1799
f 5136 5137 7279
f 3722 7065 2132
f 2968 8322 2970
f 5109 313 314
f 5109 4517 313
f 2971 6539 7203
f 8323 8325 8324
f 6304 8326 6303
f 6074 4511 8327
f 2220 2221 5747
f 5072 8328 2460
f 4572 8329 67
f 2754 4263 3144
f 5076 7453 8330
f 8256 6621 6622
f 1794 5370 1796
f 5358 772 1044
f 1612 2787 4363
f 1826 2148 1828
f 5933 940 4471
f 4911 7676 227
f 7138 7139 8060
f 2418 2419 230
f 8331 3919 3657
f 8332 6789 7569
f 8333 7479 8334
f 8335 8337 8336
f 4289 3252 1554
f 2421 8338 2423
f 421 4228 7640
f 4516 1372 1373
f 2175 3470 2174
f 1498 3688 3689
f 354 3771 291
f 5411 4320 3121
f 5642 3239 5864
f 2591 7256 7743
f 2245 5087 521
f 8040 6047 2826
f 6492 7970 2971
f 2106 2819 2105
f 4434 1687 4433
f 8339 747 2917
f 7094 7351 7093
f 2223 8340 2432
f 5598 5599 7228
f 730 2397 2398
f 5054 8341 3990
f 807 241 1360
f 7662 8343 8342
f 7412 6867 6868
f 6360 6274 6407
f 6360 6407 142
f 8344 8345 5382
f 8344 7729 8345
f 8346 2732 5523
f 2933 5176 2932
f 8210 4360 8347
f 1905 5661 7389
f 2381 2382 4340
f 3515 1373 1375
f 8348 8349 1818
f 4489 8351 8350
f 4489 4488 8351
f 3536 7663 8352
f 7389 5111 1905
f 8206 2891 4689
f 4179 8354 8353
f 3397 8356 8355
f 8357 8358 1986
f 2846 2844 6425
f 2463 8359 5712
f 347 3811 705
f 797 7769 4210
f 4526 1571 8360
f 246 5837 5838
f 8361 8362 6715
f 8363 8364 2362
f 6447 334 2626
f 2543 1583 1584
f 7538 3815 5799
f 8365 5606 469
f 25 26 931
f 936 937 6638
f 7855 8367 8366
f 8368 6377 8369
f 6420 1270 3595
f 4842 7962 5167
f 880 5387 5988
f 1367 2341 6124
f 5662 7482 8370
f 4403 6196 5519
f 4196 7333 3204
f 2352 7645 8371
f 8372 8373 48
f 7204 2597 8374
f 2897 6548 6568
f 7588 5043 8375
f 2532 3017 993
f 823 367 5085
f 8376 7346 8377
f 1728 8379 8378
f 8187 6436 6655
f 3471 2561 5813
f 1684 8380 1685
f 6357 1114 6497
f 4243 5897 5518
f 1198 474 7516
f 6148 8381 3592
f 171 172 4394
f 1284 725 726
f 4444 7344 2793
f 3619 3620 1148
f 3088 6325 7050
f 8382 5185 3839
f 5544 6251 7045
f 3254 8383 3243
f 4063 3197 7439
f 8384 1093 1094
f 49 1605 51
f 4655 3273 8385
f 8386 8387 6320
f 5360 5358 8388
f 3874 5833 8013
f 8389 4131 1595
f 3609 7556 3608
f 5228 1984 2007
f 5340 3204 3205
f 8390 8391 5433
f 537 538 8392
f 5747 6457 3323
f 1732 8394 8393
f 3479 8395 8254
f 3479 2138 8395
f 4624 3986 1244
f 7020 2691 2692
f 3066 7722 4095
f 8396 7013 1140
f 854 5538 3834
f 7052 7116 8397
f 729 4785 728
f 2078 377 378
f 3057 3058 8293
f 7274 6699 6784
f 3143 1925 5961
f 8398 8399 148
f 6173 7787 2024
f 5720 1124 1772
f 3904 8400 3532
f 1515 8285 8401
f 8402 7863 8403
f 3946 7561 6203
f 2036 4125 2049
f 8262 754 8404
f 8405 8407 8406
f 4111 4034 1851
f 3149 1943 1612
f 8408 8410 8409
f 2223 260 8340
f 8411 2306 2304
f 8412 8414 8413
f 2734 2732 8346
f 950 951 2884
f 8415 473 8416
f 7216 7217 8417
f 5604 3844 1349
f 4542 4540 5319
f 4468 2467 5442
f 6849 4757 6212
f 5340 4195 3204
f 6184 7288 6183
f 2300 8418 2160
f 786 5461 4971
f 4485 8419 7155
f 8420 3849 3230
f 8421 8423 8422
f 4178 8425 8424
f 3159 4038 4036
f 6877 6878 7371
f 3005 5007 1809
f 7720 862 860
f 2742 1319 1317
f 8231 4567 8426
f 8427 3464 8029
f 7574 5020 6051
f 6623 2854 2852
f 8333 8334 8428
f 8429 7939 8430
f 3022 8431 3021
f 8432 7454 8433
f 4236 6799 3482
f 2131 804 1635
f 6012 6010 8434
f 491 3963 2755
f 6492 2971 7203
f 8181 7789 6463
f 6897 6840 8435
f 4451 4667 7902
f 8436 1334 1335
f 724 8437 5822
f 6577 2424 7243
f 8438 8419 6448
f 8439 5035 5034
f 2632 2673 3689
f 7742 6213 6934
f 8440 8442 8441
f 3501 3502 8443
f 2179 6087 7445
f 5204 1961 6797
f 5326 1046 4266
f 4700 4096 4097
f 8444 6613 4074
f 8445 4143 4144
f 2023 5051 6776
f 8124 2733 7747
f 2557 8447 8446
f 6162 7242 2577
f 2425 2426 3497
f 7628 5214 3652
f 1750 929 8448
f 5175 1879 6511
f 1080 1079 3116
f 8449 1835 3887
f 3718 6460 3577
f 5402 6041 3106
f 1875 3816 1874
f 3352 5090 4292
f 6835 635 5156
f 1756 1143 1755
f 7384 7385 2485
f 3130 3131 8450
f 5656 731 6796
f 6607 7458 7968
f 4141 559 7679
f 171 8451 170
f 8245 7621 7619
f 5280 5210 5279
f 8186 7733 6972
f 7647 8087 8047
f 8452 3278 6953
f 7517 7518 8453
f 4384 2792 2793
f 3808 4359 7169
f 8454 2570 8020
f 7580 7581 8066
f 1196 5529 8455
f 3535 190 3666
f 8456 6491 5060
f 6103 2727 2728
f 6488 8457 6490
f 7670 7873 3223
f 2229 2230 5814
f 2017 2015 5933
f 8458 107 105
f 1752 1753 7394
f 6224 1928 7861
f 8459 1190 7428
f 8460 8462 8461
f 4807 393 2189
f 7823 7015 7112
f 8463 7233 8464
f 8465 8467 8466
f 7978 8468 1467
f 4321 3121 4320
f 2716 8469 4506
f 4746 766 767
f 4264 399 2697
f 7745 3280 3278
f 1948 1990 62
f 5711 7961 8001
f 1391 6880 4968
f 7333 6367 3204
f 1298 1299 8470
f 8471 7871 1840
f 1690 8472 2393
f 7777 4725 182
f 5237 8474 8473
f 1500 1501 4808
f 4247 4248 8475
f 7135 6404 6402
f 4550 8197 5419
f 224 225 1908
f 5764 8476 5763
f 8189 4210 4209
f 5937 1776 6783
f 3931 4957 3930
f 8477 8478 2888
f 620 621 361
f 4090 1096 4410
f 6793 8479 5170
f 6185 6186 1741
f 8480 3506 8481
f 7407 5334 5335
f 2516 222 223
f 4072 1745 6935
f 5332 229 5331
f 8482 675 676
f 7597 7690 7932
f 8483 7882 8484
f 1319 6270 4222
f 4888 4304 8485
f 7051 8421 6899
f 5002 5702 1290
f 3864 5061 3863
f 1972 4945 2227
f 3842 7484 79
f 6408 7541 7539
f 601 599 7285
f 661 3875 7969
f 6327 4448 8486
f 6436 5748 2221
f 6456 5607 2906
f 3423 2212 2530
f 2017 6739 8487
f 8488 8489 6237
f 6745 3270 8490
f 1555 3625 6319
f 6077 6078 7970
f 3377 4853 3183
f 907 8491 5623
f 3707 1839 1963
f 3707 3202 1839
f 8120 8492 4621
f 8493 6065 696
f 8494 8495 117
f 317 6505 6664
f 8496 680 681
f 6907 3431 3429
f 7739 8498 8497
f 4877 3353 7340
f 7578 779 7577
f 3069 8499 6019
f 5317 5968 5455
f 2894 6680 8277
f 13 14 461
f 8500 6134 5851
f 2165 7401 4135
f 8501 8147 35
f 7535 8503 8502
f 8504 8505 3528
f 4314 436 6975
f 8048 7038 2112
f 8506 4646 8298
f 8507 5739 2726
f 5580 5946 4863
f 4789 1227 8508
f 4559 4560 458
f 7130 5873 3265
f 1956 1957 7378
f 3372 8144 3371
f 4147 6533 6534
f 6002 7605 5062
f 3760 5380 3759
f 4481 1280 4480
f 7962 2998 7710
f 8509 2836 8510
f 1789 2797 3661
f 333 7234 1073
f 333 5909 7234
f 2180 8511 2177
f 4626 2922 2921
f 4626 3491 2922
f 8010 5573 5572
f 7555 4963 4964
f 3961 5129 3960
f 250 251 4064
f 3853 6827 3852
f 6029 6026 8036
f 2964 7665 932
f 1313 6068 1312
f 921 919 2963
f 7591 4717 5178
f 8512 4893 8513
f 3741 413 2896
f 1099 5616 3632
f 8514 8515 6738
f 8516 7327 4547
f 5852 86 84
f 209 8065 7519
f 209 7519 211
f 4999 7583 6450
f 1650 1651 8517
f 1201 6344 1203
f 904 7086 6536
f 2668 2403 2404
f 6169 1605 6562
f 3324 4233 7769
f 3362 5070 8518
f 6716 3521 3522
f 4776 7388 4775
f 7826 311 7244
f 438 3829 4865
f 438 439 3829
f 8041 2826 842
f 8519 8520 7276
f 8521 2631 4054
f 3906 3904 3532
f 3024 7083 814
f 7417 7418 3357
f 3981 936 3980
f 8522 5895 5849
f 4487 3072 996
f 4239 8523 4238
f 8362 8361 8524
f 8388 5358 2548
f 793 794 8525
f 7871 2029 8526
f 552 1788 3662
f 5783 7346 7345
f 835 6323 837
f 7316 8527 7318
f 3410 4710 3409
f 5287 1607 1608
f 5287 7419 5288
f 1397 7485 2814
f 1270 6420 1269
f 3899 3921 815
f 8528 7990 7991
f 1811 1523 36
f 4577 8529 2744
f 6363 4073 5323
f 4242 2629 4241
f 2330 3451 5246
f 8530 3279 5678
f 6720 3448 3446
f 2401 5365 5364
f 6101 1624 1625
f 6101 1625 1029
f 956 8292 7235
f 1305 5998 1304
f 8531 8532 3010
f 5268 8533 5478
f 5268 5478 5267
f 7750 8534 8532
f 7750 8532 7752
f 259 5018 4093
f 2716 4504 503
f 2741 6195 8535
f 3095 4003 8536
f 8109 1349 8537
f 8538 8540 8539
f 6604 2892 8541
f 8542 8543 7637
f 8544 7811 8175
f 8545 8547 8546
f 5626 3487 5628
f 7419 6051 6052
f 1941 2786 1943
f 5261 8548 595
f 8549 6727 7804
f 3107 1419 1420
f 6094 2363 3132
f 8550 8122 1002
f 5512 5968 5317
f 8551 2840 3215
f 1250 693 2946
f 1064 1065 8552
f 712 1355 1354
f 6219 8553 3703
f 4045 7795 8554
f 8555 7012 7273
f 7998 8557 8556
f 8558 7920 8479
f 7415 5824 8559
f 4632 6646 7504
f 4632 2952 6646
f 8560 2431 8561
f 6893 5640 4628
f 8562 8564 8563
f 8565 2958 2959
f 8566 7561 8567
f 3885 8568 5416
f 8569 8570 7035
f 913 7591 5178
f 8571 4712 6770
f 677 683 396
f 1355 2813 8572
f 5248 5249 8573
f 4422 7163 8574
f 7617 8576 8575
f 1069 8577 2683
f 6301 6299 1508
f 6654 8578 6820
f 8270 7405 8579
f 8535 5397 2741
f 1957 5368 4868
f 8580 8582 8581
f 3837 270 268
f 672 673 3905
f 2903 8583 4658
f 3561 1223 1221
f 4898 3916 4897
f 8584 8586 8585
f 2260 5123 3328
f 2246 2247 3664
f 6183 886 4884
f 518 7203 6540
f 4783 3323 796
f 2778 2171 2172
f 8587 3891 3890
f 1703 7985 7986
f 270 1359 122
f 1125 1123 8588
f 1804 8590 8589
f 2098 739 740
f 8511 2180 8591
f 8592 5723 8593
f 8594 8552 8595
f 6419 3131 3129
f 7275 6491 8456
f 7227 5671 3846
f 8596 8023 4682
f 3487 3488 6516
f 6100 6098 8233
f 8584 3013 3011
f 8597 2202 868
f 5760 6973 958
f 7047 8598 3405
f 765 8382 8464
f 3312 8050 1122
f 8176 5984 8599
f 7162 7758 6941
f 6586 8188 8600
f 8601 8603 8602
f 2281 8604 2283
f 583 8605 6369
f 6469 5060 1592
f 3664 921 6013
f 8606 8607 3621
f 8606 198 8607
f 3140 8409 3142
f 8608 8609 4887
f 5271 7151 5270
f 8110 7496 8551
f 6257 7918 1682
f 6515 782 8610
f 8611 5117 8612
f 7492 7382 3083
f 8613 5311 8196
f 2461 4315 2460
f 8614 2076 5630
f 8615 8617 8616
f 8618 8619 5254
f 1490 959 802
f 7723 8620 8026
f 7367 6181 1254
f 2760 2761 8621
f 5931 7733 2796
f 1782 6211 2813
f 6929 4336 2884
f 3954 8622 3953
f 1490 2581 959
f 6900 8152 3469
f 7825 7828 816
f 4826 4824 1668
f 1167 4751 6996
f 4710 7029 5253
f 2122 785 7937
f 8623 4495 4493
f 2038 2825 6957
f 630 5898 629
f 1901 2607 2608
f 8543 4061 4059
f 1637 1638 4512
f 6019 3068 3069
f 7049 3056 8624
f 6069 939 8625
f 6011 8626 6010
f 1322 4802 4803
f 4556 248 249
f 5609 1342 7022
f 8627 5148 8628
f 8134 8630 8629
f 658 8463 657
f 4966 6368 4967
f 4966 370 6368
f 781 8631 2925
f 3992 90 3991
f 7741 7742 5973
f 690 691 4916
f 3295 3296 7596
f 1666 7724 1675
f 4386 4576 477
f 2630 864 2631
f 2973 42 8632
f 7444 8633 6269
f 3537 968 966
f 3537 8634 968
f 8635 8431 8636
f 7658 3696 4028
f 4568 5385 5504
f 812 7197 814
f 7759 7760 8637
f 8638 8639 5853
f 8640 8641 7589
f 2691 1483 1481
f 8642 8589 2399
f 2393 7031 8643
f 3684 4713 4894
f 4894 3683 3684
f 3021 8431 8644
f 7611 7612 103
f 5473 7442 7443
f 7688 5161 8645
f 3002 2000 3854
f 3941 4244 6197
f 3415 2684 2701
f 7789 5490 6462
f 7332 2173 4308
f 7717 8646 4189
f 6332 7838 1255
f 3299 4656 1956
f 2016 8647 3287
f 2681 1806 883
f 4390 6447 4150
f 422 4594 4228
f 7019 7535 7018
f 3277 2318 6326
f 4074 4075 5457
f 8233 5850 7450
f 8648 5541 1253
f 8605 8649 396
f 3357 8650 7417
f 5447 482 6089
f 2010 1238 6816
f 8651 1380 8315
f 4157 8081 4156
f 8183 8652 6073
f 2415 3616 2417
f 3472 1046 5326
f 576 688 3794
f 169 6643 4237
f 4626 2921 1563
f 5699 6526 6527
f 7420 4781 998
f 4956 4834 8653
f 6972 7733 1879
f 551 552 5718
f 3700 5999 228
f 8654 8655 2444
f 8656 8352 7663
f 3635 2536 8657
f 2440 7047 5815
f 7152 357 4900
f 2706 1106 1104
f 719 8075 448
f 2047 2277 6578
f 7254 7676 7253
f 1707 3616 1709
f 5700 2500 6526
f 8658 890 4455
f 3251 2506 2504
f 1028 1031 1032
f 8659 3809 2101
f 3731 8603 8601
f 7836 7837 6652
f 8660 3113 8661
f 369 8034 368
f 3295 7596 7597
f 5548 1946 7817
f 5839 43 44
f 360 7097 8662
f 8663 5901 8664
f 3316 2246 3315
f 5341 3452 3453
f 5305 7600 7692
f 4892 4890 8665
f 571 4696 770
f 88 84 87
f 6613 8577 1069
f 6199 6200 8666
f 8458 7782 7780
f 1464 8668 8667
f 8669 8670 7403
f 3550 4402 8211
f 1661 5087 450
f 3277 3892 3893
f 8260 1797 8671
f 564 4690 4381
f 8042 7671 357
f 5947 3529 3530
f 8672 7386 1699
f 2400 4453 5050
f 5350 8673 1356
f 8674 3651 7644
f 6053 1669 7618
f 8675 5101 1482
f 97 3158 2154
f 96 97 2154
f 2685 8676 2704
f 5379 5380 6707
f 965 3029 964
f 6216 8677 4475
f 4785 729 8678
f 8678 729 8679
f 6338 437 4384
f 2824 2061 6069
f 8680 8681 3202
f 7330 8682 2392
f 7330 7331 8682
f 8683 1717 1718
f 8684 8685 2760
f 7438 2482 2445
f 2932 5176 71
f 1223 7349 1222
f 8686 8506 8298
f 8687 4930 4931
f 4631 4632 6180
f 8688 4108 2211
f 3665 3666 4734
f 4292 5673 8235
f 139 5345 138
f 1869 522 523
f 5584 3470 5585
f 8044 6870 8689
f 1805 7446 8340
f 225 901 1908
f 5382 8345 824
f 276 7347 275
f 3996 3994 2093
f 903 7411 14
f 5300 1934 6145
f 2953 2088 1248
f 2953 481 2088
f 8568 5337 5416
f 8413 8414 8690
f 8619 7545 5254
f 3110 3111 4732
f 3527 5686 4563
f 6436 8187 3322
f 8691 1999 8692
f 7473 3538 3775
f 7473 3775 7472
f 164 4973 166
f 4267 6766 5492
f 6605 6606 4364
f 6605 6604 6606
f 3021 2687 8693
f 8694 7819 8695
f 3911 8696 5027
f 8259 8464 7233
f 2915 3120 7495
f 2301 2304 6693
f 8697 3387 3388
f 5104 5102 8698
f 5087 449 450
f 65 834 1150
f 4819 5548 5546
f 5088 8699 6821
f 8326 6304 8700
f 2958 8701 8354
f 8702 7030 2853
f 7550 2915 7551
f 244 3175 8703
f 8704 6482 8249
f 4796 2512 2513
f 7241 8705 7277
f 1336 2872 1335
f 1944 1407 1405
f 8013 5833 750
f 1770 8707 8706
f 8708 5688 4124
f 2469 6641 4757
f 4318 3339 8709
f 8641 8640 1693
f 2015 3286 5932
f 8710 3232 5384
f 3420 1525 3630
f 2426 4369 3496
f 8711 6285 8712
f 1495 6769 1494
f 8713 8714 7120
f 4978 163 1918
f 7160 5994 5992
f 8342 8716 8715
f 7071 4149 4692
f 6954 8452 6953
f 8717 3765 3348
f 8718 1743 8184
f 1321 510 1320
f 4433 8719 4432
f 1757 4307 4308
f 6379 6380 7615
f 8530 6454 8720
f 8721 8722 524
f 8721 6128 8722
f 6662 8723 6663
f 1532 1533 4889
f 8724 8726 8725
f 8727 8729 8728
f 8730 821 6863
f 6446 6382 8731
f 627 4711 626
f 6396 1610 6395
f 8133 8732 6679
f 1676 5150 4014
f 2241 8733 2265
f 8734 4442 8474
f 7222 3141 7224
f 2216 3082 2215
f 8735 5596 8736
f 7969 660 661
f 423 8142 422
f 5451 3901 6529
f 1992 7707 8737
f 8179 1545 5103
f 2777 448 446
f 7302 7565 99
f 2595 5292 2690
f 6481 1732 1733
f 3507 6316 8738
f 8739 495 7386
f 3516 4517 4516
f 6259 8581 1864
f 8740 8742 8741
f 1857 1855 6813
f 8743 8745 8744
f 8746 8748 8747
f 6741 381 8749
f 4141 560 561
f 4035 2670 2493
f 1981 5494 1980
f 3522 7857 8750
f 7562 8004 8567
f 3182 4425 3931
f 1947 4751 4616
f 4454 1491 219
f 8751 1813 3156
f 6863 6641 8730
f 2715 1416 1417
f 443 8679 445
f 7602 5669 8752
f 7847 8753 3597
f 6272 7867 6287
f 8754 8756 8755
f 7023 7869 5680
f 8356 8757 8410
f 8101 8226 8758
f 6720 1383 1384
f 6298 6871 1161
f 6901 8759 7904
f 86 5852 8760
f 6054 1236 8761
f 3268 941 6069
f 8762 1264 4501
f 7927 8763 7926
f 8156 7910 4748
f 1135 1136 8764
f 7568 1054 1055
f 7568 4690 1054
f 5835 1102 8765
f 8766 8768 8767
f 8108 8769 7630
f 3526 8771 8770
f 4408 4406 2032
f 4945 2849 4348
f 7553 8769 8772
f 6222 7815 7816
f 1055 606 6779
f 5034 1587 8773
f 501 4098 503
f 5930 5553 1881
f 4680 8774 8391
f 7839 8760 8775
f 8776 8777 5635
f 6408 6287 3543
f 3281 6203 6142
f 6940 8778 1493
f 6762 6361 8418
f 8200 851 7324
f 2673 2633 3728
f 7913 4262 5288
f 3695 1404 4591
f 7983 6248 6249
f 8606 3622 8779
f 5114 6277 8780
f 2783 2470 2606
f 1406 1407 8781
f 4740 8781 1407
f 4703 8782 4705
f 5040 3925 6370
f 4486 4487 5049
f 2575 1961 5204
f 5417 6130 8783
f 5417 8784 6130
f 2255 773 431
f 8135 4115 2510
f 331 4866 333
f 5355 5354 8785
f 7834 6110 1549
f 8260 1962 1963
f 4286 5224 4045
f 3512 8786 6184
f 5122 2261 7011
f 6583 6298 2636
f 2496 2497 6151
f 356 357 4470
f 5606 8365 8038
f 6554 1035 3042
f 8787 8348 8788
f 1510 1508 5781
f 8789 3099 3644
f 2605 2468 8790
f 2468 2605 2470
f 1146 4662 2946
f 1599 6620 8791
f 5778 7792 7371
f 8792 7109 6138
f 5102 7109 8792
f 2331 4149 2330
f 3243 8383 4778
f 8793 6043 8794
f 8795 7959 2730
f 3889 4148 8442
f 8796 8798 8797
f 1635 1636 2654
f 4380 6296 5402
f 234 6407 6408
f 3726 7303 3749
f 7865 3486 5626
f 3987 8799 7977
f 8800 4904 1039
f 1768 8801 363
f 4456 758 756
f 7210 8057 1493
f 7040 5058 5057
f 2464 6238 525
f 6869 8802 4838
f 8647 7156 3188
f 1849 1037 5227
f 3095 8803 5371
f 2200 8245 8804
f 4690 564 1054
f 8805 8807 8806
f 8792 8698 5102
f 8808 5615 8809
f 7498 919 4206
f 4322 7360 1194
f 1897 6611 2335
f 8800 6873 1120
f 2029 7871 8471
f 4639 900 5486
f 8428 6201 7847
f 8810 5407 8811
f 6041 8499 3069
f 8329 4305 67
f 1516 4372 4373
f 1130 8813 8812
f 3959 723 724
f 5102 1545 1546
f 4814 8814 4813
f 8665 8815 4892
f 8166 2025 5325
f 8166 8816 2025
f 3486 7865 3935
f 5444 5110 1200
f 7958 291 292
f 801 799 7097
f 2746 3402 3123
f 8817 8819 8818
f 8820 6524 6918
f 4769 5515 2706
f 7972 7973 8821
f 6642 6643 8223
f 5436 1390 5435
f 5436 1392 1390
f 6150 4718 4719
f 4719 6635 6150
f 8822 6918 6524
f 1160 1161 8823
f 6203 8323 6142
f 3945 8823 1850
f 2894 192 193
f 1220 670 253
f 4235 4236 3482
f 268 4661 3238
f 2567 2568 8824
f 5679 5680 4814
f 2240 3209 1884
f 1086 8825 7647
f 5557 7657 7081
f 8826 8827 8822
f 8245 2200 8828
f 8673 5350 3009
f 3301 472 2103
f 3731 8601 3226
f 2198 4023 2197
f 238 239 4941
f 5125 6546 4274
f 3938 1685 6686
f 8829 6815 7582
f 7747 2733 3933
f 1775 1776 6161
f 5033 5152 5751
f 8830 1813 8831
f 4734 7600 5305
f 3070 3106 3069
f 6869 4838 6625
f 1853 4034 7467
f 7247 738 5077
f 4137 4409 5539
f 8635 6878 8644
f 7340 7969 3875
f 1302 2799 1301
f 8832 4105 4106
f 8833 2527 2803
f 4367 4365 8834
f 4253 133 4128
f 3875 2176 7340
f 674 6428 6426
f 7351 4973 7959
f 8835 7181 8836
f 5752 4125 5751
f 5752 4124 4125
f 6345 2089 1203
f 7850 7851 8837
f 4096 4700 4701
f 4801 7759 459
f 6368 6334 7266
f 1229 8838 7490
f 8839 8840 3865
f 2793 3003 3004
f 8841 7409 7927
f 3222 3790 3788
f 8842 8844 8843
f 8090 8845 6014
f 4977 2916 2917
f 1802 1800 7270
f 8603 3731 3729
f 8846 7308 2509
f 1591 2623 1839
f 6514 8847 5081
f 3109 3474 6443
f 5343 7702 8848
f 7823 7824 8849
f 5830 8850 7397
f 6374 6848 8851
f 8852 6365 8587
f 6274 6360 5598
f 1729 8080 2519
f 8158 167 5061
f 7492 8853 2377
f 6588 1809 1810
f 5129 8854 8538
f 2191 3345 8568
f 1738 1739 4873
f 4468 4916 4467
f 8855 8147 2989
f 8548 8856 595
f 6233 4430 4431
f 3469 3470 5584
f 264 262 4584
f 2886 5253 7029
f 6678 2107 2108
f 6785 3268 2062
f 7353 448 8075
f 8230 415 8033
f 6387 5549 6001
f 5548 4819 1946
f 7431 8694 8695
f 5775 6400 8857
f 4200 6003 4202
f 2633 2618 3728
f 1266 8858 2502
f 6413 4112 4113
f 4945 4348 5877
f 1960 2575 8859
f 6102 1577 5791
f 4724 749 6866
f 6386 7233 8463
f 6731 2471 5985
f 4029 3696 83
f 5562 1141 3852
f 5229 4010 8094
f 5355 4381 4650
f 7404 3655 4737
f 2276 7559 2268
f 6885 8074 1408
f 8860 5724 8861
f 3185 6568 1338
f 2269 5653 2268
f 8263 8002 8003
f 8404 755 2545
f 2539 7005 2538
f 8862 8864 8863
f 5191 5190 2318
f 6372 6373 8865
f 4557 6790 3735
f 7864 5291 2595
f 4423 4155 4957
f 6538 3034 8866
f 1032 1030 1028
f 1970 6979 1969
f 8867 8868 186
f 5704 7949 8869
f 2387 4495 1506
f 3089 8870 1606
f 1345 7758 1347
f 1345 1125 7758
f 3542 326 2202
f 7601 6901 6902
f 4779 5731 3242
f 6556 8871 2686
f 2446 3745 8369
f 7092 8872 7094
f 7697 550 8873
f 8285 1515 8558
f 2326 3573 4233
f 7395 3845 1752
f 7172 1966 1967
f 3831 768 7903
f 8436 6708 1334
f 1606 8870 1605
f 2189 4305 2188
f 7001 257 3633
f 7001 256 257
f 5070 974 972
f 2316 3356 4022
f 2316 2317 3356
f 1201 8494 8874
f 6696 2899 8295
f 7176 4950 872
f 1403 200 201
f 1958 5709 5710
f 2673 760 1498
f 583 584 8605
f 8168 2150 744
f 8875 1740 8876
f 4370 1589 1590
f 5357 4184 1700
f 8337 451 449
f 3652 5214 5212
f 2759 3551 3552
f 6126 8253 485
f 4787 7460 2513
f 1440 618 60
f 1980 6578 2277
f 5355 8877 3799
f 3920 5056 3657
f 3177 7557 5418
f 8358 8357 2144
f 7395 7394 5502
f 8878 5433 8391
f 8422 8879 8421
f 4605 8880 1083
f 1151 7343 8744
f 1474 5886 3180
f 7640 4226 1015
f 7302 4519 4566
f 7302 1706 4519
f 8881 8882 6339
f 8883 8885 8884
f 1670 5921 5922
f 5155 7034 8886
f 8887 3140 8182
f 8888 939 2228
f 5884 2321 8889
f 8890 7908 8891
f 6813 7888 8892
f 188 6364 190
f 2449 78 2991
f 6399 6698 7764
f 5295 8893 5297
f 4170 5574 249
f 1056 2910 2908
f 8894 5978 8842
f 4325 3605 5633
f 3145 4263 7544
f 4649 7467 8895
f 8896 6299 5695
f 6305 8897 2291
f 8644 8431 8635
f 7199 3814 7538
f 4158 8898 3686
f 3686 2381 4158
f 7489 2815 2816
f 261 2463 5712
f 3056 7048 3055
f 6467 6468 7622
f 5640 1707 4628
f 4294 4292 5090
f 8169 7592 8899
f 6126 483 2976
f 779 6971 7577
f 7918 3780 4919
f 5954 8284 5953
f 8900 8902 8901
f 4605 6937 4604
f 1225 8525 6410
f 1225 1224 8525
f 4293 6535 4292
f 7018 3442 8903
f 8904 8905 5561
f 2169 2274 5278
f 2169 2276 2274
f 3527 3528 5686
f 442 2447 441
f 3545 4872 4871
f 5327 2360 2361
f 3117 3118 1882
f 3066 3067 4346
f 3884 7503 3886
f 8436 6865 8906
f 6113 8865 2747
f 8907 8909 8908
f 6612 7722 4345
f 6891 5609 7022
f 8910 8912 8911
f 2395 1503 2394
f 6545 7581 6544
f 5914 8913 2522
f 5916 2642 2643
f 5916 8914 2642
f 4359 3808 1755
f 1984 1982 4889
f 8431 3022 8915
f 8911 8912 1383
f 1516 6122 1518
f 8730 6641 8153
f 1927 6503 3423
f 2373 4553 2372
f 8916 8917 3146
f 8360 5983 8177
f 4651 4242 8918
f 8625 2824 6069
f 1496 8155 7945
f 7069 8919 7848
f 8150 1105 2707
f 1243 1244 3986
f 6515 6346 782
f 1860 6710 6379
f 5824 1032 2578
f 6139 142 233
f 4149 7071 2330
f 5693 92 5692
f 5047 8576 7616
f 1496 5913 8920
f 6202 4891 4892
f 6370 1695 7182
f 7452 5792 8921
f 7355 5684 5685
f 8922 4474 1413
f 966 16 3536
f 966 967 16
f 1989 3136 4081
f 8923 8925 8924
f 2856 6380 6378
f 3044 5143 3043
f 4750 4330 4749
f 5568 6937 7015
f 6145 1934 2130
f 1384 1382 8926
f 8500 7898 5470
f 1534 1535 8927
f 7058 8723 6662
f 8174 5074 501
f 1649 6022 8293
f 5355 8785 8664
f 3198 4184 3436
f 1188 994 1187
f 2647 4549 2649
f 3065 4095 896
f 2452 6190 2996
f 3636 415 8928
f 1550 3134 3132
f 8929 8930 3626
f 6496 6615 4995
f 4862 5698 2498
f 8931 8932 3618
f 4119 5412 8204
f 8036 8174 501
f 1553 1551 8933
f 890 8658 8497
f 8934 4383 4915
f 5032 8936 8935
f 8937 2922 6085
f 1010 7365 5109
f 3040 3779 995
f 4311 4161 3207
f 5783 8380 1684
f 8938 829 7963
f 1833 2177 8511
f 8939 8138 8940
f 8846 2509 2510
f 8941 8703 6677
f 6751 4412 5574
f 8942 5901 5902
f 8943 1560 4672
f 8719 5277 1296
f 4087 3501 8443
f 3652 1802 7270
f 4253 132 133
f 1696 3629 4474
f 1696 2855 3629
f 3828 3829 6338
f 8944 8945 5481
f 2821 888 7797
f 6377 2446 8369
f 6180 6356 8946
f 1220 909 2911
f 5140 516 5139
f 6799 4236 5848
f 3791 1871 1872
f 5816 7608 7661
f 8947 8948 8296
f 8949 8048 8049
f 8614 8950 2075
f 6937 5568 6938
f 1969 6979 4351
f 6626 6279 8129
f 5520 4509 8951
f 4468 5442 426
f 2382 2380 8952
f 2517 873 7206
f 3301 2103 3728
f 8953 8954 8778
f 6159 6136 8955
f 6159 6160 6136
f 2593 93 2594
f 4638 787 1257
f 5353 5894 8202
f 6070 1715 6903
f 8862 2032 8956
f 6051 7419 6117
f 3058 1606 8293
f 7152 8957 4470
f 1169 8064 2576
f 4876 7528 4875
f 5402 3106 1420
f 8013 750 1574
f 5905 8959 8958
f 6174 3169 628
f 4389 7555 1525
f 4318 2285 2286
f 3566 3011 3012
f 5749 5089 5889
f 4251 3289 5613
f 3303 3304 4480
f 8708 3500 5688
f 6545 8960 7581
f 92 6301 91
f 7375 8961 7374
f 6696 5333 2104
f 3393 18 3891
f 5386 3023 3092
f 4733 5749 5269
f 3305 5689 2846
f 4733 2178 5749
f 5554 4937 3549
f 552 1467 1788
f 5252 5175 4804
f 6623 1671 2854
f 5870 7049 8624
f 5480 8962 6224
f 2437 2436 2693
f 8500 5470 6134
f 713 711 1396
f 8963 8965 8964
f 5317 6759 425
f 1523 1811 1524
f 440 2484 6574
f 1025 3138 5475
f 4550 5419 5418
f 2985 7370 2671
f 8966 5022 8967
f 3186 500 498
f 7055 3147 6104
f 1162 8968 3379
f 2453 8970 8969
f 2453 6434 8970
f 175 6978 174
f 4375 277 4227
f 2516 223 6441
f 4682 8971 8782
f 3850 8972 3229
f 8374 3964 4811
f 947 8420 6921
f 5626 266 3028
f 8973 7543 7542
f 6257 3691 8974
f 5004 6335 2515
f 8975 8976 3441
f 5864 1079 865
f 4983 8222 5009
f 5176 70 71
f 8260 8671 8977
f 417 8230 6528
f 4268 2657 8978
f 8979 3918 4898
f 4128 1907 899
f 8915 2012 2013
f 3027 4026 4027
f 1811 3156 1813
f 8731 8980 2016
f 3439 5724 8981
f 3881 1999 7822
f 4341 6811 2831
f 2746 7860 7076
f 4084 960 958
f 8752 8983 8982
f 4938 4939 5660
f 5888 6111 4401
f 6837 8451 171
f 8984 1431 8505
f 5076 618 3365
f 7023 5680 5681
f 1942 1943 3149
f 5556 8985 5555
f 4659 8037 1830
f 7103 5647 8929
f 7888 1228 8892
f 4052 4279 4051
f 4247 6327 8986
f 6446 8487 7797
f 6687 4747 1189
f 5433 5432 5434
f 6612 2240 2328
f 5362 343 8987
f 3747 2851 1972
f 8988 8302 4131
f 1677 1272 4933
f 7313 1464 7312
f 5156 635 5157
f 3767 2163 4722
f 6287 326 3542
f 4225 3235 5530
f 8124 7747 8989
f 8990 8992 8991
f 7881 3147 7055
f 4903 4900 7671
f 2832 4728 2834
f 2746 4699 2745
f 8306 2729 2800
f 2797 882 3493
f 8993 3566 3012
f 8994 8995 1672
f 2897 6568 3185
f 5723 4580 8593
f 3085 1468 1469
f 8047 6557 1086
f 4074 6613 1068
f 822 4757 6863
f 1643 6786 2328
f 4950 6502 4952
f 8996 8997 2511
f 597 91 596
f 3385 4926 1013
f 3658 3990 7531
f 6568 6548 6979
f 3826 7590 3825
f 7795 8619 8998
f 6000 2084 2085
f 8999 1890 6140
f 1241 534 5284
f 7449 7275 8456
f 2619 5444 7516
f 2317 5190 3357
f 1959 2774 5962
f 4006 8015 5435
f 665 9000 8765
f 665 3559 9000
f 4532 5835 6654
f 9001 6467 8898
f 153 154 278
f 8949 7038 8048
f 306 5815 3405
f 9002 9003 6322
f 5173 6307 6972
f 8029 8030 8427
f 9004 5580 4863
f 9004 6504 5580
f 2182 6798 2181
f 8985 5807 5555
f 6211 6212 4755
f 7078 6455 2907
f 5758 70 5176
f 7700 3562 6462
f 6622 8935 8936
f 1875 1873 8978
f 100 1535 1705
f 9005 2848 7705
f 8187 8072 3322
f 8187 1569 8072
f 7338 5415 3682
f 8245 8828 7621
f 4972 4519 4520
f 1565 5834 1475
f 6040 7464 8617
f 3675 4714 3674
f 4174 6362 3346
f 7106 8595 9006
f 5860 5861 5125
f 5757 1981 1979
f 5119 4631 7232
f 2254 2252 4070
f 6491 5059 5060
f 6190 6188 2998
f 8124 5525 2733
f 9007 5502 7394
f 3587 1588 3589
f 759 760 2673
f 4082 7004 3333
f 5587 3721 1268
f 5587 6230 3721
f 795 793 9008
f 8359 2463 723
f 9009 6928 6926
f 7313 6594 6631
f 7451 7342 4022
f 8932 8931 8904
f 996 8375 5282
f 6553 8152 6900
f 2584 2585 5602
f 8612 7923 8611
f 3360 7763 7762
f 4505 4506 8469
f 5100 5439 5099
f 6770 6101 5619
f 2577 2575 6162
f 6374 8851 4492
f 9010 9011 4928
f 6250 3747 1973
f 2125 7793 7582
f 8361 9012 8524
f 3084 2216 9013
f 4896 141 142
f 7726 3449 3732
f 2247 3032 3663
f 3419 8329 4572
f 5691 6745 8490
f 3148 1612 1613
f 8571 9014 4711
f 4711 4712 8571
f 196 1123 1124
f 4164 5347 3367
f 7739 2281 8498
f 5103 9015 8180
f 2096 9016 7435
f 649 4534 4535
f 7733 8186 2796
f 5083 4774 2699
f 1057 408 2364
f 7256 1292 8937
f 3926 3927 9017
f 6038 6650 6039
f 8402 1043 2255
f 2838 2839 3369
f 6437 3824 7421
f 6842 7524 2977
f 4843 4844 9018
f 2113 7354 9019
f 7656 7175 7174
f 1367 5029 2342
f 181 437 438
f 3660 4933 6920
f 5068 1165 5067
f 6574 5286 4542
f 3390 2194 7504
f 9020 9021 7010
f 8065 7697 252
f 6386 1073 7233
f 723 3959 3960
f 9022 7408 8841
f 2223 2432 7342
f 9023 9025 9024
f 7006 6514 2001
f 9026 6571 7746
f 4418 4419 8470
f 8869 1127 2257
f 7102 5975 6666
f 4046 6079 1281
f 6439 515 5179
f 2577 6599 2576
f 7353 8075 6335
f 7066 180 3530
f 2716 4099 1416
f 5536 9016 9027
f 2552 979 1476
f 6528 6698 417
f 775 312 310
f 6072 4128 4639
f 5956 3466 5549
f 3287 2015 2016
f 2757 4548 2756
f 8433 8213 9028
f 7738 9029 8719
f 3117 3994 1080
f 1662 2209 6933
f 3825 7590 2443
f 9030 7304 8392
f 3952 9032 9031
f 6008 2667 2665
f 5361 2649 7822
f 4924 489 6985
f 4924 3601 489
f 3210 3892 3417
f 8625 939 8888
f 7980 4995 4996
f 416 6697 7130
f 4746 4747 9033
f 3154 1276 1274
f 2360 9034 2362
f 2153 2154 3158
f 8120 8349 8492
f 4127 1448 6209
f 9035 5976 1620
f 861 3216 9036
f 1989 3137 3136
f 1771 8497 1770
f 3973 7411 9037
f 5070 3362 5071
f 992 990 9038
f 5192 9039 6107
f 8557 8350 9040
f 1068 1066 4074
f 3387 9042 9041
f 3387 8697 9042
f 7638 3619 6734
f 2826 6047 1911
f 4030 957 1231
f 263 7091 3389
f 2509 9044 9043
f 5789 9045 5788
f 3025 5479 3266
f 8852 968 8634
f 5717 7393 5520
f 4266 692 1455
f 3896 6536 7087
f 2140 2938 2939
f 9026 1848 5227
f 5822 8437 6960
f 1354 1907 3462
f 2259 3328 1469
f 5359 772 5358
f 3997 575 3575
f 971 969 9046
f 4138 5810 4137
f 8914 9047 8797
f 2569 8454 8016
f 6442 1187 7457
f 3842 1813 8830
f 6057 5246 7726
f 1389 1387 7681
f 3105 3103 5907
f 336 2424 6577
f 2759 565 8633
f 5788 7615 8201
f 8578 7506 6929
f 3266 3155 3709
f 5080 8994 1672
f 6735 7599 7600
f 639 1888 5172
f 8787 8492 8349
f 3196 5363 3258
f 1474 1475 5887
f 314 215 3023
f 4857 4858 6780
f 4053 4051 7258
f 1392 5436 7913
f 7767 9048 7766
f 9049 3424 7141
f 4752 4354 4091
f 9050 6330 7930
f 2625 7737 8876
f 2516 3253 447
f 4710 9051 3409
f 8508 1228 7888
f 424 4468 426
f 793 9052 9008
f 170 8451 4477
f 2678 4623 2677
f 6433 4559 458
f 5052 5051 2023
f 8364 9053 8829
f 736 8180 9015
f 9054 9055 8817
f 9056 4991 5294
f 2669 7021 9057
f 6140 681 4681
f 7501 8018 7500
f 9058 7610 7611
f 4888 5739 9059
f 9060 7573 8671
f 4565 7870 5046
f 5537 3288 4250
f 5629 3283 3284
f 5592 6459 7157
f 5199 5198 8603
f 9061 9062 4882
f 5566 6374 2579
f 5000 30 9063
f 3554 1245 48
f 1064 6634 1063
f 6975 4363 4314
f 4475 8677 6004
f 1386 55 1146
f 5808 6073 1399
f 4340 4159 2381
f 5224 7795 4045
f 2164 4133 2141
f 7176 648 8083
f 1979 1980 2277
f 8090 354 352
f 8565 6110 2958
f 3094 5372 5550
f 8337 9064 451
f 5879 9065 5878
f 2134 5604 2133
f 1975 1016 1017
f 2307 4528 4529
f 6837 171 8400
f 3199 9066 8157
f 6643 6718 8016
f 3352 302 3570
f 7373 8620 1667
f 7373 673 8620
f 7501 4330 2004
f 4732 9067 7069
f 3084 9013 8853
f 2102 8299 761
f 6689 5551 3006
f 9068 2571 7905
f 7487 3634 8657
f 2882 9070 9069
f 6670 9071 5498
f 3810 2286 7778
f 9072 8149 2565
f 9073 9075 9074
f 2822 7183 5014
f 8077 8076 4498
f 7539 234 6408
f 9076 5835 8765
f 3351 406 407
f 4515 1072 2614
f 2071 9078 9077
f 7997 7186 9079
f 5545 4127 4126
f 3985 3142 3398
f 9080 9082 9081
f 3514 9084 9083
f 7707 9085 8737
f 3261 6128 9086
f 3261 6079 6128
f 3956 9087 8564
f 6975 342 340
f 539 2011 541
f 5592 3580 6459
f 3088 7050 3087
f 6686 1685 9088
f 1286 9089 5644
f 5727 5480 6224
f 8063 1482 1483
f 1311 8189 1310
f 7310 2951 7646
f 7050 8423 8421
f 1177 6114 1176
f 1201 1202 8495
f 1502 9090 3162
f 7236 1748 1746
f 5602 9091 3643
f 5690 4704 5396
f 224 8572 226
f 9092 2931 2674
f 8404 754 755
f 73 7432 7430
f 1901 733 4533
f 6168 5264 9093
f 7750 8673 8534
f 4810 6250 2722
f 5086 830 520
f 982 983 8766
f 4499 6531 9094
f 5132 7988 5239
f 7232 6180 8946
f 2219 5707 6417
f 3819 3028 3029
f 5584 5304 5305
f 5052 7787 628
f 7775 7810 9095
f 2367 680 2366
f 2367 4013 680
f 7200 6023 8619
f 7200 7201 6023
f 6990 6090 2338
f 8293 1648 1649
f 895 4366 5259
f 4366 895 4365
f 9096 2661 9097
f 2109 5732 5061
f 6593 8313 8314
f 5576 4415 2773
f 2923 4715 9098
f 378 4237 6642
f 8760 5852 8775
f 2837 2838 9099
f 2818 6097 128
f 178 6725 9100
f 2225 5040 5600
f 271 9102 9101
f 271 9103 9102
f 722 723 2464
f 7055 579 577
f 820 818 1977
f 5043 5282 8375
f 3620 1147 1148
f 3412 137 1632
f 9104 1997 5797
f 280 2109 3864
f 8494 115 8874
f 8494 117 115
f 5217 5215 6036
f 5396 5689 5690
f 8042 3081 7671
f 6825 4737 8429
f 1201 8495 8494
f 8580 5534 5535
f 3706 3449 3450
f 7499 8507 2727
f 7825 816 817
f 2359 2738 6541
f 5288 7419 7913
f 735 736 9015
f 1925 845 1893
f 1530 4073 1529
f 9047 8796 8797
f 5326 1453 9105
f 249 5574 4556
f 3179 3180 5886
f 8085 742 9106
f 8174 9107 5074
f 2370 9108 8214
f 9109 4613 9110
f 870 2202 327
f 5640 5638 5940
f 6656 4383 4382
f 1011 1376 7366
f 7211 6528 8230
f 6397 6093 7095
f 9111 9113 9112
f 5757 72 70
f 6324 372 3720
f 250 558 252
f 9114 9116 9115
f 4485 4761 6448
f 6950 75 6952
f 9117 9118 8780
f 1279 5638 5639
f 1873 4268 8978
f 327 4645 870
f 5826 7354 7355
f 325 2549 2550
f 1812 80 1326
f 2459 9119 4114
f 8645 1230 4553
f 9120 7427 8265
f 9070 1714 9069
f 1772 1773 5720
f 1223 3561 3562
f 3298 9122 9121
f 1297 1686 9123
f 8924 7948 6632
f 2397 9124 3606
f 7473 3539 3538
f 1791 3554 9125
f 9126 9127 9003
f 8146 9128 8145
f 4429 3020 4431
f 3715 2993 5527
f 1043 1484 1485
f 3341 8767 9129
f 3064 3700 228
f 4700 4097 2745
f 9130 3091 9131
f 5553 9133 9132
f 1044 2548 5358
f 1402 3780 4604
f 9134 9136 9135
f 9134 7809 9136
f 6946 2646 2644
f 5166 7710 8715
f 9137 4820 1923
f 2601 5658 2600
f 6820 951 949
f 1177 7482 5662
f 7938 4611 3046
f 9138 8496 9139
f 2345 591 2347
f 8824 7196 5468
f 417 6697 416
f 552 3660 5719
f 2596 6757 2595
f 188 189 914
f 5608 3051 6556
f 9140 7026 9141
f 4804 3409 9051
f 8580 6292 5534
f 6549 3807 9142
f 1713 6216 4476
f 6389 4959 7570
f 7684 8832 9143
f 9144 6691 7966
f 6883 9145 5636
f 9146 5259 4366
f 1761 5531 3235
f 62 9147 61
f 2265 6423 2241
f 5936 4772 5935
f 3462 4129 711
f 8427 8705 7241
f 9148 3382 3380
f 4398 621 2353
f 316 7268 6985
f 1181 1182 5302
f 3018 3040 3017
f 3319 5654 3318
f 7438 6377 4579
f 9149 6957 4525
f 5093 3940 6197
f 9150 6617 6615
f 445 8679 7960
f 9151 4088 8119
f 3243 4778 4779
f 7316 7317 1920
f 2355 7266 7267
f 9152 2546 9153
f 5067 7878 7879
f 2156 8585 9038
f 769 3610 5013
f 52 660 54
f 1679 593 7552
f 6890 8669 7403
f 4007 7165 9154
f 5817 5757 5758
f 6266 9155 6802
f 816 4850 818
f 116 5761 8874
f 9156 9158 9157
f 9159 6089 482
f 8 4987 7
f 2704 2702 2684
f 5546 6329 4819
f 8386 2119 8439
f 7692 5584 5305
f 7743 7256 9160
f 2196 8139 7887
f 7632 2044 622
f 5179 5180 6439
f 3393 3891 8587
f 2296 9161 2295
f 6976 9162 5622
f 322 8154 324
f 4971 5461 4970
f 9163 3591 9009
f 4137 5540 4136
f 7713 9164 5201
f 9165 9166 3680
f 8752 5669 8632
f 7857 1478 1479
f 7504 8891 7908
f 7504 6646 8891
f 5452 2481 1258
f 5889 645 5749
f 817 5 6
f 1178 3218 7482
f 1353 1351 4013
f 6638 3552 4160
f 6244 6242 8815
f 6481 9167 8394
f 959 2581 2589
f 3219 3496 4369
f 8410 8408 9168
f 2487 9169 1698
f 4260 5288 4262
f 9170 1103 7735
f 3436 5357 5985
f 8403 7408 9022
f 2187 59 4806
f 4170 249 4171
f 6117 1608 7574
f 2444 3824 3825
f 2444 3825 2443
f 9171 5172 2082
f 6315 8740 8741
f 7774 7216 8727
f 6756 928 929
f 2576 6599 1169
f 9083 6328 3513
f 6684 3483 242
f 1253 5438 8648
f 3468 1606 49
f 3468 1648 1606
f 3833 3834 3211
f 8091 5393 5394
f 2422 704 8890
f 2422 2340 704
f 1161 6871 8281
f 3273 338 8385
f 7953 9172 7954
f 8023 5449 4682
f 215 5588 217
f 5770 792 643
f 9173 732 1899
f 9173 6796 732
f 6205 9174 7172
f 8895 8785 5354
f 2268 3974 2270
f 2268 7559 3974
f 2017 8731 2016
f 2685 4200 8676
f 2868 6413 4113
f 3392 8981 5724
f 5965 8219 5967
f 7516 3300 2619
f 7228 6370 7182
f 3441 8513 4893
f 4470 357 7152
f 6347 4883 7410
f 2861 3037 2860
f 5512 4411 8318
f 5787 7622 9175
f 9176 580 1315
f 8148 1472 2737
f 3182 4852 4921
f 7370 2985 105
f 7713 5201 7712
f 3582 3583 6518
f 757 5735 8006
f 6718 281 2569
f 1296 7738 8719
f 3111 6523 6281
f 2684 3416 2683
f 8725 5928 6192
f 7941 537 4482
f 1083 8880 1082
f 2088 5759 1248
f 4332 9178 9177
f 9179 330 9180
f 3274 1868 7470
f 4417 3480 3481
f 2845 2846 5689
f 329 7655 8014
f 6105 6841 4716
f 6201 7079 6951
f 7199 578 6088
f 7447 5519 6196
f 3031 4972 4520
f 5211 8085 4139
f 1938 9038 990
f 1938 2156 9038
f 7891 638 4797
f 8440 8992 8990
f 2045 3690 5517
f 7661 5929 5927
f 5639 1278 1279
f 1048 1807 1047
f 5984 5925 9181
f 9182 8315 9183
f 9184 4835 3867
f 8526 6673 6754
f 5801 2676 5014
f 8890 8891 6646
f 4689 6131 68
f 4941 6442 2776
f 9185 3271 5321
f 2110 5203 5201
f 9066 4123 4121
f 7916 6982 6983
f 9186 1307 6478
f 6693 2305 9187
f 2264 4478 8300
f 8341 5055 8035
f 4429 4430 7291
f 936 6638 6639
f 796 797 1311
f 5515 1735 2705
f 3089 1606 3059
f 1959 1960 5577
f 6302 5441 5439
f 3671 8034 9188
f 239 240 1186
f 9189 9191 9190
f 6263 9192 1283
f 7067 6118 7066
f 8754 4906 1834
f 7070 5500 2178
f 6275 303 708
f 3382 9193 3381
f 3781 8962 5480
f 1806 2681 1047
f 9194 5071 3362
f 4614 9110 4613
f 8201 4254 5788
f 5969 3942 3943
f 8370 366 6280
f 1995 8477 9195
f 8055 9197 9196
f 2996 2451 2452
f 9198 2259 1469
f 4952 2183 9199
f 2097 7190 7191
f 3505 9200 2912
f 6655 1213 1214
f 6915 8056 8054
f 5397 3791 1185
f 8528 1336 5765
f 1263 7164 4501
f 1263 4501 1262
f 1429 9201 6808
f 4050 9202 4049
f 6423 2265 6422
f 7954 9172 8509
f 6826 8772 7406
f 610 3454 184
f 9203 9204 8167
f 808 4794 2637
f 9205 8078 4694
f 7618 1669 1670
f 4644 694 685
f 4644 4642 694
f 3628 3342 7691
f 6215 1329 1497
f 7385 496 4422
f 5092 9206 8760
f 5092 1518 9206
f 4038 6019 1566
f 6685 6686 9207
f 2255 1043 773
f 4021 9208 1395
f 7054 9208 4021
f 3651 8674 386
f 3150 4491 8123
f 6357 4349 2849
f 1994 1995 9195
f 3996 4343 7909
f 8216 4278 2280
f 8880 4605 7918
f 5491 5131 6478
f 3611 2553 2431
f 1619 1620 5976
f 658 656 1216
f 7893 4370 1590
f 4084 6973 116
f 5619 5618 8571
f 8617 5065 6040
f 7810 8185 9209
f 5387 4604 6938
f 340 1614 1612
f 9210 6155 6156
f 2172 2173 7332
f 8856 8747 6293
f 4807 8206 393
f 1600 203 204
f 6980 946 4351
f 7275 7449 5896
f 7646 3508 5941
f 4934 3354 3355
f 996 3072 131
f 2420 6845 2419
f 6636 601 7285
f 8898 3685 3686
f 9211 3519 9189
f 1187 995 7457
f 515 513 5179
f 4405 7498 6081
f 6899 8879 6898
f 5823 8854 5822
f 9212 3258 5363
f 8126 5209 3318
f 8867 3702 6414
f 5451 6529 4169
f 3707 1964 3202
f 3131 6419 6153
f 5868 4027 4025
f 764 1790 1935
f 2817 214 1135
f 4799 3740 247
f 3070 3107 3106
f 3070 3764 3107
f 3888 8990 9213
f 1285 2167 725
f 8564 8562 3955
f 5285 6245 9214
f 3776 533 3823
f 6554 1034 1035
f 289 9215 6119
f 7740 8775 5853
f 7740 5180 8775
f 9216 973 974
f 9217 5831 5590
f 1595 2292 8389
f 814 7083 7893
f 353 354 291
f 7900 5910 8104
f 4513 4511 6074
f 864 2302 863
f 7716 6189 3572
f 134 4791 136
f 9218 9057 9219
f 7933 1624 3293
f 8478 2908 321
f 5627 6389 7570
f 5627 3675 6389
f 9220 9203 6696
f 8154 6835 1895
f 2731 2729 8306
f 1412 1257 102
f 5430 7303 5429
f 3846 5671 5672
f 1598 8791 2402
f 7233 7234 8259
f 2797 881 882
f 8060 7703 7138
f 6994 1564 9221
f 6146 9222 6145
f 4204 9223 4203
f 7857 3520 5991
f 2267 2266 9224
f 9225 7518 4686
f 7160 5414 5994
f 9226 2448 2449
f 5464 5462 6165
f 2743 8529 7494
f 3087 2406 6563
f 2336 1897 2335
f 8988 4131 9227
f 3407 4860 8669
f 2832 2833 4121
f 6057 7333 4196
f 9175 7622 6468
f 6911 5356 4541
f 7747 5009 5010
f 5224 4286 3698
f 4823 2880 2881
f 146 3556 148
f 2159 9228 4174
f 9229 6128 8721
f 8521 4054 865
f 7933 7718 4669
f 462 3971 9216
f 7416 7414 7024
f 9230 8231 8426
f 9231 9232 8241
f 6985 4923 4924
f 4434 4432 8602
f 9233 7776 7306
f 119 3184 121
f 2521 5997 5995
f 9234 9005 7705
f 4714 5627 5628
f 8293 1606 1648
f 7636 5296 5297
f 5319 3817 2054
f 2714 2712 4726
f 7429 3681 4224
f 7429 3976 3681
f 6340 7132 7131
f 8368 7514 6377
f 1484 8402 1486
f 200 4623 202
f 5110 5444 1906
f 2338 4660 2197
f 4138 5812 5810
f 69 393 8206
f 6059 2941 7935
f 9235 9236 7896
f 9237 6932 9238
f 5229 2804 2802
f 9239 1575 9240
f 544 879 7854
f 1517 589 1516
f 9181 3351 1996
f 9241 3215 9242
f 7741 2469 6850
f 8929 9243 7103
f 6597 4650 7568
f 4552 2373 7037
f 3513 3514 9083
f 830 519 520
f 9244 7255 2273
f 4064 5096 557
f 7761 7759 4801
f 5633 835 4325
f 2984 8561 1805
f 4919 201 202
f 5834 5793 3406
f 7267 8075 717
f 994 995 1187
f 8666 9245 1406
f 452 453 6801
f 4461 4913 4460
f 495 7385 7386
f 7235 955 956
f 7623 4255 1747
f 9246 7280 9247
f 9248 9250 9249
f 8226 9251 8758
f 6199 7945 8155
f 9252 4965 7146
f 6785 2062 7157
f 1756 2173 716
f 2864 8353 9253
f 6288 9254 6289
f 5111 7389 7121
f 2324 6894 4328
f 5819 8004 6313
f 7084 4327 9255
f 9256 5124 5861
f 1493 8057 6940
f 1173 5189 3872
f 7053 5615 3859
f 5393 8225 5395
f 5695 5694 8490
f 7499 1439 9257
f 5873 9258 7001
f 9259 4494 2387
f 6334 221 222
f 359 4139 358
f 9132 3410 1880
f 5191 8650 3357
f 7982 9260 8628
f 3491 7445 6087
f 4809 2722 5875
f 7501 4985 4986
f 7634 7633 5703
f 5696 4165 4166
f 4072 9261 7693
f 730 9262 2397
f 5332 2108 229
f 9263 378 6642
f 3746 3745 6645
f 3548 3549 4937
f 5319 6574 4542
f 8059 9264 9170
f 5588 215 314
f 1434 9265 7377
f 1978 1976 7407
f 432 1095 9266
f 9267 5570 8052
f 896 1313 5008
f 9268 9269 9124
f 6643 8016 8223
f 3837 7442 806
f 1078 1076 1074
f 484 2975 483
f 9091 5539 4410
f 9055 9054 1190
f 4155 6542 4154
f 7271 8469 6231
f 8190 1968 5715
f 4452 7868 4453
f 9270 7443 3837
f 9271 4921 9272
f 9271 9272 8196
f 9273 9274 3857
f 6464 4586 6463
f 1064 8552 8594
f 3267 8295 2900
f 8509 4822 7642
f 8509 9172 4822
f 4808 8369 3745
f 5339 4197 4195
f 4335 7934 4337
f 8769 7553 7630
f 5952 9275 4907
f 8586 9038 8585
f 8586 992 9038
f 7193 5257 5258
f 3094 5550 9276
f 9276 7197 3094
f 8228 4378 2920
f 6926 7783 1163
f 6522 7262 4103
f 6821 2779 5088
f 6574 42 440
f 3499 7591 913
f 8702 2854 9277
f 7203 6539 6540
f 2896 413 1240
f 6290 396 394
f 1548 9278 1550
f 775 774 6569
f 3158 1765 2153
f 1759 4344 1758
f 646 644 8313
f 8586 3011 3564
f 8586 8584 3011
f 5421 1786 9279
f 2828 2838 3369
f 2409 2410 1909
f 1754 3897 1753
f 8953 521 8954
f 4223 4655 4387
f 7086 7087 6536
f 1197 3844 2134
f 8615 8616 5446
f 1504 98 96
f 9280 1578 9281
f 3337 9283 9282
f 8040 8041 3886
f 8248 5890 7127
f 1073 1071 332
f 3440 8903 3442
f 778 779 8690
f 3791 1872 3793
f 6837 8400 3904
f 2681 5285 9214
f 6631 8668 7313
f 8812 1131 9281
f 6826 6825 3723
f 9284 5115 9285
f 2026 6594 7313
f 9286 2010 6935
f 4986 8018 7501
f 9287 9289 9288
f 4682 2031 8596
f 7614 149 150
f 1201 8874 5761
f 3858 9291 9290
f 651 2225 6510
f 9123 9202 1297
f 9123 7765 9202
f 3059 1606 3058
f 225 7796 901
f 4460 4911 5999
f 8261 1838 9292
f 2501 2502 8858
f 4885 3637 7292
f 9250 5438 6788
f 9293 3180 3178
f 8010 7275 9294
f 8251 5885 5884
f 5619 1029 1030
f 2309 2072 2308
f 9295 8512 9296
f 7567 5162 5163
f 4846 8764 7143
f 353 5578 352
f 3324 798 3323
f 2637 3461 808
f 6073 5808 5809
f 4346 3067 494
f 9297 7542 6671
f 4771 4948 4770
f 8970 6640 8969
f 1061 1376 1060
f 8807 8167 9204
f 6875 4078 8948
f 3155 7319 2396
f 4472 1341 5609
f 9298 4711 9014
f 9299 7955 6333
f 6642 8224 7704
f 5392 9300 703
f 5392 5391 9300
f 3100 338 3102
f 4414 1208 4479
f 1892 2803 943
f 6475 2333 2334
f 4139 8084 801
f 1441 5222 5223
f 1441 1439 5222
f 952 4524 7283
f 3631 2718 611
f 2305 2306 5399
f 143 4275 8467
f 143 9301 4275
f 9261 7321 7693
f 4096 896 4095
f 9302 776 37
f 976 6747 9303
f 9304 9306 9305
f 7650 9304 9305
f 6779 7016 9307
f 7383 9244 2512
f 9308 6236 9309
f 7077 4552 7037
f 5725 6770 4618
f 7900 8104 4438
f 6105 6106 9310
f 3406 3407 8669
f 1385 7714 5799
f 6983 7636 5297
f 4550 5395 4439
f 9311 9312 8450
f 5902 6953 9313
f 5902 5900 6953
f 7039 263 5058
f 650 6000 8107
f 6160 8698 8792
f 8912 8910 9314
f 7907 6700 4730
f 9111 9315 8798
f 4805 59 5177
f 2750 656 3839
f 2750 6600 656
f 4000 1064 8594
f 6004 5688 3498
f 6558 2112 4792
f 5532 6538 8866
f 3841 1463 1464
f 4226 7640 4228
f 5779 6271 8943
f 9316 6420 3595
f 5493 5494 9317
f 8457 9318 7503
f 9319 9321 9320
f 7336 5154 9322
f 5425 6246 9323
f 715 716 2173
f 2755 1421 1419
f 8189 797 4210
f 6575 7942 7943
f 5988 6938 5568
f 1258 1259 5452
f 5321 7800 1324
f 9034 8363 2362
f 8016 4215 8223
f 5174 7369 8299
f 3651 7827 3650
f 8125 3425 1544
f 1440 9257 1439
f 3312 9324 3475
f 4454 220 948
f 1036 4457 5206
f 3330 2267 9224
f 3662 3660 552
f 3970 3969 6191
f 8125 9325 7659
f 8995 5276 1672
f 4754 9326 4753
f 6168 5266 5264
f 1173 3872 3795
f 6184 6444 7288
f 7890 3472 5326
f 5692 92 3992
f 6241 8386 6240
f 8310 9328 9327
f 4427 8951 7985
f 901 7796 900
f 2025 8816 9329
f 8147 1472 8148
f 1347 4610 4736
f 5552 1857 8892
f 4035 3557 3558
f 4806 2189 2187
f 2955 6158 9330
f 9129 8767 6103
f 390 5036 392
f 2537 5513 4812
f 8779 3622 5325
f 9075 9073 3950
f 4738 678 1053
f 4738 9331 678
f 2466 7844 23
f 9332 2864 9253
f 8716 8343 7675
f 9333 9186 2837
f 9333 2837 6527
f 4251 3288 3289
f 6251 4476 7505
f 1931 9334 9189
f 7022 8678 3743
f 8701 9253 8354
f 8701 5924 9253
f 1177 1178 7482
f 1939 106 2157
f 7541 6408 3541
f 6523 6524 8820
f 1323 5781 1325
f 1408 8151 642
f 44 5838 5839
f 914 5145 6888
f 1279 4012 4013
f 4113 2083 2084
f 8617 6506 5065
f 2986 9335 2069
f 3721 1270 1268
f 6206 7172 1967
f 4232 4301 4231
f 2293 3848 3849
f 401 2960 400
f 9336 6495 6496
f 8279 9337 8425
f 8340 7446 2432
f 8421 7051 7050
f 5364 4453 2400
f 4653 3060 3061
f 7367 7836 2936
f 7867 6272 6273
f 3783 3784 9148
f 2042 3803 2041
f 3608 3177 5123
f 3778 2525 2526
f 703 9300 4583
f 9338 2725 1594
f 7155 7485 1398
f 171 4394 8400
f 9339 9077 9078
f 7159 7158 2831
f 2487 1698 2486
f 238 2555 4346
f 572 6968 571
f 6301 5693 6300
f 8044 2765 8043
f 1544 9325 8125
f 7870 8062 7021
f 8615 6506 8617
f 5931 2796 211
f 7845 7651 3656
f 1058 6592 6593
f 2902 3180 9293
f 5919 4194 7798
f 5530 8753 6951
f 5176 2933 4805
f 5980 9340 4994
f 5366 9341 8244
f 8888 2824 8625
f 1133 7975 4537
f 6766 567 1627
f 3640 1845 5522
f 3189 5856 214
f 5424 9264 8059
f 9342 9344 9343
f 4084 958 6973
f 4033 2639 5248
f 4695 7804 6728
f 2178 4733 7070
f 7711 3100 4831
f 5928 5929 6192
f 8858 9342 2501
f 2884 4336 4441
f 8999 7073 1890
f 9345 5460 6986
f 8955 8742 6159
f 1903 6172 1902
f 2157 1938 1939
f 3609 2260 2258
f 2283 8604 9346
f 4474 1695 1696
f 5124 9347 6561
f 5124 9256 9347
f 4294 904 4293
f 2135 8061 3031
f 8361 6715 1720
f 5987 2609 6723
f 2725 2723 9348
f 7687 1118 1042
f 8954 521 519
f 4262 6156 6154
f 7050 6325 8423
f 9349 5762 9350
f 707 3811 3812
f 7722 3066 4345
f 3298 1956 7378
f 1584 5463 5464
f 366 8370 7482
f 8451 7981 4477
f 2587 959 2589
f 5458 5459 5625
f 7373 3904 3905
f 8726 8724 9351
f 376 5848 4236
f 4225 7430 7678
f 6989 4633 9071
f 7142 9353 9352
f 2193 1316 2195
f 7345 1638 9354
f 841 839 5862
f 2204 4496 9355
f 8842 9356 8844
f 1535 1536 1704
f 1094 970 8384
f 1072 5377 3816
f 3004 4769 2706
f 8592 8593 2244
f 5367 9341 5366
f 1902 6172 4170
f 9357 2986 7398
f 8678 8679 443
f 6243 7106 9023
f 8362 7147 9358
f 605 562 1991
f 7517 8453 2583
f 7057 7058 7314
f 1196 5917 5529
f 2911 992 3564
f 3456 9359 3455
f 9253 8353 8354
f 2766 3923 3314
f 749 747 6866
f 1218 566 5221
f 8439 3806 5035
f 2215 3975 2327
f 4214 8020 435
f 4243 5518 19
f 8933 1551 7248
f 8997 3920 7290
f 6967 4588 6843
f 7144 6731 5985
f 7281 2717 3585
f 945 8302 8988
f 3239 5642 3238
f 3584 3585 6708
f 8723 4190 4189
f 586 9360 7400
f 9361 9236 9362
f 4510 77 1748
f 342 7649 6112
f 6761 9363 4828
f 979 2553 3391
f 2960 2288 5156
f 1779 3508 1778
f 5265 8816 8166
f 6060 7889 7729
f 5039 6458 3924
f 6635 152 153
f 1239 8266 6816
f 152 9364 154
f 1084 2784 8008
f 605 1991 1426
f 4616 4751 1166
f 9365 9366 6517
f 525 526 2499
f 7917 5297 8893
f 8707 9367 8706
f 6328 8670 158
f 4403 2963 919
f 919 7498 4403
f 8294 9368 7536
f 8999 2529 7073
f 9063 30 9369
f 8867 186 9370
f 1513 1511 7165
f 7946 1765 468
f 4391 3726 3749
f 7625 8715 8716
f 8010 6491 7275
f 4445 4446 8169
f 341 9371 1614
f 2058 6033 9372
f 450 3944 3942
f 3023 1815 1814
f 8437 724 2499
f 8827 8826 4498
f 7376 7374 7652
f 6201 6202 7079
f 7895 6365 8852
f 3923 1757 7169
f 7002 3265 5873
f 7002 3264 3265
f 2703 2704 9373
f 4990 4988 6354
f 4230 7982 6618
f 3578 257 258
f 4543 4917 7794
f 9374 9376 9375
f 1416 7853 1418
f 5445 7549 4465
f 2119 2120 3806
f 1032 5824 1030
f 3581 2823 4055
f 5923 7820 3351
f 3782 9378 9377
f 7401 8178 6045
f 3683 4895 9379
f 9287 3405 8598
f 1379 1380 8651
f 1454 692 8994
f 5218 9380 5965
f 5218 1801 9380
f 1904 9382 9381
f 8106 232 5886
f 367 368 5085
f 1284 6265 6263
f 1284 5417 6265
f 5167 9081 4842
f 7682 9383 3646
f 765 8464 8259
f 9157 743 5860
f 9384 3349 2019
f 2492 9385 2491
f 2159 1131 1129
f 7383 9386 9244
f 5567 6847 6374
f 4049 7765 2652
f 763 1155 4592
f 7475 6491 8010
f 9373 2704 8676
f 9387 5780 9388
f 5832 3663 3032
f 7803 1375 1374
f 9389 5189 1174
f 8089 2082 2081
f 1542 5581 5580
f 2047 6578 3690
f 2508 2494 2495
f 9176 1315 6944
f 8857 8621 2761
f 8508 7888 4789
f 5280 2275 5210
f 8246 9131 8804
f 1341 5991 1340
f 6105 9390 8435
f 6105 9310 9390
f 2519 7894 2518
f 2754 9391 4263
f 6211 1782 1783
f 9149 9392 7724
f 4479 5048 4414
f 4005 4006 5435
f 786 787 5461
f 5666 9393 2271
f 3840 8450 3131
f 5873 7001 7002
f 7462 7154 5657
f 8235 1734 3352
f 9394 8836 1312
f 4472 3654 1478
f 7439 3436 5960
f 613 611 2718
f 8797 9315 9111
f 2571 279 7905
f 6568 6979 6127
f 8421 8879 6899
f 4874 4726 2712
f 172 4963 7554
f 6762 6763 5338
f 5958 6809 9395
f 1586 3589 1588
f 6128 9229 4932
f 3958 4055 5164
f 6287 1597 326
f 5037 8240 781
f 2014 6759 5455
f 2762 3217 2383
f 5961 4837 5960
f 9396 4837 5961
f 1344 7295 7296
f 1102 1103 667
f 6119 9215 4956
f 5465 3203 1964
f 9127 9126 2358
f 1371 4780 1374
f 1403 201 4919
f 9397 8906 28
f 2208 6279 2207
f 5706 8330 7453
f 6553 3042 7477
f 9185 3270 3271
f 9398 9399 8884
f 3977 3976 9400
f 643 641 5770
f 6399 7764 8188
f 533 531 5255
f 8204 9364 5601
f 8204 9401 9364
f 6322 177 9002
f 5869 4529 5481
f 2598 6072 5486
f 5335 5733 2420
f 5744 9402 5746
f 7590 6194 3094
f 1472 2429 1471
f 218 1213 6820
f 3182 3931 3181
f 6450 4894 6516
f 2983 6716 16
f 1879 5175 6972
f 8739 7574 1608
f 1839 3202 1591
f 9403 4749 7500
f 2883 8140 1434
f 1665 6838 6836
f 1256 1254 6984
f 9404 9162 6976
f 7369 5505 2885
f 3992 9179 5692
f 8469 6387 6231
f 6948 3490 1563
f 9405 6063 1909
f 4833 344 3736
f 2666 4960 2665
f 5320 2054 40
f 5245 5216 9406
f 4783 6218 3323
f 7811 9407 4602
f 9171 4797 638
f 9140 9352 9353
f 2174 3470 5813
f 4094 6238 2463
f 5056 8996 5055
f 5056 8997 8996
f 3155 3154 7319
f 6420 9316 9408
f 9409 3809 6870
f 8440 9410 8992
f 9411 4447 6023
f 2478 4482 8215
f 5617 7584 9412
f 4553 1230 957
f 8383 3254 3255
f 7716 7662 6189
f 6811 3478 2830
f 8105 2311 6435
f 8782 4490 4705
f 3181 5806 7334
f 4663 9119 2457
f 8066 6913 8068
f 9413 4302 4232
f 7901 1760 5800
f 4658 8583 4943
f 3190 2970 9414
f 4788 4789 7888
f 8138 4162 6760
f 1199 7569 6653
f 3618 3619 7638
f 6961 6962 9415
f 255 3847 254
f 3744 5965 9380
f 9085 8103 8845
f 3884 4085 6490
f 4896 142 700
f 1845 3640 1847
f 5552 1228 7703
f 7027 8079 8078
f 4939 5808 5660
f 9381 9382 8873
f 3104 6466 3103
f 6007 1872 4505
f 8219 444 9416
f 5268 5081 5082
f 9417 7889 9418
f 9162 9404 9419
f 770 2147 571
f 7864 2595 6757
f 4543 5365 2401
f 2538 4082 1792
f 8720 6454 7077
f 3266 5480 1275
f 3266 5479 5480
f 5165 5166 4857
f 2168 9420 2170
f 4888 9059 4304
f 242 3484 241
f 8700 9065 8326
f 5237 8473 3737
f 5263 3020 3021
f 267 3028 266
f 5540 9109 9110
f 9421 320 3373
f 1645 978 2362
f 4379 2539 4378
f 8265 7427 9422
f 2355 717 718
f 598 6700 6058
f 3925 1695 6370
f 7773 5905 8958
f 8825 8009 9423
f 7337 3381 3307
f 5817 5494 1981
f 9424 4408 4571
f 7125 308 3561
f 4130 4011 2529
f 7869 7023 4691
f 2196 2197 1831
f 5208 8126 6524
f 6087 2179 6086
f 4171 9425 4065
f 2915 2916 8067
f 6151 8275 2496
f 1415 1597 1414
f 9426 7531 8710
f 8005 8006 5735
f 5362 5295 5296
f 6107 508 5192
f 824 825 9427
f 7132 6340 7922
f 7116 7117 8397
f 8432 6517 6518
f 137 6139 1633
f 7359 7357 7583
f 9163 7293 7331
f 1143 1756 716
f 3302 7263 6258
f 4425 4957 3931
f 9428 3550 8211
f 9429 9431 9430
f 2945 7849 6058
f 3153 9432 8691
f 4210 3574 3572
f 4338 2869 5766
f 8854 5823 1546
f 1547 8854 1546
f 9433 9434 7280
f 5905 5906 8959
f 7689 7859 9435
f 4371 1436 1854
f 6653 2790 6874
f 7117 4271 4907
f 8510 1049 7954
f 4093 2463 261
f 4003 4004 1432
f 8018 4935 7500
f 6406 8234 5278
f 5923 8701 7820
f 563 1992 562
f 9386 9436 7254
f 9437 9393 9438
f 2997 2451 2996
f 4374 8060 4373
f 8974 3691 3692
f 1581 3194 3195
f 8274 5542 5541
f 5573 8522 9439
f 6769 1495 9440
f 2098 5063 198
f 2098 198 199
f 8057 6939 6940
f 2743 9441 6270
f 5299 5300 6501
f 3078 3076 7842
f 7566 9442 6220
f 7094 8872 4102
f 4579 195 7438
f 35 9354 1638
f 5352 5353 8202
f 4820 8315 1380
f 7703 8060 5552
f 7014 7013 3263
f 102 9443 1412
f 4973 7352 166
f 4558 8484 1438
f 2955 3177 5419
f 5884 9444 7034
f 2831 6702 4341
f 2616 5094 9445
f 6409 6903 1715
f 7225 9446 4634
f 920 4208 4206
f 7461 9448 9447
f 7461 7462 9448
f 7595 9449 3953
f 9399 9450 8884
f 5264 3623 9451
f 6862 6860 9452
f 3912 3915 3914
f 9118 7392 5113
f 6069 2062 3268
f 1297 8604 1296
f 9453 8475 4248
f 8338 3019 4867
f 794 9454 6410
f 5888 4401 4402
f 5079 3412 4385
f 5196 1153 1151
f 9072 8555 9455
f 6319 9072 9455
f 1189 2534 994
f 5055 9043 9456
f 2978 527 7418
f 3943 3944 5756
f 5174 8299 6309
f 5217 6037 7297
f 2842 3467 2843
f 1903 6751 4170
f 9457 7522 8077
f 6912 4541 4542
f 6495 7019 7017
f 7175 6152 6418
f 5146 9413 6618
f 9324 4691 3475
f 2933 356 6440
f 4724 9458 6755
f 3637 8682 9459
f 8406 8156 8405
f 7006 1287 8847
f 346 5897 348
f 8579 8772 8769
f 7106 9006 9025
f 7015 6937 7112
f 8731 2017 8487
f 9460 8114 3760
f 6509 285 4163
f 7559 2170 3974
f 130 2181 129
f 9428 8211 9461
f 9204 9462 8807
f 5323 4073 7471
f 4539 1634 1016
f 4118 4119 5057
f 5670 9463 8295
f 5624 9464 7074
f 4533 2870 2607
f 2155 9465 96
f 9466 8482 9467
f 1261 1264 12
f 928 7302 6283
f 5495 5002 2548
f 1618 8252 1620
f 2780 2781 9468
f 1149 255 253
f 1149 832 255
f 652 8107 2224
f 2688 4671 9469
f 1251 1913 1914
f 9174 3395 6978
f 74 8815 73
f 8049 4536 8949
f 7845 984 9179
f 5654 8126 3318
f 9470 9472 9471
f 4999 6449 2928
f 811 5827 135
f 1748 720 3685
f 3800 7784 6927
f 6188 8715 7710
f 5974 2468 5973
f 9070 7734 9373
f 2922 3491 6087
f 8577 7604 7605
f 9473 2438 9474
f 4657 5080 1673
f 9475 5115 5116
f 6163 2544 5464
f 6163 5464 6165
f 4895 3394 9379
f 8105 147 2087
f 4162 8138 8939
f 3431 9477 9476
f 6303 4771 8070
f 8159 8708 4124
f 6079 3360 1281
f 4313 6247 4314
f 5793 6019 8499
f 9013 9478 5514
f 9013 2216 9478
f 5990 5935 6384
f 422 4788 4594
f 7991 5306 5307
f 5098 3511 5878
f 2912 2913 3505
f 3670 4755 3671
f 7227 3847 255
f 1933 8823 604
f 6037 6130 8784
f 5268 6514 5081
f 254 4024 908
f 9479 8736 5597
f 9149 4525 4526
f 6111 2750 2751
f 2842 1567 3725
f 7097 360 801
f 4680 8391 4679
f 1466 8724 3800
f 8253 1234 1232
f 2406 7051 2408
f 5199 7272 6231
f 5133 6016 5132
f 3604 912 5420
f 9480 5654 2377
f 1399 397 5660
f 8401 5954 5952
f 8708 8159 7680
f 5345 5346 138
f 9105 9481 5326
f 3315 3786 3787
f 8776 9319 5316
f 2287 2961 4062
f 2023 6776 5325
f 2019 3350 2018
f 2532 2533 7455
f 9482 1458 9483
f 4600 411 409
f 6410 8525 794
f 8951 6414 6415
f 5694 5693 5691
f 8074 2809 8151
f 9484 7534 9485
f 4155 4423 6542
f 2421 7207 8338
f 4487 3071 3072
f 1614 6104 1613
f 1136 5856 9414
f 5210 2275 5209
f 8141 5193 509
f 2053 4951 9199
f 6430 1746 4254
f 957 2372 4553
f 7395 4024 3845
f 6826 7406 4737
f 9441 6817 4222
f 8123 6433 8637
f 1444 6206 1446
f 5677 3280 6570
f 2607 6722 2609
f 1183 9041 9486
f 659 660 52
f 7476 3042 3041
f 3330 600 601
f 3330 9224 600
f 7642 4822 7252
f 5321 3271 3269
f 6649 8728 8729
f 3442 7018 8502
f 7739 8658 9029
f 6280 364 2598
f 8135 2511 8997
f 4573 5278 8234
f 2249 9487 893
f 7099 9488 7038
f 2912 8357 3282
f 366 7482 365
f 6516 4713 3487
f 8660 9489 3113
f 9490 9489 8660
f 9491 2214 8653
f 3710 3714 464
f 7702 6038 5959
f 8840 9492 9184
f 6415 7985 8951
f 513 913 5178
f 1678 3494 2580
f 4980 4981 5791
f 9493 6738 9494
f 2284 5807 8985
f 5238 3738 3739
f 4339 640 866
f 4251 9429 4250
f 4305 393 67
f 6627 8099 8161
f 9424 4571 5411
f 9057 7020 9219
f 3910 8696 3911
f 6529 3901 3902
f 3748 3749 7303
f 7381 3854 4979
f 2034 2035 8319
f 25 5825 5685
f 5364 1452 4453
f 6125 5642 5863
f 8072 3324 3322
f 134 884 885
f 9495 65 8366
f 7062 7061 8216
f 1600 5410 1184
f 9388 9496 9387
f 4302 9413 4310
f 7419 5287 6117
f 4361 4362 5082
f 7211 7814 4169
f 3620 8932 5561
f 3799 9497 5187
f 5855 2182 4473
f 2374 2375 2201
f 593 4723 7552
f 7977 9499 9498
f 2153 1765 7946
f 8085 8084 4139
f 1209 5842 7987
f 9500 1383 4685
f 293 6807 5519
f 1441 113 3365
f 4216 436 4314
f 6119 5957 5958
f 891 3214 2841
f 9108 9501 9365
f 18 9502 17
f 18 3393 9502
f 9503 9505 9504
f 8550 4815 9506
f 8550 1002 4815
f 1979 72 5757
f 2618 2632 2343
f 9507 8602 4432
f 963 7325 2250
f 1414 7867 6273
f 5015 9509 9508
f 7230 7231 2354
f 6520 5730 4779
f 447 2515 2516
f 4265 6806 692
f 705 706 4917
f 3993 7651 7845
f 6147 1328 1583
f 2348 7725 2351
f 3689 2673 1498
f 9077 2070 2071
f 7537 7881 7199
f 4075 5747 3114
f 4182 9510 4181
f 9254 4811 489
f 1609 4873 1739
f 6729 8086 6728
f 8819 9362 9235
f 5477 8159 5476
f 9051 5253 5252
f 1784 1785 5682
f 4976 5074 9107
f 3917 7542 3916
f 3980 936 6639
f 8631 781 8240
f 4592 4702 763
f 4113 2084 2659
f 2227 5877 5875
f 5235 5616 5617
f 507 508 6107
f 7409 8841 7408
f 4174 3346 8569
f 1880 5553 9132
f 5590 5831 9511
f 4439 5395 4438
f 6395 2118 126
f 6780 6781 7184
f 2215 3978 3975
f 5723 8588 4580
f 9442 6219 6220
f 3870 9101 6668
f 9512 2144 9200
f 8272 7887 8139
f 9513 8116 1005
f 8778 6941 5722
f 5676 4091 275
f 4835 9491 4834
f 7918 4605 3780
f 211 7519 5930
f 2671 1940 2493
f 2350 8371 2349
f 8868 6414 4509
f 4087 1819 1622
f 1543 3424 9049
f 2 7174 6418
f 4346 2555 4345
f 7957 6244 8665
f 3476 1038 9514
f 8970 6434 3980
f 6137 9516 9515
f 6175 7393 4582
f 3044 5713 6135
f 6901 6553 6900
f 3871 4741 4742
f 5600 6510 2225
f 7985 1703 2503
f 8809 8079 7028
f 7662 858 8343
f 2644 8629 6946
f 2281 7738 8604
f 9517 5023 9518
f 8715 6188 8342
f 5157 400 2960
f 2918 6560 9347
f 9488 1175 3795
f 3526 4564 8771
f 7647 8047 1086
f 4975 6498 1416
f 4975 4976 6498
f 9519 8088 1107
f 1520 536 537
f 2353 2044 4333
f 8702 2853 2854
f 142 6139 700
f 8739 3257 7574
f 7040 2193 7039
f 3449 2859 3732
f 4348 5715 5716
f 9520 9521 7150
f 7323 9522 8733
f 343 5362 345
f 7143 2970 8322
f 8602 9524 9523
f 4261 4500 4421
f 7082 7194 5159
f 6162 5205 5204
f 1702 7224 1701
f 9525 9526 6966
f 9256 2919 9347
f 380 4033 6366
f 6027 6898 6026
f 2004 4331 9527
f 6013 921 6015
f 9528 4800 4555
f 7905 7906 6541
f 5388 4604 5387
f 2488 9530 9529
f 8633 7444 3551
f 5518 9226 2991
f 4067 6372 6113
f 7897 9235 7896
f 6396 9532 9531
f 2046 2045 2043
f 7607 3135 8207
f 7607 617 3135
f 3360 4480 1281
f 3119 4671 4672
f 4086 5337 9533
f 8376 9534 4511
f 6865 4765 8906
f 7083 4370 7893
f 3138 8198 7100
f 1056 2908 8478
f 1003 8521 4259
f 370 371 223
f 2086 1876 1877
f 6394 127 9532
f 4762 5281 6295
f 6781 9535 9246
f 5740 1982 50
f 2547 1485 1486
f 7658 7656 3
f 5377 1072 1073
f 6159 8740 9536
f 9247 4451 7902
f 7731 4134 4017
f 9163 5171 7293
f 8623 9288 9289
f 9537 8138 2572
f 5250 8282 8283
f 1207 9538 1209
f 2836 8509 7642
f 5855 4166 4167
f 9539 7916 7917
f 9540 6055 9541
f 9542 1894 6614
f 8553 1209 7987
f 9356 5978 4070
f 3246 9543 1097
f 9350 5763 9544
f 9222 6146 6061
f 2669 5046 7870
f 9545 2993 9546
f 7347 276 6916
f 8087 4535 8047
f 1970 1968 8190
f 2637 4794 2636
f 5316 5314 8777
f 80 81 5028
f 3108 709 7359
f 2892 7732 8541
f 1608 495 8739
f 1710 1711 5035
f 9547 3511 6787
f 3320 3321 4723
f 8758 6829 6830
f 3118 3116 1079
f 666 5424 4910
f 2375 9549 9548
f 6096 7181 6095
f 1908 901 899
f 9550 6758 6582
f 8268 7564 5992
f 6377 7438 2445
f 2636 4794 5318
f 8864 8862 2033
f 2383 7668 2762
f 3645 8789 3644
f 8331 3658 9426
f 5234 5617 6803
f 635 6835 322
f 3830 3831 7903
f 5402 6296 6042
f 1144 1375 3457
f 3720 6323 6324
f 3826 6194 7590
f 8498 1770 8497
f 2982 2147 768
f 3532 2661 7298
f 2614 1227 4515
f 1222 5892 1221
f 7463 4358 2940
f 7160 1763 5413
f 27 29 30
f 4942 9551 4944
f 4555 4411 9528
f 2067 878 546
f 9301 4839 9158
f 1885 1886 5420
f 5050 6906 7613
f 4909 5559 5587
f 983 6185 8766
f 2763 9552 8043
f 2567 8824 5468
f 2655 5865 7139
f 2736 2737 4352
f 4429 1389 7681
f 2485 8574 7163
f 7430 7431 7678
f 2982 7447 6196
f 722 2499 724
f 3262 3260 9553
f 7762 3303 4480
f 46 4929 4927
f 8639 9554 1448
f 9495 833 834
f 2681 9214 2680
f 992 8586 3564
f 9254 3600 6289
f 1156 204 5195
f 213 6371 212
f 3738 5237 3737
f 3283 9465 8162
f 403 7947 7476
f 5645 5646 9555
f 6268 8236 4545
f 6255 7391 6256
f 8175 7811 8177
f 9556 9558 9557
f 1880 6511 1879
f 9559 8837 9560
f 8837 7851 9560
f 463 2994 2827
f 6286 8712 6285
f 6286 2930 8712
f 5527 463 464
f 3852 1142 3851
f 7560 5863 863
f 5959 3143 5961
f 7263 5614 4601
f 8375 996 997
f 9453 9562 9561
f 1990 1988 62
f 3342 6472 7691
f 317 3160 7269
f 8095 5922 1348
f 1004 8116 4211
f 2536 7244 8657
f 2832 4122 2524
f 5042 5041 8253
f 9242 7329 7328
f 1299 2858 2856
f 8646 1008 1009
f 665 4910 9323
f 1582 6605 4364
f 1109 1423 9559
f 8204 4362 4119
f 765 5909 767
f 9378 9563 8326
f 9564 1920 1921
f 5207 5206 4457
f 6908 5846 8938
f 5096 9425 4079
f 4043 6424 2022
f 4610 1347 7162
f 2213 4107 8929
f 971 9046 2563
f 2424 2425 7243
f 5660 5808 1399
f 209 7697 8065
f 1506 4495 8623
f 9565 9566 5629
f 119 9567 3883
f 9311 8450 8667
f 4433 1687 1688
f 7977 9498 3987
f 1172 2738 1171
f 8045 8046 2734
f 9295 9183 9568
f 9182 9183 9295
f 1778 2355 718
f 3439 8981 6365
f 141 6510 140
f 1299 6378 7456
f 7307 1862 9233
f 6511 4804 5175
f 6355 7587 7588
f 2488 345 2490
f 7378 4868 3420
f 8617 7464 2613
f 2011 5011 8222
f 5728 4035 3558
f 3020 7681 2012
f 3198 3196 3325
f 4643 5299 3618
f 6444 5422 6382
f 6619 1643 2328
f 634 3544 927
f 3591 3592 8381
f 8454 2569 2570
f 3557 2493 2491
f 2012 8915 3022
f 7231 8946 4967
f 4559 6432 5448
f 6734 693 694
f 1522 1471 2429
f 1296 5277 1295
f 9425 4171 3533
f 2703 9373 7734
f 9039 4815 4816
f 4212 4213 5571
f 1699 7386 7384
f 7231 2355 2354
f 8115 2278 3546
f 7598 7596 9569
f 4801 1322 4803
f 1133 4537 1132
f 733 1901 1899
f 5830 7397 5829
f 8124 8989 3363
f 8962 1928 6224
f 980 1645 4287
f 9570 9572 9571
f 3427 3428 4573
f 3115 9573 4188
f 9001 4158 4159
f 8777 9574 5637
f 2073 4355 2308
f 9575 9486 9576
f 8794 3753 9577
f 3616 2415 1709
f 9578 5181 5182
f 581 6356 580
f 3866 3867 6761
f 800 3549 799
f 6916 6437 3112
f 9579 9067 9580
f 2361 979 3391
f 8912 1422 1382
f 8822 9480 8826
f 4814 5680 8814
f 9240 8767 8768
f 8251 9581 3306
f 5769 5247 8443
f 7625 4859 5166
f 3702 4419 3701
f 9582 2151 7474
f 1898 4641 6294
f 4284 6396 9531
f 9583 1528 9584
f 7202 5688 6004
f 3400 9586 9585
f 3869 5632 7528
f 5631 4770 5026
f 1490 684 685
f 9293 6845 753
f 1878 1876 8399
f 9587 2246 3664
f 9587 6922 2246
f 743 9106 742
f 3758 3759 7886
f 4480 1280 1281
f 6030 2710 2708
f 6551 1694 1692
f 9068 6539 2971
f 9425 3533 4079
f 7578 8195 8690
f 1180 6402 6403
f 2144 8357 9200
f 6098 6099 5987
f 8284 8558 8334
f 4062 4063 2287
f 7986 7987 5842
f 4677 4468 424
f 4285 7924 9588
f 4285 5644 7924
f 5972 1088 6603
f 5972 6603 9589
f 7040 6341 2193
f 6521 3669 5432
f 8555 9072 2565
f 731 4533 733
f 9590 6970 6969
f 8642 2399 3607
f 6165 4517 3516
f 2609 6722 6723
f 6426 6427 8271
f 243 807 805
f 8810 8811 9591
f 7223 7433 9161
f 9592 8238 8239
f 8575 4846 7142
f 8575 4847 4846
f 2648 5621 2647
f 8076 6917 8827
f 8712 9092 8711
f 2521 9593 2523
f 8827 4498 8076
f 1540 5581 1542
f 1540 2251 5581
f 4956 8653 6119
f 6487 9492 7363
f 9594 9595 6167
f 5553 3769 9133
f 2547 1486 8227
f 5459 4273 5625
f 8508 1227 1228
f 7766 9597 9596
f 9598 4709 9599
f 5988 5387 6938
f 8788 8348 7215
f 7382 5653 2269
f 5888 3551 7444
f 7382 5654 5653
f 350 6428 674
f 7424 6967 6843
f 8078 7915 4694
f 7723 8027 9149
f 3208 8643 4083
f 5512 5443 9528
f 6510 5600 5598
f 9402 5744 236
f 9600 232 8106
f 9088 1685 8380
f 8295 3267 5670
f 5645 9601 6241
f 3441 8976 8513
f 1674 2677 4623
f 3673 1031 1028
f 2503 4427 7985
f 3791 3792 1185
f 51 5776 3341
f 199 9298 7190
f 7095 1277 6397
f 1930 831 1929
f 2774 1959 5577
f 8355 4582 3397
f 994 2534 993
f 3935 3933 2734
f 6867 5215 5216
f 6867 6036 5215
f 8638 9554 8639
f 4014 419 4015
f 4437 9602 4342
f 4305 2189 393
f 5449 8024 9603
f 8859 3480 6149
f 9215 289 290
f 4359 3457 999
f 1882 540 964
f 2494 683 677
f 9447 6025 6024
f 5004 4918 7353
f 4650 4649 5354
f 8067 2916 7580
f 8856 6293 594
f 6496 6494 6615
f 2490 5296 7635
f 7513 4215 6247
f 9081 5167 5165
f 8691 5361 7822
f 2726 5740 3340
f 7778 2286 2284
f 5022 8966 5024
f 7239 3240 9604
f 9080 4857 6884
f 9080 5165 4857
f 3670 226 8572
f 9578 5182 9605
f 6347 7410 7407
f 4365 892 9606
f 9607 9609 9608
f 2913 9610 7808
f 2079 5445 4465
f 4983 3933 3934
f 3952 7677 3954
f 5733 9203 8167
f 2060 2823 5592
f 8179 5967 8539
f 5770 1215 827
f 2718 3631 3585
f 4864 9611 9097
f 6715 9612 6714
f 9613 9438 9393
f 962 963 2250
f 7978 8280 8468
f 1767 1765 3158
f 4021 1395 1393
f 6497 1970 8190
f 1264 8762 7533
f 593 3320 4723
f 7098 5805 5521
f 5178 5179 513
f 4810 7802 6250
f 834 65 9495
f 2856 2857 6380
f 5213 3654 5212
f 5213 1480 3654
f 257 5164 3633
f 1533 1984 4889
f 5759 2088 2089
f 3002 3854 4769
f 9614 4488 4832
f 9615 9616 8488
f 9615 9617 9616
f 7658 159 7081
f 8733 9522 9618
f 1537 5534 5142
f 9500 9619 5078
f 2401 5364 2400
f 9185 1325 8896
f 4982 5222 1439
f 3365 3366 5076
f 2451 2997 4106
f 893 9606 892
f 8347 4361 9115
f 5147 9413 5146
f 9620 4433 1688
f 415 3264 8928
f 2416 916 917
f 8455 1195 1196
f 1573 2863 1572
f 4081 3016 7991
f 5626 3486 3487
f 4443 9544 5763
f 5496 7833 2879
f 6039 6650 1924
f 9621 6422 9442
f 1393 5397 8535
f 3234 1763 1761
f 330 6310 3435
f 330 984 6310
f 8701 2958 6110
f 8415 6874 6875
f 2235 5260 5241
f 6932 9237 9622
f 1887 5128 1889
f 9623 7799 9624
f 7632 2582 2044
f 2531 1556 3251
f 8799 9403 4934
f 5544 1447 5545
f 9625 8438 5876
f 6127 1112 1113
f 6438 8661 3113
f 6438 7421 8661
f 9028 8432 8433
f 6056 6054 8957
f 5407 6477 8811
f 4510 4310 7549
f 8480 9626 9033
f 2323 2324 4328
f 3996 2093 4343
f 826 9427 825
f 80 5028 1326
f 4253 2599 4252
f 5818 6314 6768
f 473 8299 2102
f 2871 4040 2870
f 5211 359 742
f 2379 8853 6531
f 167 7118 7119
f 4736 1346 1347
f 2873 5258 7912
f 9627 9308 9628
f 6551 9553 6552
f 5005 734 47
f 8886 8505 1092
f 9126 875 454
f 698 4176 5332
f 4409 4137 4089
f 8184 9630 9629
f 7029 1499 2886
f 1873 3244 4267
f 3303 5689 3305
f 1060 1376 1377
f 170 4477 6429
f 9631 5858 9632
f 5799 3815 1385
f 974 3484 9216
f 6015 2962 6807
f 7021 8062 2691
f 640 638 7891
f 7804 4695 874
f 5327 5724 8860
f 2968 9633 9353
f 4748 7910 4750
f 4510 76 77
f 1850 6872 1849
f 3383 9007 9385
f 1348 1349 3844
f 9541 6119 8653
f 9541 5957 6119
f 3648 2352 2351
f 3844 3843 8095
f 7336 9322 3380
f 7956 9634 7105
f 647 9635 649
f 273 9101 3870
f 5941 3040 3018
f 476 9636 4223
f 1066 4531 2221
f 500 7584 5617
f 2922 1292 1293
f 2922 8937 1292
f 7678 7429 4225
f 8853 6530 6531
f 4798 8394 570
f 7930 6330 7779
f 2197 4660 1831
f 1055 6779 6777
f 3226 8601 8602
f 4447 9638 9637
f 4512 4513 3156
f 4994 1408 1409
f 403 5207 405
f 569 9639 7424
f 6929 4335 4336
f 6298 2635 2636
f 6480 2839 9640
f 3243 4779 3242
f 9641 9642 9308
f 2232 1497 2231
f 2726 2727 8507
f 2574 2572 4312
f 6807 2963 4403
f 9643 961 5708
f 2891 356 2890
f 984 3656 986
f 956 957 4030
f 492 4759 3937
f 9644 9122 3105
f 7278 9629 9630
f 5256 405 4457
f 1935 3085 3328
f 8590 1805 8340
f 6504 1542 5580
f 6504 1526 1542
f 9485 7534 7980
f 9308 9642 9628
f 6738 8515 9494
f 4425 3182 9271
f 989 8136 6176
f 8427 7241 3464
f 2023 2024 7787
f 6221 7934 3559
f 1864 5507 1866
f 1864 8581 5507
f 4133 9598 5097
f 3347 9645 8569
f 9433 7280 9535
f 8972 9646 1087
f 7081 7657 7658
f 294 2929 2242
f 4642 4643 7638
f 9644 5907 9467
f 9647 869 8424
f 8469 2715 1417
f 5978 9356 8842
f 3628 2021 9648
f 1751 1749 7161
f 2982 768 3831
f 9649 208 206
f 9649 3553 208
f 555 3080 3079
f 3673 1626 6151
f 2410 7156 3590
f 9650 1093 4575
f 800 5556 5554
f 6320 3625 6240
f 7341 7165 4008
f 6490 9290 6489
f 6878 2687 8644
f 6878 2689 2687
f 2689 6878 4673
f 6749 1331 1332
f 3704 2759 3552
f 8295 9463 9651
f 9652 1865 5506
f 233 7539 7540
f 6744 7120 6743
f 2086 1877 4146
f 185 7166 4461
f 8045 5523 9482
f 1322 4801 459
f 1847 9653 1846
f 5716 9625 5877
f 2254 4070 4071
f 8198 9654 9432
f 9491 8653 4834
f 9655 3049 8636
f 4231 6430 6431
f 906 7086 904
f 7450 5850 5896
f 8350 4575 4489
f 1627 4654 6766
f 7166 185 9656
f 8463 8464 8382
f 3244 1873 3245
f 8577 5240 2683
f 4511 4512 7346
f 8856 8548 8746
f 9657 5385 4568
f 2289 1894 9542
f 249 247 6730
f 4687 5185 8382
f 4688 5185 4687
f 567 565 1628
f 3031 7936 3030
f 3812 3940 7030
f 7775 9136 7810
f 2825 4329 6957
f 5138 5139 1172
f 4597 5815 304
f 4424 4440 4423
f 357 7671 4900
f 9658 5651 5652
f 6850 6213 7742
f 8552 1065 9006
f 1655 4376 1654
f 8251 8252 9659
f 7956 9660 9634
f 1113 7368 2934
f 7050 2406 3087
f 8193 7483 4018
f 8623 4493 9661
f 9494 8515 9662
f 5841 4247 8900
f 5861 5862 839
f 1815 470 471
f 1454 1455 692
f 3389 262 263
f 2265 7744 2264
f 970 4039 8384
f 8093 6554 5322
f 8435 6840 6105
f 6589 9663 3062
f 6589 3956 9663
f 7629 9284 2071
f 9664 7191 7189
f 6759 2014 7868
f 3717 156 3716
f 3680 6366 9165
f 2248 955 3033
f 3739 8864 4704
f 3739 3737 8864
f 5321 3172 7800
f 33 9665 5392
f 2408 7791 7054
f 612 8371 61
f 6178 6179 3732
f 2870 6722 2607
f 2199 8804 9666
f 7367 1254 7836
f 7168 3880 3881
f 8117 7818 6791
f 9000 3559 4335
f 9667 2245 2243
f 1159 1909 2410
f 5827 932 135
f 7986 5842 1703
f 6664 4038 3159
f 5352 9592 8239
f 36 34 3156
f 4329 1573 4525
f 8627 4142 9668
f 7757 4023 2198
f 3990 8341 9669
f 6864 4764 4765
f 9388 5780 1323
f 4089 4137 5810
f 4536 8049 4535
f 2568 4503 1515
f 5095 3723 8069
f 7922 1631 5578
f 8064 3480 5194
f 5283 4570 1764
f 8649 584 5024
f 6068 4699 7076
f 8987 9670 5295
f 4273 9671 4272
f 8455 5529 3285
f 812 8654 2444
f 812 813 8654
f 2760 9672 3217
f 7349 1223 4187
f 9190 9211 9189
f 2617 1836 4905
f 6805 9094 6532
f 642 2658 2604
f 9673 9048 9674
f 2274 2275 5280
f 7115 7113 9675
f 3710 3713 3714
f 4967 581 3719
f 1215 1213 828
f 7930 4838 9050
f 9044 2509 8964
f 8142 4790 422
f 4447 9637 4446
f 1557 1365 1366
f 8053 6427 9676
f 4000 8594 4002
f 9677 2465 2466
f 9594 8165 7911
f 9205 8575 9352
f 9678 4312 4310
f 8649 2663 677
f 9679 8698 6160
f 2648 9654 7072
f 7354 5826 811
f 5448 6432 5450
f 4371 4145 1436
f 1823 8773 8194
f 1910 5001 1291
f 4441 4337 5000
f 8726 6049 5928
f 8726 9351 6049
f 8699 6376 6821
f 9680 3228 3229
f 7358 4546 173
f 5489 7163 7164
f 905 2634 8228
f 5993 8268 5992
f 7488 5127 5655
f 5785 4675 7335
f 4656 8220 1956
f 3914 3115 3913
f 2998 7962 2997
f 3413 6725 176
f 3753 3754 9577
f 701 2868 4896
f 7955 9299 4585
f 3678 6923 6924
f 3678 3679 6923
f 2763 8043 2765
f 8285 5954 8401
f 3469 8152 3471
f 2670 5728 2311
f 2312 2670 2311
f 2066 2064 5431
f 9681 8752 8632
f 8164 8165 455
f 7350 1335 2872
f 2730 9682 8795
f 4740 5820 5818
f 4130 590 4011
f 1079 5864 3118
f 5138 1170 7242
f 764 1935 1936
f 7236 4510 1748
f 1047 2682 1049
f 2112 6579 2114
f 24 7461 9447
f 3556 9419 9404
f 1087 6934 8972
f 5237 5238 8734
f 5679 5677 5680
f 78 2449 6229
f 8975 3441 3442
f 7157 2062 2060
f 7791 9208 7054
f 8328 5073 6887
f 7170 9683 511
f 3614 4110 6596
f 1825 4006 1824
f 4820 8314 8315
f 6567 5340 3205
f 8325 871 2053
f 4211 8116 4282
f 6877 7792 4672
f 788 9684 790
f 1206 1204 2875
f 4451 9247 108
f 7716 3572 3573
f 7400 6968 2768
f 5701 7165 1511
f 4462 8614 5918
f 78 721 77
f 272 7682 8192
f 4710 9685 7029
f 8235 7208 1734
f 8235 8366 7208
f 1998 9686 5017
f 6864 6865 7350
f 7686 7687 1078
f 6817 9113 9111
f 6192 8208 6191
f 9547 6787 9687
f 4261 4262 6154
f 6746 6747 976
f 9688 948 1435
f 9689 9690 4203
f 3210 5538 3893
f 88 8500 5851
f 2409 1909 6063
f 5557 746 9691
f 6062 6917 8076
f 4642 6734 694
f 669 1219 5836
f 852 7324 851
f 8646 7872 1008
f 7803 1374 7420
f 6124 8510 2836
f 9692 5003 5001
f 9693 8446 1623
f 8994 5080 6034
f 6911 1774 2063
f 1937 2956 2954
f 4791 4792 136
f 6706 9503 5379
f 3147 7881 8916
f 7489 2817 2815
f 9694 1479 7951
f 1147 7372 7714
f 3945 604 8823
f 1990 1949 1989
f 5837 6677 5839
f 1932 1162 1160
f 1456 1457 8518
f 7232 9695 5119
f 1162 1932 8968
f 2432 4022 7342
f 7249 4902 2435
f 8376 4511 7346
f 6657 4383 6656
f 6139 233 7540
f 5582 7736 6289
f 8589 8590 260
f 462 4377 13
f 4272 2506 3251
f 2889 7435 1539
f 7816 9245 6200
f 4554 2067 1052
f 7984 4123 3200
f 6956 5483 5484
f 7606 8208 6192
f 4132 9338 1594
f 7093 8923 9622
f 7093 7351 8923
f 5727 6224 1274
f 626 5052 628
f 3754 5293 5005
f 8276 3263 3329
f 1659 801 8084
f 265 6962 964
f 5003 8388 2548
f 5079 4384 179
f 2024 2025 9329
f 493 494 3067
f 7363 9696 9017
f 5037 7643 5036
f 5875 5876 4809
f 66 8366 65
f 9018 9697 5780
f 2570 2571 2972
f 6678 5332 4176
f 8863 8473 9259
f 3982 3983 9523
f 5308 8406 9698
f 2658 642 643
f 3016 6405 3015
f 8225 5144 7900
f 2936 7836 6652
f 9262 2664 9124
f 3564 3565 2911
f 4147 7042 6533
f 1713 554 5949
f 5134 5294 9116
f 5940 5638 3615
f 2951 7310 7207
f 5046 2669 2404
f 6193 3969 7784
f 2013 9699 8915
f 2592 7743 9160
f 3829 9096 9611
f 6282 4566 7493
f 8603 5198 9524
f 3025 8239 3027
f 5701 2322 5700
f 8151 1408 8074
f 9700 2865 2866
f 2526 2524 4122
f 9261 7082 7321
f 1085 1086 6557
f 3243 3241 9011
f 6288 1843 1844
f 4076 8296 8948
f 978 2361 2362
f 8383 7781 4778
f 8843 6713 404
f 3027 4027 2877
f 1938 990 3383
f 2018 6271 4077
f 126 6394 6395
f 7311 2026 7313
f 4928 3241 7287
f 6620 8935 6622
f 618 5075 3135
f 4439 4424 4551
f 1768 621 7911
f 8554 745 4045
f 1328 1329 7875
f 7663 3536 16
f 8305 9701 9067
f 5091 7476 2560
f 6319 9455 1555
f 7437 9702 9232
f 3866 6761 5595
f 6885 4994 6616
f 4459 9499 7977
f 6424 1860 1858
f 1195 2153 7946
f 4522 9069 1714
f 2393 8472 2392
f 3327 2235 6519
f 5021 402 400
f 9688 4454 948
f 8353 2864 4178
f 2006 9527 7246
f 7725 2349 2717
f 6814 7777 182
f 3685 8898 7623
f 8682 3637 3638
f 5996 9703 5995
f 3885 5416 3884
f 4788 6813 4594
f 7752 9345 6986
f 6853 2442 2440
f 4400 4401 6923
f 9028 8213 8214
f 8079 5615 7915
f 8547 8542 8546
f 4173 9704 9280
f 8510 7954 8509
f 8383 3255 9705
f 402 4062 401
f 2738 517 6541
f 812 5526 7197
f 1186 3936 1188
f 3316 2248 2246
f 9706 9191 5845
f 7479 8284 8334
f 35 8147 8855
f 6234 4431 5263
f 3687 669 6774
f 9707 8883 8513
f 5939 1328 7875
f 2316 3276 6326
f 1449 7505 3676
f 594 6293 3321
f 1131 2159 4172
f 2705 2706 5515
f 9110 9708 4136
f 7872 1691 1008
f 7130 9709 5874
f 2924 2925 8203
f 5836 6774 669
f 9576 8697 2708
f 6928 9009 8381
f 667 1103 9170
f 771 433 431
f 7624 7675 7673
f 1896 5631 3869
f 6633 5226 3699
f 6033 2058 2059
f 6720 1384 3448
f 5445 76 4510
f 9013 5514 8853
f 1861 8318 4412
f 4888 4889 5739
f 7433 7223 9710
f 5168 462 9216
f 4523 4574 4524
f 6733 3510 9711
f 5299 6501 8121
f 2868 4113 2659
f 2217 6417 4530
f 9712 5870 8624
f 2533 4746 767
f 2533 1189 4746
f 4408 9424 4407
f 4983 4984 8222
f 6295 7802 4762
f 8096 8097 1024
f 9423 7647 8825
f 3800 6927 6928
f 3827 9096 3829
f 1405 9245 7816
f 1317 9714 9713
f 1317 9715 9714
f 5550 120 9276
f 4823 4821 9716
f 5938 1224 1097
f 6914 7170 511
f 2999 3000 9717
f 904 6536 4293
f 9718 7706 8031
f 6466 3720 6977
f 7669 4396 9719
f 3182 3183 4852
f 3162 3777 3161
f 9720 9721 6748
f 9278 9722 9431
f 7079 6950 6951
f 2955 5419 8197
f 9209 5777 9095
f 2021 3628 7691
f 9216 3484 5168
f 9198 8280 543
f 843 3885 8041
f 3800 8724 7784
f 9064 5756 451
f 8567 7206 7205
f 729 7961 8679
f 9723 9489 9490
f 8036 6026 8173
f 4503 7919 1515
f 5907 9644 3105
f 9724 7061 5378
f 1975 4539 1016
f 8689 145 8465
f 3913 4188 7700
f 3913 3115 4188
f 5408 7585 343
f 8893 5295 9670
f 4391 6232 4393
f 6857 6858 5460
f 4313 7704 7513
f 9470 9390 9310
f 9354 8855 9725
f 9354 35 8855
f 5678 2980 8530
f 1688 1686 9620
f 7219 4446 9637
f 7219 7592 4446
f 4199 8909 4198
f 5329 5330 9726
f 8016 8454 4214
f 8062 4565 4972
f 9727 8162 9465
f 961 9729 9728
f 6562 6171 6169
f 5490 3915 3912
f 2448 2937 2450
f 3373 3060 4653
f 6261 6260 6148
f 5331 229 227
f 1937 1935 5123
f 3789 7428 3788
f 3299 8482 676
f 5367 7284 8250
f 1092 8504 5118
f 1351 1352 680
f 7146 7229 9252
f 1366 6124 2836
f 6474 9730 6473
f 6474 3952 9031
f 8777 5314 9574
f 591 2345 590
f 5004 2515 447
f 1038 4904 9514
f 7599 6735 6991
f 2932 71 72
f 6433 7759 8637
f 2624 758 4456
f 7365 4518 5109
f 8544 1996 1994
f 5254 2695 8618
f 2683 3416 1069
f 1807 8008 2784
f 9300 5391 4584
f 1592 7203 518
f 9245 8666 6200
f 7625 7675 7624
f 7867 1414 1597
f 8761 8957 6054
f 6745 5691 9180
f 5080 4657 4658
f 9731 9732 5950
f 6411 8776 5636
f 5758 5176 5177
f 6674 3452 5341
f 6674 6675 3452
f 2465 9677 3740
f 9191 9334 5845
f 1726 6881 5157
f 2041 4872 9733
f 1411 9734 2052
f 8041 842 843
f 6329 5546 3647
f 9735 9736 3860
f 7833 1928 8962
f 6635 7680 152
f 8510 2341 8009
f 5926 4442 8734
f 2705 1735 1736
f 128 6097 6095
f 8341 9737 9669
f 4654 6942 89
f 7515 9739 9738
f 6940 6941 8778
f 8784 7296 7297
f 1378 9740 1377
f 5295 5362 8987
f 7958 292 3832
f 5790 5791 1577
f 7959 8795 9741
f 9242 3215 3213
f 8803 9742 6547
f 1911 6046 4577
f 4609 8012 514
f 7612 5181 102
f 9743 9669 9744
f 1215 828 827
f 4664 3617 3615
f 8118 7523 9745
f 6090 6088 5230
f 9728 9729 9746
f 8273 8495 7757
f 5088 2779 810
f 9747 9453 4248
f 943 2803 2804
f 943 2804 942
f 2549 9748 3290
f 3555 1245 3554
f 8269 3805 7098
f 6515 385 6346
f 5921 4641 5920
f 1579 1544 1130
f 5714 3444 5713
f 5255 4457 3823
f 999 7420 998
f 999 7803 7420
f 7335 4675 9230
f 8059 9170 7735
f 1933 1160 8823
f 9749 9751 9750
f 2350 2352 8371
f 9752 1923 1922
f 4220 1318 4222
f 9165 9058 9753
f 8673 7750 1358
f 6278 6276 4002
f 3802 6260 3801
f 9266 1133 431
f 1290 1291 5001
f 5638 4664 3615
f 7326 3531 2250
f 4132 9754 4899
f 9647 8424 9337
f 488 2876 4156
f 6062 8076 7520
f 8519 9756 9755
f 7173 175 2735
f 9757 9758 5032
f 5418 5394 5395
f 9235 7897 8818
f 4620 9760 9759
f 5630 3284 5528
f 4789 4515 1227
f 2682 7953 1049
f 2686 631 5608
f 8780 6277 9634
f 5530 6952 4225
f 168 8064 1169
f 6196 4403 4404
f 5038 7752 6986
f 7167 8108 8537
f 721 2380 3686
f 9761 9573 7685
f 4952 1557 2183
f 3388 6031 8697
f 8492 8787 4621
f 5442 2467 4800
f 2145 8358 2144
f 7780 7781 9705
f 7929 2284 8985
f 9762 1916 2203
f 7668 5774 2762
f 850 1732 8393
f 6929 9076 4335
f 7813 6673 6674
f 450 451 3944
f 8119 4088 1622
f 5390 2867 8866
f 3095 5371 3094
f 2937 2448 2939
f 8893 9546 7917
f 7660 7937 5290
f 1306 6525 4435
f 8465 8466 9234
f 7502 6046 6047
f 9286 6935 7994
f 6461 9763 9241
f 5388 5389 4593
f 2724 4899 4897
f 3669 3667 5434
f 9033 766 4746
f 3406 6890 9600
f 6875 6297 4078
f 2959 4250 9430
f 1519 2314 1521
f 1784 5682 9623
f 3816 5376 1874
f 3340 9129 2728
f 3340 3341 9129
f 9675 9024 9006
f 9764 9633 9765
f 672 2037 2038
f 5596 5597 8736
f 877 3043 8091
f 456 1119 455
f 4487 1398 3071
f 8665 4890 7308
f 1989 1949 3137
f 2038 6957 671
f 3643 9091 4410
f 5302 3756 5301
f 5117 1921 1919
f 481 2090 2088
f 8731 8487 6446
f 2588 1248 5759
f 5276 8995 706
f 3995 5193 8141
f 4234 2104 5334
f 4104 6968 7400
f 9517 9518 8131
f 4189 8646 6663
f 7817 1405 7816
f 3275 2074 2072
f 2496 1617 4862
f 5026 4770 5025
f 6204 3282 9766
f 9767 653 9768
f 8863 9259 7862
f 8252 3306 1620
f 7184 9246 7902
f 1841 1842 5828
f 987 9438 9613
f 9391 398 4263
f 6592 1058 1059
f 5756 9064 8335
f 7734 8059 7735
f 6901 7904 6553
f 968 8852 3890
f 9769 8628 9260
f 7046 2322 1511
f 2801 2799 7068
f 2597 4937 8374
f 5862 5860 6092
f 4993 4991 9056
f 3315 3787 3317
f 3966 6134 938
f 251 1904 1902
f 8850 5830 4052
f 885 2784 2785
f 62 63 6997
f 8402 8403 9251
f 1284 6263 1283
f 3769 558 557
f 1907 4129 3462
f 7917 9546 9539
f 9692 9714 5003
f 1687 9770 1686
f 5690 3303 3763
f 8328 5072 5073
f 5420 2328 1885
f 8223 8224 6642
f 6248 4557 3734
f 2196 1831 8139
f 3519 6519 9189
f 1321 1322 459
f 9080 6884 9082
f 923 287 5718
f 3371 4667 3370
f 9771 6695 6711
f 6813 8892 1857
f 5223 4980 5791
f 2083 2542 2085
f 6095 614 6403
f 6053 467 468
f 9759 2651 4620
f 7147 8524 8839
f 9438 987 4581
f 5302 6031 9772
f 5302 5303 6031
f 7361 9773 7360
f 2992 2838 2829
f 9684 4647 4648
f 4011 7063 6757
f 5128 7488 2806
f 5128 5127 7488
f 6949 9183 9774
f 3207 4465 7549
f 7700 6462 5490
f 9749 9776 9775
f 6648 7071 6576
f 5005 1246 1247
f 3216 8011 9036
f 9255 4327 4326
f 3803 9777 3804
f 8606 8779 197
f 5863 5621 5620
f 747 8339 2915
f 3050 6878 8635
f 4111 4109 8112
f 6081 9778 2767
f 3655 7405 2063
f 985 7291 6310
f 9779 7675 8343
f 8684 6401 6610
f 8374 4811 6067
f 3368 3369 6480
f 5541 5104 9679
f 9268 3520 6717
f 2891 8206 4807
f 6779 606 7016
f 8460 6421 8462
f 7899 2095 9421
f 9147 5765 612
f 295 296 2929
f 3946 6204 3948
f 9780 1913 1251
f 3956 6589 6590
f 3948 1494 3947
f 5366 8244 3334
f 8604 1297 9346
f 1797 1798 8671
f 6515 9703 3079
f 3383 5501 9007
f 1706 7302 99
f 3493 1677 2797
f 2707 2037 8150
f 7638 4643 3618
f 6018 9781 6017
f 9450 8883 8884
f 8852 8634 7895
f 7517 2583 2584
f 2026 4300 2028
f 9782 9784 9783
f 1633 6139 7540
f 1556 5945 3626
f 3593 3223 3592
f 689 9250 6788
f 689 9249 9250
f 671 8027 673
f 6901 7599 8759
f 8416 474 1198
f 6799 3481 3482
f 7751 7752 5038
f 7744 9618 3374
f 7138 3879 2655
f 5861 5124 5125
f 1745 7693 1744
f 259 4093 261
f 2243 9785 7514
f 7019 9336 7534
f 4070 2252 9356
f 2264 4479 4478
f 88 7898 8500
f 8823 1161 1850
f 8255 3512 6184
f 5211 742 8085
f 1995 1996 407
f 9703 5996 555
f 8589 261 5711
f 7052 8397 7915
f 8390 4679 8391
f 8556 4537 7998
f 162 1207 1208
f 9122 7378 3421
f 5166 8715 7625
f 535 1017 114
f 8613 9437 9438
f 6904 6903 9786
f 6811 2938 2138
f 4835 4836 6761
f 621 4398 7911
f 9787 9789 9788
f 8129 6279 6250
f 8280 7978 7294
f 1025 5475 1027
f 1460 4477 1459
f 2526 7984 3778
f 6090 4660 2338
f 932 5827 931
f 154 9401 278
f 3885 3886 8041
f 2284 7929 7778
f 9543 8250 1776
f 9790 9791 2256
f 412 5469 414
f 9767 1167 6996
f 4036 6994 8308
f 5834 9600 5887
f 6684 7442 7390
f 6684 805 7442
f 9651 9463 3718
f 4453 6906 5050
f 6622 8936 9792
f 7536 9793 9565
f 3209 2240 2238
f 9680 6934 1783
f 2293 3849 9227
f 8826 9480 2378
f 2215 3082 3978
f 7062 8115 3547
f 5667 6771 627
f 5203 8011 5202
f 8732 8134 3647
f 8389 9227 4131
f 7204 6067 6066
f 8709 8183 5809
f 2878 7833 8962
f 3025 3266 3708
f 7926 8763 4246
f 5524 1457 1458
f 1941 7704 2786
f 165 7866 164
f 887 4234 7410
f 9221 1473 2901
f 9691 746 744
f 5449 5450 4682
f 3732 3733 6178
f 9794 8719 9029
f 8952 6812 4341
f 1802 3652 3653
f 1830 8037 5386
f 4052 5830 9217
f 8808 8809 4587
f 9795 8390 3667
f 6297 6874 2791
f 5673 7855 8235
f 6504 7786 1526
f 5767 5127 5766
f 4141 6473 4140
f 5658 9796 5657
f 2625 2624 7737
f 6908 8938 2253
f 5155 1090 7000
f 3723 3724 6826
f 2231 6147 2543
f 7890 1045 3472
f 9412 6805 6803
f 5992 7564 6756
f 6362 9228 8418
f 629 9054 9797
f 3296 5390 3034
f 582 580 9176
f 8690 779 7578
f 6992 5467 5465
f 6648 8290 3450
f 6802 3035 8236
f 9 1567 2843
f 380 381 4032
f 2853 7030 3638
f 2136 1482 9798
f 8561 2984 9502
f 4490 3150 2845
f 9122 3298 7378
f 647 5197 9635
f 8790 2468 5972
f 6066 1844 944
f 9799 3919 8331
f 965 540 541
f 8193 9103 8192
f 3535 5714 1051
f 4296 9329 8816
f 3616 3617 2417
f 9800 2641 2642
f 9726 2556 8967
f 9266 1095 7975
f 4464 7032 9801
f 710 9207 709
f 4474 8922 1695
f 1960 6149 5577
f 1960 8859 6149
f 3929 804 802
f 3863 5061 7118
f 4347 6301 1508
f 3215 2841 3214
f 5148 2573 5147
f 2422 8890 6647
f 2797 2798 881
f 973 6451 4229
f 5951 6461 7328
f 9364 9401 154
f 9802 8926 7989
f 18 16 967
f 4083 20 21
f 8298 4646 4647
f 4763 9804 9803
f 8013 2175 3874
f 5182 2640 2638
f 8533 5601 9364
f 6762 5338 6361
f 5456 8444 4074
f 342 9439 7649
f 871 872 4950
f 709 9207 7359
f 7784 8724 6193
f 8913 2521 2522
f 9750 843 5702
f 3333 3553 1791
f 3333 208 3553
f 4473 7135 7136
f 3958 3581 4055
f 1864 5697 7137
f 231 2418 230
f 7011 9805 5122
f 6807 293 3771
f 4444 1104 7344
f 9203 9806 9204
f 3388 9772 6031
f 2372 957 955
f 9807 9809 9808
f 6269 8633 1216
f 2554 2430 2553
f 4688 9033 9626
f 1473 9221 1564
f 9810 4749 9403
f 3338 9283 3337
f 3338 9638 9283
f 1187 6442 239
f 4625 4624 6567
f 4226 4227 1015
f 5223 112 113
f 7842 7843 9811
f 5582 9812 6253
f 549 117 8495
f 5455 2013 2014
f 9541 9813 9540
f 706 8995 690
f 455 6167 457
f 9046 969 5772
f 3963 397 398
f 4439 4440 4424
f 9695 7646 5119
f 2544 9814 2543
f 6706 9505 9503
f 8172 7821 4758
f 1403 4919 3780
f 761 7369 2885
f 3021 8693 5263
f 1021 7013 8396
f 9815 9816 8755
f 8541 7732 5565
f 9051 5252 4804
f 6565 6566 7756
f 9251 1486 8402
f 5706 7453 5705
f 7195 7196 8824
f 427 91 597
f 1590 9817 7892
f 1503 3708 2394
f 4450 2034 4449
f 6891 9380 3653
f 6570 5681 5677
f 830 5086 829
f 9818 7698 9819
f 529 9529 9530
f 9820 3230 3228
f 8501 1472 8147
f 3036 3034 6538
f 5973 2468 7741
f 6006 6173 9329
f 6029 8036 502
f 4627 1707 1708
f 9673 9674 663
f 6369 6290 9799
f 6369 8605 6290
f 5557 9691 1826
f 5941 3018 7310
f 3235 4224 3234
f 8218 9144 9821
f 7675 9779 9150
f 9822 5426 8848
f 6808 9201 7994
f 5927 6049 6050
f 1742 1740 8875
f 1662 6933 1664
f 1924 3143 6039
f 2538 7004 4082
f 4387 9823 4488
f 3260 9086 6128
f 8610 782 9824
f 4684 8407 6660
f 2437 6009 1413
f 2011 122 123
f 2011 123 5011
f 3827 6390 2661
f 9192 6263 4845
f 3138 206 207
f 4636 2417 6084
f 4636 6084 4547
f 6676 5610 43
f 4881 4882 9825
f 5978 6008 4071
f 2092 536 1521
f 5574 4412 4413
f 2894 6679 6680
f 3868 4641 1898
f 8329 3419 8485
f 3010 8301 8531
f 7662 8342 6188
f 8289 1760 1758
f 9148 3784 3382
f 8299 7369 761
f 7177 7425 305
f 6059 7729 7463
f 5595 5596 3866
f 5939 5937 6783
f 5410 1600 1601
f 6948 8591 3490
f 5180 7839 8775
f 5664 39 776
f 6836 6837 1667
f 7730 7483 8193
f 2988 175 173
f 4316 7837 9760
f 1974 4539 1975
f 9826 870 4645
f 6191 3969 6193
f 8613 8196 9272
f 6979 1970 6127
f 9169 5919 5943
f 788 1424 4647
f 2657 6876 8978
f 3879 6876 2657
f 2439 9474 2438
f 9827 7989 5310
f 3263 1265 2267
f 9828 1463 2149
f 9790 7104 7103
f 1862 9135 9233
f 1862 1863 9135
f 9796 9829 9435
f 6093 6398 841
f 6093 6397 6398
f 3661 3662 1789
f 3196 3197 4063
f 9830 9784 9831
f 9734 2051 2052
f 943 944 1892
f 3709 3155 2394
f 81 79 7484
f 9832 5916 3857
f 588 2767 6969
f 9331 9100 3361
f 8665 6244 8815
f 4866 7455 767
f 6828 6667 9833
f 9185 1324 1325
f 934 856 3835
f 4670 8275 6151
f 4670 4144 8275
f 5281 5049 996
f 3349 3350 2019
f 6543 9505 6545
f 9172 4821 4822
f 3047 6339 8882
f 3047 1630 6339
f 9050 8802 6331
f 6302 8070 5441
f 9834 9466 9467
f 9179 3992 7845
f 9157 9158 9835
f 6381 9726 5330
f 9753 9721 9165
f 9753 6748 9721
f 8669 4860 4861
f 564 562 605
f 5562 6832 5564
f 9166 9721 9585
f 6301 4347 596
f 6555 4802 3949
f 9367 4152 8706
f 8281 6871 6872
f 9324 3312 4691
f 9349 9661 5762
f 4397 9719 4396
f 8685 8684 6584
f 8519 7276 9836
f 5369 5370 2127
f 9837 9839 9838
f 9840 9841 4993
f 5420 480 2328
f 3611 3393 3391
f 9068 2971 2571
f 5656 6796 6797
f 9096 3827 2661
f 4933 3661 1677
f 3626 2213 8929
f 8572 224 1355
f 1047 2681 2682
f 5885 6091 3742
f 2888 9195 8477
f 7212 1502 3162
f 8435 6483 6897
f 9088 8380 7345
f 5764 5762 9661
f 1966 2736 3624
f 6411 8933 6859
f 4575 8350 9650
f 6127 1970 1112
f 9370 9842 8470
f 1105 1106 2707
f 4677 7794 4917
f 4677 1452 7794
f 3366 7452 7453
f 359 360 2346
f 1317 4220 9715
f 7135 8163 7137
f 8976 9843 8513
f 1659 5556 800
f 8985 5556 1659
f 6996 4751 1947
f 9844 3013 8584
f 1770 8706 1769
f 9135 1863 9134
f 9845 8567 8004
f 5538 855 3893
f 8954 1493 8778
f 5652 9846 9658
f 9847 8675 8881
f 8540 1545 8179
f 3513 4029 3512
f 6849 6212 6213
f 3777 3778 1950
f 4522 2881 9069
f 8673 3010 8534
f 6827 9468 7925
f 6808 6809 4563
f 3219 9848 7940
f 6046 8529 4577
f 3245 5376 5220
f 2837 9640 2839
f 6905 1387 1388
f 6375 6215 2778
f 8467 2357 8466
f 8990 8991 9213
f 266 4958 265
f 9700 2866 7931
f 7840 3935 8046
f 6477 282 1117
f 4721 2161 6882
f 5627 4959 266
f 5020 5021 6052
f 6232 5199 6231
f 1308 1306 4435
f 4926 4999 2928
f 2252 2253 5969
f 6739 7797 8487
f 9735 8704 3176
f 2261 5122 6733
f 9849 9850 8441
f 8308 9221 5981
f 8308 6994 9221
f 7631 2582 7632
f 8189 4209 1310
f 106 7370 105
f 3360 5926 7763
f 4441 5000 9803
f 2356 9851 2358
f 4218 4219 6630
f 6236 9852 2402
f 665 9323 3560
f 2754 398 9391
f 888 7289 7797
f 5540 5539 9109
f 6790 8011 3216
f 9804 4367 9265
f 877 878 4554
f 7768 6566 6564
f 983 6169 6170
f 1808 9410 9853
f 5412 4119 4117
f 3008 3009 1274
f 5102 1546 7109
f 6527 4007 9154
f 8034 5084 368
f 8034 4756 5084
f 605 1054 564
f 7983 9854 6681
f 8670 4861 158
f 9855 6815 9856
f 9855 2124 6815
f 1529 6364 188
f 9042 8697 9576
f 7673 9433 9535
f 2873 2874 5258
f 10 5769 8443
f 3028 4984 7865
f 745 8554 744
f 3506 3507 8481
f 9857 4635 740
f 1346 3655 1345
f 5387 881 5389
f 166 4100 165
f 6538 5532 9815
f 910 908 4024
f 8238 8203 2925
f 8238 9592 8203
f 1729 8379 1728
f 9451 5108 9093
f 5370 6350 2127
f 4058 5055 9456
f 3595 3596 9316
f 1226 2614 1875
f 153 6150 6635
f 3245 5220 5221
f 2433 2046 2043
f 2433 2434 2046
f 2293 5401 3848
f 5951 789 790
f 3361 2918 3249
f 484 7059 6005
f 489 490 6985
f 8808 4587 3860
f 6888 1528 915
f 2805 5655 428
f 587 9781 4578
f 9547 5880 3511
f 8894 532 5978
f 4037 1566 1564
f 4670 6151 1626
f 9694 8750 1479
f 4086 9533 7805
f 7833 6503 1927
f 746 7081 4044
f 7138 1228 3879
f 5800 9831 7901
f 6988 3007 4388
f 8008 8825 1084
f 9858 2184 7830
f 3698 3407 3408
f 4935 8018 3354
f 4383 1451 523
f 7611 103 7660
f 8114 9460 9197
f 2257 5704 8869
f 6717 9859 3445
f 8710 7531 7532
f 860 9344 8858
f 8307 9860 9850
f 2896 2320 3741
f 4624 4528 9861
f 9862 6121 7066
f 6902 3469 5584
f 6902 6900 3469
f 9274 5906 9832
f 9587 8103 5188
f 3320 593 594
f 1003 4259 4816
f 7168 3881 7822
f 843 844 1290
f 7647 9423 7648
f 1920 5373 1919
f 5726 6611 1670
f 3900 4547 7327
f 937 3704 3552
f 3557 2491 9419
f 6478 1307 4775
f 7540 7541 3855
f 7229 7245 9252
f 9115 2699 9114
f 8711 9092 8191
f 5380 5378 3759
f 8769 8108 5356
f 1423 1422 9559
f 2981 573 2147
f 9149 8027 6957
f 6890 3406 8669
f 8155 9652 6895
f 5780 9697 1510
f 1222 7348 5892
f 5086 5087 1661
f 4713 4714 3487
f 8270 8769 5356
f 8270 8579 8769
f 3599 3597 6453
f 3835 3833 5911
f 9763 4648 8110
f 2859 3705 2861
f 8382 765 4687
f 4214 8454 8020
f 1585 1993 1776
f 3398 8757 3397
f 3217 9672 4600
f 8296 9209 9863
f 2753 1421 2755
f 7618 467 6053
f 2321 9864 8889
f 7239 2653 1636
f 5442 4800 9528
f 6007 9865 3729
f 6007 4505 9865
f 3578 3958 257
f 319 320 2888
f 9866 297 6888
f 3956 6590 9087
f 3683 9379 6205
f 3849 3229 3230
f 822 4756 4757
f 822 5084 4756
f 3105 837 6323
f 3105 9122 837
f 652 2224 2225
f 5001 1910 9692
f 3388 5302 9772
f 2741 5397 2740
f 7815 6680 5547
f 3202 3203 8680
f 7817 5547 5548
f 6702 7849 4159
f 4186 387 388
f 2758 1628 565
f 6677 8703 9867
f 1890 7073 8833
f 8743 7343 5189
f 9565 9793 9868
f 7048 8448 930
f 5315 9320 5866
f 9160 9811 9869
f 6477 5407 284
f 8629 8630 6946
f 39 4812 38
f 5250 486 9870
f 3895 3894 7314
f 8409 8887 6712
f 2604 1410 1408
f 7493 4566 9871
f 9050 6331 6330
f 3670 6211 4755
f 8301 6224 7861
f 3396 7357 7358
f 3396 7358 174
f 5820 4741 1152
f 1885 2328 1884
f 4618 6771 5667
f 6593 646 8313
f 5626 3028 7865
f 6752 7871 6754
f 9463 5670 6785
f 3537 3536 8352
f 9399 1379 8651
f 9399 9398 1379
f 2869 866 2871
f 1605 5776 51
f 2988 2735 175
f 2243 9872 9808
f 1348 5920 4640
f 1348 5922 5920
f 8791 9641 9309
f 5744 5745 9490
f 5762 5763 9350
f 5217 7295 9873
f 5217 7297 7295
f 6324 5633 5634
f 5187 9497 3786
f 3339 8705 9874
f 3339 4317 8705
f 8779 6776 197
f 1615 187 5698
f 8447 9151 8119
f 3339 1332 8709
f 9687 9689 9223
f 9470 9310 9472
f 9875 8321 9876
f 1700 1698 5944
f 8489 1065 9877
f 7868 2014 6905
f 3834 3835 854
f 342 6975 9439
f 4186 4185 1652
f 59 4805 4806
f 8198 9878 7100
f 2992 7586 2838
f 3257 8739 8672
f 6736 3077 9879
f 2499 7525 9880
f 9881 9840 9056
f 9882 3349 9384
f 6907 4071 4960
f 2736 1966 7172
f 9605 5182 6317
f 301 5019 710
f 147 148 8399
f 147 8399 2087
f 3883 9567 9071
f 2492 2493 1940
f 2546 6846 9153
f 9355 4496 9624
f 2161 9549 6882
f 5148 8627 9668
f 7734 9070 8059
f 245 9883 3176
f 2110 2111 4776
f 982 8766 8767
f 3239 3118 5864
f 9884 9885 7698
f 2307 2308 9861
f 6904 7251 9886
f 2021 1111 1110
f 9887 9741 4249
f 9478 37 5514
f 9478 2216 37
f 4170 6751 5574
f 5871 1762 1749
f 4596 8233 5987
f 3999 3997 3575
f 4845 4843 9192
f 548 216 217
f 7359 7583 3108
f 7724 7723 9149
f 8376 9888 9534
f 1108 1109 9559
f 8284 7479 5953
f 1904 9381 1903
f 1900 6099 6581
f 3657 3658 8331
f 7941 4482 4483
f 6858 6986 5460
f 1323 5780 5781
f 6991 6735 6364
f 4872 3545 9733
f 8691 8692 3153
f 195 2483 7438
f 2942 8969 9889
f 8589 260 261
f 207 208 3139
f 8725 6192 6193
f 1413 1414 8922
f 1667 8620 1666
f 3188 3287 8647
f 5357 5944 7144
f 2650 4585 2128
f 8300 1209 8553
f 9488 3795 6579
f 6225 8638 5851
f 2372 955 2371
f 3277 2552 3892
f 7725 2717 9890
f 1711 3589 1586
f 1695 8922 6273
f 7319 5350 1357
f 9218 6016 5133
f 9106 8286 7930
f 3750 6232 4391
f 3750 5199 6232
f 3193 8860 8861
f 516 6471 1592
f 7261 9882 9384
f 9737 5469 9669
f 6418 6153 6419
f 6207 6984 6181
f 1676 1675 7724
f 4233 3324 1570
f 5290 7937 637
f 619 1603 59
f 6202 4892 74
f 4418 9891 7456
f 9892 8806 8807
f 9893 9894 3555
f 9895 9896 697
f 3379 2637 2635
f 3300 7516 474
f 8748 8746 7996
f 5226 5224 3699
f 8965 9897 7921
f 9655 7776 3049
f 4092 274 275
f 6712 2679 777
f 2195 1316 6356
f 5671 6690 5673
f 8593 2243 2244
f 8593 9785 2243
f 6919 6336 922
f 2160 8418 2159
f 1723 9898 3957
f 4491 8782 5450
f 4997 4998 3108
f 8199 5971 2040
f 1567 1337 3726
f 8690 8414 778
f 6504 9004 4864
f 9899 5994 5414
f 7544 7874 3145
f 4960 2666 4936
f 8749 381 379
f 7021 7020 9057
f 687 688 574
f 9380 6891 3744
f 3577 3580 3579
f 3990 9743 7531
f 6871 6298 6873
f 9814 714 2543
f 2662 4864 9097
f 9506 9900 8550
f 951 6820 8578
f 8799 3987 9901
f 2030 9466 9834
f 6062 6063 6587
f 7726 7333 6057
f 9037 7411 5090
f 5618 5824 7415
f 5932 5933 2015
f 9902 9348 9903
f 3809 3810 8802
f 7327 8516 7290
f 7535 8502 7018
f 322 5290 637
f 839 9256 5861
f 4813 1060 2980
f 2893 2895 192
f 5341 582 9176
f 1034 6554 8093
f 7932 7690 5893
f 4648 4646 1742
f 4078 2018 4077
f 9270 3238 5641
f 9904 9905 2545
f 5386 470 1815
f 7663 3522 8750
f 1641 8895 7467
f 9519 9896 9895
f 6181 2851 6207
f 4898 9754 8979
f 4713 6516 4894
f 7432 7819 8694
f 7577 6971 5409
f 4166 7137 5697
f 9582 7145 7334
f 802 960 3929
f 9577 3754 4198
f 1961 5963 430
f 1961 1959 5963
f 4087 4088 3504
f 1567 7 1339
f 2555 447 2238
f 3148 1613 3147
f 2602 3214 889
f 2096 2887 2095
f 7992 8336 3161
f 8061 9798 8063
f 4201 2711 8676
f 1964 1962 8977
f 7063 590 8662
f 2226 5039 5040
f 8806 9892 5031
f 9181 1996 8599
f 5967 8219 8539
f 4303 3292 3293
f 3044 8111 5143
f 5465 1964 6992
f 7937 785 1727
f 474 472 3300
f 4207 5832 9906
f 4851 6182 6183
f 9164 7529 7530
f 2928 7840 8045
f 5619 8571 6770
f 2291 8897 5400
f 2165 2141 4527
f 7773 9674 8798
f 4403 7498 4405
f 9519 1107 9896
f 7779 7778 7929
f 9494 7971 9493
f 8289 3146 8917
f 6849 6850 4757
f 8039 4659 5231
f 3504 3501 4087
f 2136 9798 2135
f 8420 8988 9227
f 5057 8209 7040
f 5119 7646 2951
f 8478 319 2888
f 9007 5501 5502
f 9907 4728 5882
f 6857 4826 1668
f 8146 2094 8918
f 7587 5742 1794
f 5759 4940 2588
f 8980 6382 505
f 1986 3124 8357
f 9596 7755 6566
f 4509 6414 8951
f 3162 2525 3777
f 4240 4241 2895
f 316 317 7268
f 8575 7142 9352
f 7813 6674 6342
f 6246 9716 6245
f 6204 9766 3948
f 533 5255 3823
f 3262 7178 9908
f 6369 2475 2476
f 6369 9799 2475
f 7051 6899 6027
f 9051 4710 5253
f 867 9909 866
f 6874 8415 6653
f 7421 7880 8661
f 4000 6634 1064
f 9044 8964 8965
f 7086 906 907
f 7036 9704 4173
f 8657 3634 3635
f 1013 1014 3571
f 1428 8845 8090
f 9910 5942 3643
f 3968 9554 3967
f 5779 8943 5778
f 4645 2957 4177
f 5342 5382 9911
f 5603 2272 7253
f 6736 9879 1302
f 298 8811 1115
f 3581 3958 3579
f 1783 1781 9680
f 1331 9411 7201
f 5588 1775 217
f 5482 9749 9775
f 1929 5847 9334
f 2944 2945 7907
f 9912 9139 6140
f 833 8367 6690
f 1191 3788 7428
f 1630 1631 6339
f 6697 6698 7609
f 8387 8439 5034
f 7364 9913 1362
f 1846 4192 2557
f 96 2154 2155
f 2845 4705 4490
f 3667 3668 9795
f 7325 961 9728
f 1287 6747 1289
f 8886 7034 9444
f 5714 3535 3665
f 1449 6439 8639
f 2514 9393 4786
f 8021 2721 6669
f 3158 1358 1767
f 4853 4922 4852
f 8779 5325 6776
f 5656 6797 428
f 5414 5415 9899
f 986 1389 4429
f 8057 5260 7547
f 2651 9759 7955
f 8290 4319 3450
f 7193 7192 9104
f 4958 9415 6962
f 5291 7063 8662
f 2831 7158 6702
f 4031 5239 7988
f 3912 7700 5490
f 38 5514 37
f 344 9529 3736
f 1619 7943 7974
f 1936 1937 2954
f 2333 8181 6463
f 7358 7359 9207
f 7020 6018 9219
f 5446 7589 8615
f 3571 3386 1013
f 9493 4051 4279
f 979 2552 2553
f 4245 8545 6120
f 3724 3722 7553
f 9914 8888 2228
f 9914 9915 8888
f 1258 2481 7100
f 329 6936 7655
f 6184 5422 6444
f 4373 5865 6122
f 9617 9916 7594
f 815 918 3900
f 4856 7698 9818
f 5352 3708 9917
f 4671 9918 9469
f 4266 1046 6806
f 8983 9681 8051
f 6520 4777 2310
f 7707 563 5187
f 6077 8010 6076
f 732 6796 731
f 4014 418 419
f 3672 1031 3673
f 4387 4655 9823
f 5837 8941 6677
f 7455 2533 767
f 1971 5875 2722
f 586 7400 588
f 5721 1125 5723
f 5418 5395 4550
f 1252 1253 9679
f 9861 4197 5339
f 3233 7101 7129
f 6888 5145 9866
f 3452 6675 5908
f 517 2738 5139
f 6571 1037 1038
f 7110 4978 6393
f 8820 9580 6281
f 9257 1440 4306
f 5223 113 1441
f 4536 9389 8949
f 7311 4300 2026
f 7311 4299 4300
f 1168 1169 6599
f 4303 1624 5725
f 1498 9685 3688
f 7049 8448 7048
f 2582 2433 2043
f 4057 7921 4503
f 8346 5523 8045
f 96 9465 1504
f 6654 4531 4532
f 4329 8278 1573
f 9668 9537 2573
f 6328 9083 8670
f 8712 2930 2931
f 2969 9919 4041
f 1200 7516 5444
f 8845 8103 6014
f 8109 8537 8108
f 7177 9553 7089
f 9335 8612 7629
f 9335 7923 8612
f 9352 9141 9205
f 3400 9720 6416
f 808 3540 810
f 9842 2427 2428
f 4764 9146 9804
f 9920 9921 9213
f 686 4644 685
f 8378 5250 1728
f 1795 1796 9299
f 9439 434 5573
f 3545 4871 3547
f 545 6824 547
f 4708 4269 5838
f 6448 8419 4485
f 4492 2579 6374
f 3234 5413 1763
f 9450 9295 9296
f 9296 8513 8883
f 2422 2423 2340
f 114 115 534
f 9598 5096 5097
f 2384 5919 9922
f 9741 8925 8923
f 1738 3192 3193
f 3308 7034 5153
f 4302 4510 4301
f 3514 817 9084
f 3993 7845 3992
f 1889 2081 1888
f 3122 479 911
f 5867 5669 7602
f 3173 3174 9923
f 7167 8537 4540
f 4717 5092 7839
f 2557 4193 8447
f 7852 6499 7770
f 9924 9925 1639
f 9926 9452 5648
f 1417 6387 8469
f 857 1568 2809
f 9464 5989 7074
f 6923 6060 4400
f 2640 5181 7612
f 1361 5071 1360
f 7532 3232 8710
f 9137 6593 8314
f 3796 3797 9839
f 7284 5283 6161
f 7142 8322 9353
f 8269 9927 1712
f 4792 2112 2113
f 5738 9754 8302
f 5544 7045 1447
f 3169 6174 6173
f 5800 1760 8288
f 1825 2835 2836
f 5802 6109 6108
f 7085 5622 9928
f 6027 7791 2408
f 6673 9834 6675
f 4641 4640 5920
f 6559 6546 6561
f 1246 48 1245
f 6893 1278 5639
f 8369 4808 9807
f 7660 103 104
f 5917 7064 9929
f 9178 9519 9930
f 2469 7741 2468
f 6624 6007 3729
f 2452 3572 6190
f 3646 9383 273
f 8149 8773 1823
f 1195 9931 2153
f 7540 3855 1633
f 1242 4624 1244
f 2410 3590 1159
f 2258 543 544
f 2258 9198 543
f 9835 743 9157
f 5282 6295 5281
f 3977 7339 3682
f 1393 4020 4021
f 3951 8055 9196
f 5507 6895 5506
f 2481 5452 2480
f 2991 9226 2449
f 3168 3894 3167
f 7582 7793 3212
f 3970 7878 5067
f 5914 5949 8913
f 8526 2029 2030
f 8490 5694 5691
f 9932 7215 7213
f 8609 2905 4886
f 4515 1071 1072
f 6842 2978 7417
f 4985 7501 7145
f 1793 9933 4145
f 9742 9920 9934
f 5359 4621 771
f 9454 4182 4180
f 9935 9936 7529
f 472 473 2102
f 3328 2259 2260
f 2423 4867 331
f 883 5285 2681
f 9937 2582 7631
f 9937 8770 2582
f 6782 9742 5006
f 9296 8883 9450
f 4965 4853 3377
f 4965 9252 4853
f 723 3960 8359
f 5952 5953 9938
f 2791 6874 2790
f 3136 1259 6405
f 2549 3290 2551
f 9507 4432 3227
f 7059 8017 8723
f 6466 3104 6323
f 3151 1260 9878
f 9939 5963 5964
f 6549 9142 6980
f 5751 4125 2036
f 7116 7052 7053
f 2288 2961 2287
f 8974 3692 6694
f 4648 9763 9684
f 1330 2231 1497
f 9027 8145 9940
f 5403 3277 3893
f 4495 2387 4494
f 7579 7580 2916
f 9841 4914 9941
f 9841 9941 4993
f 7581 8960 6913
f 1683 4623 2678
f 9521 9761 7150
f 4812 5513 38
f 7573 7571 9942
f 4505 7271 9865
f 66 3938 5019
f 1440 4350 618
f 4858 4859 7624
f 6487 6486 9492
f 9170 666 667
f 1414 6273 8922
f 3000 4201 4202
f 2421 2422 2950
f 6934 1087 7742
f 2507 815 683
f 8995 692 690
f 2370 8214 2369
f 9893 206 2480
f 7708 8397 9275
f 4362 4360 8210
f 9438 5311 8613
f 8961 7375 9377
f 2747 2748 9371
f 7410 4234 5334
f 2961 401 4062
f 6690 8367 7855
f 4085 9290 6490
f 4264 2697 7546
f 4044 4045 745
f 5971 8052 5970
f 7137 6258 1864
f 4239 3897 3898
f 1025 7072 8198
f 4382 523 524
f 8755 9816 8754
f 9055 8459 9854
f 4096 1313 896
f 2290 1827 1828
f 3431 6907 9477
f 648 7176 872
f 9943 6138 6493
f 3007 3005 3326
f 4610 7162 1719
f 4525 1573 1571
f 6301 596 91
f 6575 3231 7942
f 4845 6263 6264
f 9625 5876 5877
f 6770 5725 6101
f 8603 9524 8602
f 4016 4017 5903
f 3073 5262 3075
f 7667 9944 7291
f 3012 9888 8993
f 444 3744 443
f 2564 3375 9762
f 8121 8931 3618
f 3690 2045 2046
f 3855 7541 4979
f 1000 7169 999
f 1000 3313 7169
f 349 8471 1840
f 7610 8573 5249
f 3781 2878 8962
f 8894 8842 9945
f 4886 2903 4657
f 1007 8939 7856
f 7091 7039 2193
f 9540 2214 1236
f 9653 7486 1846
f 2852 2853 3638
f 7119 5061 167
f 6429 4962 4963
f 9111 9112 8797
f 6587 8306 8305
f 1529 4073 6364
f 5036 7644 3649
f 4040 6721 6722
f 9834 5908 6675
f 8028 9637 9638
f 8028 9946 9637
f 8718 8184 9395
f 5469 9744 9669
f 9755 6591 8520
f 8320 7194 7082
f 3831 3832 2982
f 1205 4157 1204
f 4616 1166 8907
f 9595 9594 7911
f 1527 4868 1541
f 6192 5929 7606
f 9288 8623 9661
f 6536 3896 4120
f 2575 5194 8859
f 9947 3868 4875
f 5300 4644 686
f 5300 4643 4644
f 9948 7251 4822
f 9450 9182 9295
f 4614 2585 2586
f 2755 1419 3764
f 7302 4566 6282
f 5968 5510 5454
f 8938 3942 2253
f 3775 3776 2995
f 5935 5440 5934
f 7286 3242 6533
f 1678 3493 3494
f 7674 7675 9150
f 7960 8679 7961
f 3106 6041 3069
f 6302 5100 8700
f 4134 9598 4133
f 6443 5208 6523
f 4255 5787 5788
f 4206 4207 9778
f 7997 7995 7186
f 8278 2862 2863
f 371 5634 6208
f 8843 531 9945
f 3335 3240 3334
f 6959 1153 5197
f 5363 5020 9212
f 6099 1900 2608
f 4311 3207 4310
f 7505 3677 3676
f 3876 5603 3878
f 9058 9165 8573
f 2458 4115 8135
f 5863 5864 863
f 2818 898 5008
f 3006 5006 5007
f 4213 5570 5571
f 8879 8422 9107
f 4323 5053 4322
f 4413 4411 4555
f 4813 1062 1060
f 2393 3208 1690
f 9726 6381 2558
f 1446 4630 4629
f 9427 5383 824
f 105 2985 2312
f 1570 8072 1569
f 9047 5904 5905
f 9471 7928 4953
f 845 9949 1893
f 3125 5912 6765
f 8659 2286 3809
f 7425 304 305
f 5719 3660 6920
f 6563 2406 2407
f 2142 6024 4527
f 4568 5504 8426
f 9092 8712 2931
f 2176 4877 7340
f 8745 9635 8744
f 8745 4534 9635
f 3872 3873 5298
f 3828 1104 6390
f 8612 5115 9284
f 7575 4124 7202
f 5810 5811 4089
f 9266 7975 1133
f 3668 3431 9476
f 9791 7634 2256
f 8768 8766 6185
f 5326 4266 1455
f 809 2172 7332
f 6514 5268 2003
f 6064 2409 6063
f 7095 2346 7096
f 3542 2202 7563
f 7952 3097 9950
f 7568 3612 3613
f 5658 9829 9796
f 5166 5167 7710
f 3712 3393 8587
f 1518 86 9206
f 2531 5945 1556
f 4897 3916 9297
f 6587 9579 6918
f 8868 4509 4507
f 9196 9951 9075
f 9196 9197 9951
f 7347 9952 275
f 3988 9953 9901
f 7013 1142 1140
f 7885 7884 3628
f 675 2029 8471
f 9053 7777 6814
f 5767 5656 5655
f 6567 3986 4625
f 6118 851 3546
f 1235 2214 6486
f 4251 5612 9431
f 8255 6182 7828
f 9716 5423 4823
f 3668 9476 9795
f 2539 4379 7005
f 9954 9951 9460
f 362 363 1075
f 7360 1193 1194
f 9017 6572 7458
f 7560 4549 5621
f 5863 7560 5621
f 8843 7993 6713
f 6362 4174 9228
f 6870 6625 8689
f 5404 5405 283
f 4317 4318 8659
f 4442 9955 8476
f 4710 4709 9685
f 9705 7781 8383
f 4467 2466 2467
f 9084 8670 9083
f 2279 2541 9862
f 2628 54 7969
f 2428 9769 9260
f 6647 2950 2422
f 7857 5991 1478
f 6955 9569 3907
f 199 7190 2097
f 8123 4491 6432
f 5786 5784 7772
f 7592 4299 7312
f 8660 235 9490
f 9186 9333 6527
f 1277 7096 1353
f 4365 895 892
f 2751 2752 4760
f 9956 1282 1280
f 544 7854 3609
f 2513 2514 4787
f 6773 6774 5782
f 465 463 9957
f 529 3736 9529
f 5406 5407 8810
f 3617 2457 6084
f 2378 9480 2377
f 6539 9068 6541
f 2127 4585 5369
f 5101 6522 1481
f 8385 338 3100
f 7152 6056 8957
f 7070 7068 5500
f 3489 3386 708
f 9743 9744 2438
f 9268 9124 2664
f 378 9263 2078
f 9922 9169 9958
f 3953 9032 3952
f 6412 1553 8933
f 6412 9959 1553
f 5106 3766 5105
f 7108 9907 6964
f 6624 3792 3793
f 628 7787 6173
f 9960 9867 8703
f 5538 854 855
f 3646 3644 7952
f 7721 7720 860
f 9953 3201 9810
f 3533 6730 247
f 3533 4171 6730
f 3991 90 427
f 541 2011 8222
f 3389 7091 2194
f 9307 2137 3030
f 7500 4935 9403
f 7044 8372 7043
f 4555 4799 4556
f 2819 2106 887
f 5165 9080 9081
f 4729 132 4252
f 2459 4114 4115
f 3310 9304 7650
f 8732 8133 8134
f 2929 2676 2931
f 4772 6384 5935
f 6470 6581 7448
f 9559 9560 1108
f 8630 193 5184
f 8351 4488 9614
f 2431 8560 3611
f 9951 9074 9075
f 7502 9318 7494
f 4758 7821 1985
f 931 26 933
f 9566 1503 3283
f 7893 813 814
f 5170 8479 8963
f 791 792 1491
f 573 6081 572
f 3013 9888 3012
f 7720 7515 862
f 324 9949 846
f 2204 4047 4048
f 8449 6030 5303
f 1452 425 4452
f 9682 6063 9405
f 4750 4332 4330
f 2759 8633 3551
f 5952 7708 9275
f 6765 3124 3125
f 8358 4759 1986
f 8985 1659 7929
f 814 9276 3024
f 814 7197 9276
f 2800 7771 8306
f 1957 4868 7378
f 7947 1951 9499
f 7412 8191 6129
f 3500 8708 7680
f 410 4396 2383
f 5460 5458 6857
f 5130 444 445
f 2270 3975 3083
f 24 6024 23
f 1263 3503 5489
f 3665 4735 3444
f 1925 9396 5961
f 6090 5230 4659
f 2256 7634 5703
f 8021 5899 8871
f 879 542 545
f 6983 9961 7636
f 182 4725 8714
f 4971 6880 1726
f 6024 24 9447
f 8366 66 7208
f 6212 4757 4755
f 2622 9292 1838
f 2500 2501 4436
f 231 232 5
f 9184 9491 4835
f 9094 9412 4499
f 8309 7669 8258
f 1067 4531 1066
f 2325 1736 2324
f 7456 6378 6710
f 3278 8452 7745
f 6598 1170 7118
f 2972 6078 8020
f 8026 8620 673
f 2766 6583 3922
f 8332 2789 2790
f 7174 2 3
f 4801 4802 7761
f 459 460 1321
f 2491 8523 9419
f 7915 8397 4693
f 3191 5987 6723
f 124 807 1360
f 6681 7527 7983
f 6423 4043 2241
f 4648 8875 7496
f 2366 5638 1279
f 9354 9725 7345
f 3147 8916 3146
f 2144 9512 2146
f 2603 791 5471
f 559 3976 7429
f 4961 566 1218
f 5432 5431 6521
f 5713 3444 6135
f 9144 8218 6021
f 9962 7727 9608
f 3009 3010 8673
f 4305 8329 4304
f 3198 4183 4184
f 5707 776 9302
f 7499 9059 8507
f 167 8158 169
f 7447 2982 3832
f 448 7353 4918
f 4072 2009 9261
f 6702 4159 4340
f 5411 4407 9424
f 3391 3392 2361
f 9052 2948 2949
f 6303 4948 4771
f 1805 8590 1804
f 1563 1562 6948
f 8609 4886 4887
f 9754 4132 8302
f 3654 6891 3653
f 5884 8889 9444
f 1532 4888 8485
f 7312 8899 7592
f 1280 2770 9956
f 5522 8269 5521
f 4543 7794 5365
f 1667 1665 6836
f 7033 5897 346
f 8097 1023 1024
f 8271 8220 4656
f 354 8090 6014
f 1552 2376 2201
f 3083 2269 2270
f 7125 307 308
f 3787 8942 7077
f 5000 9063 9803
f 5265 8166 5264
f 5889 1832 645
f 4834 290 4836
f 3652 5212 3654
f 8982 5844 3434
f 5223 4982 4980
f 2252 5756 9356
f 4610 4611 4736
f 4569 583 6369
f 8966 2663 5024
f 9963 7940 4252
f 3433 7220 9574
f 7277 8705 4317
f 9964 8536 9921
f 4284 4285 9588
f 114 4084 116
f 2848 2764 2765
f 5918 5630 5528
f 4511 9534 8327
f 3187 7584 3186
f 645 646 7003
f 7921 7919 4503
f 8302 4132 4131
f 6361 6362 8418
f 8982 3434 3432
f 7833 5496 6503
f 5766 5127 4338
f 2086 4146 6534
f 6626 8129 6295
f 1793 4371 1792
f 3586 9397 5684
f 6947 7509 7507
f 6990 6089 6090
f 6990 5447 6089
f 9682 9405 1909
f 4890 4891 5169
f 22 1045 24
f 5709 8220 9643
f 1607 4260 4421
f 7462 5657 7858
f 9907 9525 6964
f 4454 5472 1491
f 9317 6050 5493
f 666 9264 5424
f 8016 4214 4215
f 1598 1063 6634
f 5651 7213 6011
f 3344 6109 3343
f 1282 9956 4048
f 6271 1560 8943
f 320 9421 2095
f 9812 5582 7829
f 4316 5072 2460
f 8227 1486 8226
f 8403 9022 8841
f 8861 5724 1362
f 6275 708 3386
f 7180 1138 6958
f 2115 532 533
f 2398 2399 8001
f 2289 9542 2288
f 1236 6055 9540
f 5765 9147 7990
f 3520 3521 6717
f 3433 9965 7220
f 9685 1498 7029
f 8215 2477 2478
f 9037 5090 3571
f 471 1010 1815
f 3895 7314 8940
f 7910 8156 8406
f 5453 4615 8908
f 3393 3611 8560
f 581 4967 8946
f 4064 9425 5096
f 7598 7690 7597
f 9603 8024 7361
f 4649 8895 5354
f 481 2953 56
f 8797 8798 9315
f 4879 5728 3558
f 9543 5937 1097
f 9164 9935 7529
f 1993 6783 1776
f 5610 6676 7321
f 2993 7965 9546
f 8171 6289 7736
f 1891 8171 7736
f 3426 9420 2168
f 4579 7514 4580
f 2191 8568 7877
f 8213 8433 8921
f 5569 9676 6428
f 8274 7179 5542
f 6833 4741 3871
f 8191 9092 8783
f 8479 7920 9897
f 8963 8479 9897
f 9702 6305 6306
f 4901 4902 7250
f 8516 2458 8135
f 4163 3367 6354
f 5620 6125 5863
f 5854 3355 4878
f 6865 8436 1335
f 1467 553 7978
f 6883 5637 9574
f 389 3730 8007
f 5943 6731 7144
f 5153 3307 3308
f 5924 8229 9253
f 4109 1535 100
f 9966 4901 7250
f 9104 5795 2249
f 176 177 3414
f 2207 6626 5575
f 4565 5046 4566
f 9960 8249 8143
f 1836 2617 2615
f 5690 3763 3739
f 3678 4760 3836
f 8979 5736 9967
f 704 7908 8890
f 7746 8452 9026
f 8871 5899 2686
f 7651 3478 3479
f 3278 3279 6953
f 9132 3770 3410
f 9968 9781 6970
f 9555 7511 9969
f 9970 7324 9746
f 9310 6106 9472
f 4973 7351 7352
f 8643 3208 2393
f 9234 8466 2358
f 8639 1448 1449
f 3193 8861 1738
f 8324 9972 9971
f 9973 6359 5329
f 4840 4838 8286
f 536 2092 4959
f 8522 9294 5895
f 7767 7768 9974
f 6021 6691 9144
f 5356 8108 7167
f 5434 8390 5433
f 1997 9975 8692
f 6697 9709 7130
f 1435 948 949
f 2050 6841 8319
f 8865 6113 6372
f 8749 3838 6741
f 4199 7497 9976
f 9977 2489 9961
f 4715 2522 9098
f 5986 8311 8312
f 6485 8435 6831
f 6709 6424 6422
f 6962 1882 964
f 7948 8924 9311
f 1551 9978 7248
f 4299 7311 7312
f 9253 8229 9332
f 8165 6167 455
f 6773 5782 7238
f 1461 7860 3123
f 3428 2168 5278
f 7992 7993 8335
f 4804 6511 3411
f 2670 4035 5728
f 551 6834 553
f 9979 9980 2236
f 9071 5497 5498
f 4865 4863 438
f 890 8497 1771
f 9034 5327 8860
f 546 879 545
f 546 878 879
f 3534 2143 4080
f 4312 2572 6760
f 1834 4905 1836
f 3038 3039 8332
f 2366 680 2414
f 5137 290 288
f 9848 7209 5743
f 9981 7669 9982
f 7617 9205 4694
f 1738 9913 2118
f 8642 3607 1804
f 5948 6216 5949
f 1730 189 1051
f 2711 9373 8676
f 4739 1819 4087
f 5776 981 982
f 6173 2024 9329
f 6137 6138 9943
f 3050 3048 7371
f 545 543 8280
f 545 542 543
f 9351 8724 1466
f 4039 970 971
f 2651 2652 4620
f 8426 5504 9230
f 5184 191 5183
f 9559 9314 8837
f 7028 8079 7027
f 9156 9157 5860
f 3273 4223 9636
f 7394 1753 4238
f 4110 3614 8927
f 9915 1099 5164
f 9915 499 1099
f 9714 8388 5003
f 6076 435 8020
f 9682 1909 8795
f 5881 9757 1369
f 1147 7714 1385
f 2379 6531 4499
f 1443 9983 579
f 5247 5768 4738
f 4659 4660 6090
f 9693 2557 8446
f 9628 8257 9984
f 9286 9201 2010
f 5596 7148 3866
f 3622 8606 3621
f 2724 2725 4899
f 5477 9364 152
f 5560 6230 5559
f 3877 6176 8136
f 3078 9811 9160
f 3078 9160 3077
f 7981 8451 8835
f 8099 6628 157
f 781 9824 780
f 6522 5012 7262
f 6961 2093 3994
f 9447 9448 6025
f 9823 4655 8385
f 2794 2000 3002
f 6076 5572 435
f 8180 736 5966
f 305 306 9544
f 8184 9629 9395
f 6705 162 4978
f 9985 3382 7376
f 9419 3556 3557
f 6273 7228 7182
f 2821 6739 6740
f 2821 7797 6739
f 9894 1247 1245
f 2685 5240 6002
f 6514 7006 8847
f 9656 185 186
f 2817 7489 213
f 2813 3670 8572
f 5412 7640 1015
f 9750 5702 9749
f 6652 7837 4316
f 4726 4874 3269
f 1466 1465 9351
f 4467 7844 2466
f 3007 3326 4388
f 9551 9732 2388
f 9551 9501 9732
f 6605 6133 6131
f 1610 7924 3171
f 2518 1723 4469
f 4995 6615 6616
f 9777 9073 3804
f 4943 9105 6035
f 489 3962 491
f 6121 4112 5345
f 5819 6313 5818
f 7237 4425 9271
f 7869 1000 998
f 2326 1570 1568
f 8714 8713 609
f 8217 5805 5803
f 6467 2944 4731
f 7711 4488 9823
f 2918 3248 3249
f 5097 4080 2143
f 4058 9986 4057
f 6673 8526 2030
f 9610 9971 9972
f 953 4523 952
f 8925 9741 9887
f 1818 7214 8348
f 4210 7769 3574
f 8918 7899 4651
f 8400 4394 3532
f 3563 1372 7365
f 9224 7914 600
f 9224 2266 7914
f 6258 8163 7135
f 3152 7192 9987
f 6160 8792 6136
f 6626 6295 5575
f 3531 7067 3530
f 6896 6198 6199
f 4584 4583 9300
f 2914 5508 2913
f 8989 9194 3362
f 2928 8045 2927
f 8841 6829 8758
f 1019 1020 6249
f 6686 9088 4546
f 9878 9432 3151
f 4609 514 3677
f 2236 1718 7547
f 7117 9275 8397
f 1645 8364 4287
f 2657 4268 2656
f 9988 3587 5509
f 8319 6840 6897
f 5695 8490 8896
f 1623 8446 8119
f 6672 6855 8241
f 6289 3600 5582
f 9028 6517 8432
f 974 1361 3484
f 721 78 6229
f 7913 5436 9210
f 112 5792 111
f 4973 4974 2730
f 7562 3946 3947
f 6141 8999 6140
f 6141 592 8999
f 9989 1693 1694
f 8091 7556 3609
f 273 271 9101
f 1548 6110 8565
f 8859 5194 3480
f 8266 9261 2009
f 8266 7082 9261
f 9990 7301 9991
f 9992 6818 6819
f 3325 3258 3259
f 1660 7963 1661
f 8473 5236 4494
f 8145 9128 9940
f 8362 9358 9612
f 7903 8881 6340
f 6972 6307 9993
f 9502 3393 8560
f 5439 5440 373
f 6459 9463 6785
f 4445 8168 8554
f 2402 9309 6236
f 3453 6466 6977
f 3428 5278 4573
f 7763 5926 8734
f 7578 7576 7237
f 1113 1114 7368
f 1304 2906 1303
f 3094 5526 7590
f 8154 9949 324
f 3888 8440 8990
f 138 5346 701
f 4192 4193 2557
f 3193 2713 8363
f 9160 3370 2592
f 3697 3408 5794
f 1438 1436 6116
f 9114 2700 5134
f 180 5079 179
f 9994 4830 4831
f 1868 3274 1867
f 8561 2431 7446
f 6131 2892 6605
f 9591 6508 6509
f 7990 8528 5765
f 9995 9082 6884
f 9996 2262 374
f 9626 8738 2454
f 3175 8249 9960
f 8564 3955 3956
f 4580 7514 9785
f 1715 6070 1714
f 8814 1062 4813
f 7038 8949 7099
f 5753 7300 9997
f 4339 866 2869
f 7242 6162 5138
f 2643 2641 9998
f 8824 1515 7195
f 7620 3380 9322
f 2706 4444 3004
f 5993 5994 9899
f 9999 9526 9525
f 7478 7156 2411
f 4502 7804 874
f 9182 8651 8315
f 3005 3006 5007
f 3341 982 8767
f 3156 1637 4512
f 7890 7198 1045
f 9719 9982 7669
f 7201 1333 1331
f 7169 1757 3808
f 9841 4915 4914
f 6208 5634 3604
f 840 6398 1278
f 840 841 6398
f 9284 7629 8612
f 8896 5781 6299
f 6003 5062 1653
f 7360 9773 1193
f 8777 8776 5316
f 2272 5603 5665
f 10000 4953 8100
f 4964 3630 1525
f 2562 2613 476
f 4253 4128 6072
f 1878 8398 7883
f 6657 4914 4383
f 5194 2576 8064
f 3907 9569 3909
f 9297 3916 7542
f 8461 6704 6703
f 3279 3280 5678
f 116 6973 5761
f 7499 9257 9059
f 8693 2687 2688
f 6914 7551 8068
f 8757 3142 8410
f 4731 3344 6468
f 327 325 2550
f 4598 8626 7010
f 4844 6348 9018
f 3340 2728 2726
f 478 1643 6619
f 3273 7470 338
f 7960 8359 3960
f 7960 5712 8359
f 9526 9999 10001
f 2604 2658 2603
f 5826 7355 5685
f 1234 1466 3801
f 782 780 9824
f 6407 234 142
f 4707 383 1514
f 3804 9954 2041
f 7160 5992 1751
f 1513 7165 7341
f 1547 1545 8540
f 9106 743 9835
f 5064 8607 5063
f 1200 7121 6179
f 6795 6796 9173
f 8874 115 116
f 8098 6784 8097
f 8098 7274 6784
f 6411 6412 8933
f 704 4583 7908
f 8998 8619 6023
f 1043 8402 1484
f 9909 2871 866
f 2412 4664 2414
f 9660 10003 10002
f 6879 7116 7053
f 5095 9929 3723
f 7616 9871 5047
f 8734 8474 5237
f 10004 3163 8336
f 10004 3820 3163
f 5632 5026 5106
f 4881 9825 9921
f 469 470 8365
f 8142 4584 5391
f 2488 9529 345
f 1145 6163 6164
f 5043 5044 7399
f 5043 7399 5575
f 6459 6460 9463
f 4948 5025 4770
f 5683 5828 5593
f 7661 5927 9317
f 4513 8751 3156
f 4513 6075 8751
f 5803 10005 5428
f 2872 5307 2874
f 1665 616 6838
f 7383 10006 9386
f 7348 8872 5891
f 6358 3576 6143
f 6322 9003 9127
f 2660 7554 6504
f 555 3079 9703
f 553 7979 7978
f 4985 9582 7474
f 8224 4215 7513
f 5763 9955 4443
f 8278 4328 6894
f 691 4467 4916
f 9152 8806 9904
f 414 1240 413
f 8746 8747 8856
f 3070 318 3764
f 6064 6062 7478
f 9639 569 9167
f 9787 9788 9061
f 6261 6148 7664
f 9848 1211 1212
f 3989 3778 7984
f 435 436 4216
f 3622 3623 5325
f 1671 1672 9277
f 4926 2926 10007
f 3326 3327 4388
f 4105 7684 7685
f 6207 2851 3747
f 3934 3935 4984
f 5739 4889 1982
f 941 6740 4471
f 3288 5537 2551
f 4355 4196 4197
f 5259 894 895
f 2206 4048 9956
f 9239 8686 8298
f 6850 2469 4757
f 7112 1081 7824
f 9000 4335 9076
f 831 1492 830
f 6355 5741 5742
f 1158 3590 8980
f 845 846 9949
f 1378 5607 9740
f 9297 2724 4897
f 9964 9921 9920
f 3093 8139 5275
f 8989 7747 5010
f 9217 5590 5591
f 9633 2968 7380
f 4766 4767 9858
f 2705 2325 2707
f 3917 9696 8524
f 156 9806 3716
f 6366 3680 3678
f 6762 8418 7807
f 9271 3182 4921
f 10008 7352 7094
f 6406 7151 8234
f 9865 7272 8603
f 9865 7271 7272
f 6094 9756 9836
f 3372 3370 9869
f 6159 9536 9780
f 7144 5985 5357
f 1012 6886 4229
f 8668 6631 7948
f 1494 5912 5913
f 3240 3335 9604
f 8934 9840 977
f 7546 4263 4264
f 8589 8642 1804
f 4345 2555 2239
f 3075 8546 8542
f 6571 1038 3476
f 3250 2415 2416
f 6832 6827 3052
f 4609 3498 8012
f 6793 8428 8334
f 6021 6022 6691
f 2110 7530 283
f 3926 9017 7458
f 7130 5874 5873
f 4066 5849 4595
f 269 122 2011
f 737 735 7179
f 6823 6824 7294
f 8536 7964 4881
f 9273 9290 7805
f 2561 3471 5091
f 29 6772 28
f 1515 8401 1514
f 903 904 4294
f 12 7533 11
f 3279 9313 6953
f 1865 9652 8155
f 6334 6335 7267
f 8262 8263 754
f 2579 2580 5566
f 1627 1628 6943
f 7344 1104 3828
f 3421 836 837
f 2126 1212 5869
f 250 4064 557
f 4600 9672 411
f 9558 1787 6569
f 6070 4521 4522
f 6689 6688 7748
f 4799 247 248
f 8600 8188 7764
f 6797 6795 5204
f 3702 3703 6415
f 6532 2537 6805
f 9336 6496 7534
f 5171 9163 9009
f 1725 7396 2629
f 5074 4976 4099
f 8738 6316 2456
f 7054 4021 2407
f 7288 6444 6445
f 4040 6722 2870
f 4494 9259 8473
f 66 5019 7208
f 2363 1550 3132
f 8278 4329 4328
f 8770 7249 2433
f 8854 1547 8540
f 3899 7290 3921
f 4782 8814 4781
f 10009 8277 6223
f 6276 9718 4002
f 2149 8899 9828
f 4671 3119 9918
f 1279 1277 4012
f 1320 9683 7171
f 987 9613 989
f 2492 3383 9385
f 9258 256 7001
f 1477 979 980
f 3339 3337 6750
f 9430 9431 9722
f 4904 1121 9514
f 9961 7635 7636
f 9028 8214 9108
f 7704 9263 6642
f 896 897 3065
f 7795 5225 7545
f 512 7551 511
f 7125 8248 2027
f 4187 4188 9573
f 4002 8594 6278
f 1882 3239 1883
f 532 2115 2116
f 9820 7788 7485
f 3228 7788 9820
f 2837 7387 9640
f 2837 9186 7387
f 2799 10010 7068
f 9102 6045 6668
f 3403 479 3122
f 7178 9544 4443
f 9159 57 3814
f 5607 1303 2906
f 2981 4404 4405
f 8104 4440 4438
f 7192 2874 9987
f 5657 9796 7859
f 4665 414 5468
f 6256 7392 9912
f 7468 7469 10011
f 1233 6261 6999
f 8271 6427 9746
f 847 9720 6748
f 4333 5042 4334
f 8207 8208 7607
f 9624 6659 9355
f 5873 3717 6767
f 6313 6314 5818
f 8801 455 1119
f 8378 8379 10012
f 8733 2241 7323
f 853 7326 852
f 7404 7405 3655
f 5066 1869 7465
f 4924 9812 7829
f 1238 1239 6816
f 8545 10013 4408
f 10013 8545 10014
f 5600 6370 5599
f 292 7447 3832
f 3007 6688 3006
f 4193 4194 2384
f 8624 3054 4693
f 7699 10015 4164
f 2332 6463 4586
f 8035 4058 4848
f 9865 8603 3729
f 8210 6343 6341
f 95 1023 8097
f 2272 5665 5666
f 9141 8078 9205
f 1093 8384 4575
f 4531 6436 2221
f 2767 572 6081
f 8146 2096 2094
f 4306 60 58
f 3024 121 4370
f 1017 535 1975
f 5987 8233 6098
f 7717 3223 7873
f 1107 8493 10016
f 9337 1735 9647
f 9858 4767 2184
f 9360 2692 4104
f 3397 4582 7393
f 7543 6855 6856
f 8188 6586 6610
f 42 2973 442
f 10017 8395 7613
f 4408 10014 4571
f 7674 6494 7673
f 9495 8366 833
f 6234 5263 8693
f 5719 923 5718
f 9444 10018 8984
f 5943 1698 9169
f 9308 9309 9641
f 1033 228 229
f 9544 7178 305
f 4105 10020 10019
f 1263 5489 7164
f 5808 4939 5555
f 2375 2376 9145
f 8249 6482 7279
f 9359 9856 3455
f 8113 1127 8869
f 1037 6571 5227
f 10021 6602 7436
f 6601 6602 10021
f 181 179 437
f 8559 2107 6678
f 8559 5824 2107
f 4219 1242 6630
f 3766 4722 4720
f 3212 3833 3211
f 3776 2117 2115
f 2909 9836 7276
f 6708 8436 3584
f 583 4567 585
f 6128 6079 4046
f 6336 4933 1272
f 9765 9633 6844
f 4258 4730 6700
f 3206 6367 6179
f 8025 4116 7957
f 4018 6045 9102
f 9053 8364 10022
f 7914 5700 2322
f 6942 4654 1627
f 6847 5567 8849
f 9277 707 8702
f 3338 8030 9638
f 5842 7110 2967
f 1520 537 7941
f 815 3921 394
f 5752 5750 5476
f 2538 4371 1854
f 2538 1792 4371
f 1155 764 1936
f 4286 3407 3698
f 8561 7446 1805
f 4514 4789 9665
f 4833 7341 5408
f 9611 4865 3829
f 9454 794 795
f 4972 8061 8062
f 6809 6810 8718
f 2340 2423 331
f 1491 5471 791
f 2541 2279 2540
f 9002 5769 10
f 8337 8335 9064
f 4567 583 4569
f 1404 3695 1403
f 888 886 7289
f 8241 9702 9903
f 8241 9232 9702
f 1336 611 5765
f 560 10023 3976
f 6998 4190 8017
f 3356 7418 527
f 4601 420 4603
f 5614 2237 420
f 5614 420 4601
f 197 198 8606
f 9928 4239 3898
f 8869 7949 10024
f 1307 5203 4776
f 1631 7922 6340
f 707 9277 5276
f 9010 4928 4929
f 6366 4033 5248
f 831 7210 1492
f 9207 4546 7358
f 9595 4295 6166
f 4948 4946 5025
f 7471 4073 9583
f 9668 4143 9537
f 5257 894 5259
f 1586 1587 5035
f 1764 1241 5283
f 9691 744 2150
f 9294 8522 5573
f 3778 3989 1952
f 6222 6680 7815
f 5284 115 118
f 2065 9936 9935
f 2065 8878 9936
f 3583 8609 5069
f 3828 6338 7344
f 1070 10025 1102
f 7957 4116 10003
f 9226 7033 149
f 8087 2342 10026
f 3510 3511 5098
f 7670 8472 7873
f 4606 9636 476
f 7665 884 134
f 1910 9713 9692
f 9262 9124 2397
f 303 710 708
f 7195 1515 5158
f 3364 8518 1457
f 7267 717 2355
f 1516 4373 6122
f 5297 7916 6983
f 1945 9838 5298
f 5809 2285 8709
f 4965 7334 7146
f 2341 9423 8009
f 2341 7648 9423
f 609 182 8714
f 4248 4246 8763
f 9624 4496 9623
f 8250 3246 5367
f 4512 1638 7346
f 9100 7008 3361
f 2136 8675 1482
f 6962 265 4958
f 6012 8640 5773
f 5250 8283 5251
f 8069 8430 5094
f 9787 9326 4754
f 8347 4360 4361
f 4564 3526 3527
f 2798 4702 881
f 126 7364 125
f 6648 6576 8290
f 6612 5200 7722
f 4960 4936 9477
f 1875 8978 6876
f 4025 8240 5037
f 9459 7331 7292
f 9459 8682 7331
f 8169 8899 2150
f 9487 5796 10027
f 4164 286 7699
f 8760 9206 86
f 9281 1131 4172
f 8412 8413 5312
f 8356 8412 5312
f 9568 9183 6949
f 41 5320 40
f 6691 4364 6606
f 460 458 4560
f 5983 8360 1571
f 8775 5852 5853
f 1580 2007 7226
f 2769 3304 3751
f 9106 9835 4840
f 2502 7914 2266
f 5698 3063 2498
f 3227 9794 9029
f 7968 7966 6606
f 3582 2904 2905
f 565 4961 8633
f 6929 951 8578
f 2864 8425 4178
f 5610 5159 45
f 4261 6154 10028
f 5220 1217 1218
f 6637 3330 601
f 8566 871 8325
f 3141 7222 3140
f 6496 4995 7980
f 8159 5477 7680
f 7556 8091 5394
f 3906 3532 3905
f 8385 7711 9823
f 6910 1562 1294
f 7849 2943 4159
f 9836 2910 6094
f 4051 10029 7971
f 3020 2012 3022
f 2482 2447 2445
f 2482 441 2447
f 7315 4633 1191
f 10030 6672 8241
f 1235 6487 3821
f 9611 4864 4865
f 7725 9839 2351
f 8522 7649 9439
f 3769 5553 5930
f 7278 288 289
f 2395 98 1503
f 8608 4887 1164
f 5517 4333 2044
f 592 2529 8999
f 960 4084 3929
f 6926 5171 9009
f 6341 1316 2193
f 9804 9146 4367
f 8325 2053 2051
f 9370 4419 8867
f 5044 6332 1255
f 6037 6036 6129
f 9806 9203 9220
f 5076 8330 5075
f 8104 4423 4440
f 1667 6837 7373
f 8068 7551 2915
f 1668 4824 5726
f 6809 8718 9395
f 937 3552 6638
f 2119 6241 9601
f 2229 499 9914
f 2229 498 499
f 460 5053 510
f 2937 8952 2450
f 8255 3514 3512
f 9428 2942 9889
f 9372 737 6352
f 9372 736 737
f 7904 6554 6553
f 6914 8068 6913
f 2125 6815 2124
f 2995 8093 3775
f 1101 7735 1103
f 1371 3563 4780
f 5899 7315 5898
f 1464 1462 7312
f 6910 110 1562
f 6365 8981 8587
f 6872 6873 8800
f 6110 7834 406
f 4777 2312 2310
f 8118 9880 7525
f 2837 9099 6527
f 8081 487 4156
f 8013 3443 5304
f 2649 4549 7168
f 9473 9474 7942
f 5568 5566 5988
f 8875 4648 1742
f 1772 3655 2063
f 6944 6674 5341
f 9880 10032 10031
f 8688 5496 391
f 9543 1776 5937
f 5609 6891 4472
f 741 742 359
f 2376 2374 2201
f 3518 4388 3517
f 5173 5174 6309
f 9857 740 7247
f 9139 9912 9118
f 9886 4521 6070
f 3637 9459 7292
f 6220 7456 7566
f 4895 4894 6450
f 5824 5618 1030
f 5798 7714 7372
f 9030 3684 7304
f 28 6772 5685
f 3332 3333 7004
f 5890 5891 7128
f 4907 9275 7117
f 9605 9972 9578
f 9981 10033 8258
f 7497 4199 9894
f 624 5027 3693
f 10034 9641 8791
f 7431 7432 8694
f 5126 5124 6561
f 4699 6068 4701
f 3229 8972 9680
f 9464 9996 375
f 6991 8759 7599
f 5880 9547 5879
f 7121 1200 5111
f 9435 4153 7402
f 9936 8878 8774
f 9645 6267 8570
f 2986 9357 9335
f 5479 3025 3026
f 4395 1102 5835
f 3964 8374 4938
f 2965 6245 5285
f 9041 9042 9486
f 2925 8631 8238
f 6935 6810 7994
f 1427 8090 352
f 2454 6742 9626
f 858 7662 3086
f 9829 4152 9435
f 3919 6290 3921
f 4356 4357 633
f 7492 3084 8853
f 8181 6476 7604
f 1308 9343 9344
f 3588 10035 5328
f 5422 82 504
f 5503 5385 7129
f 8961 9377 5879
f 8220 1958 1956
f 9645 3347 6267
f 1099 1100 5616
f 1716 1656 1657
f 9204 9806 6629
f 8126 9480 10036
f 2488 10038 10037
f 3666 7600 4734
f 6735 7600 3666
f 7815 5547 7817
f 4820 1380 1381
f 1114 2850 7368
f 3577 3578 258
f 3642 4686 3641
f 2403 2815 2405
f 1440 60 4306
f 8843 9945 8842
f 2690 5292 3549
f 2100 8043 2099
f 9290 9273 3858
f 7494 9992 6819
f 4044 745 746
f 4629 1967 6699
f 9496 1283 9192
f 3817 4540 8537
f 4901 9541 6055
f 4901 9966 9541
f 3237 5041 5517
f 8722 4046 4047
f 8722 6128 4046
f 2166 1343 725
f 7207 2421 2950
f 5947 181 438
f 8022 6091 8251
f 6933 1848 9026
f 9653 3639 2473
f 6308 473 8415
f 6308 8299 473
f 4882 4880 9061
f 7206 6959 2517
f 1787 10039 312
f 4240 8918 4242
f 8528 5307 2872
f 1829 5386 3092
f 1829 3092 5275
f 1716 4191 1715
f 9396 1925 1893
f 7656 7657 7175
f 9792 10040 8309
f 7894 2519 8080
f 1585 1775 5588
f 8605 396 6290
f 151 3818 2401
f 6669 5498 5499
f 4578 6018 7020
f 7621 3380 7620
f 3726 3727 1567
f 3350 1559 6271
f 2537 6804 6805
f 3748 3984 3982
f 3748 7303 3984
f 6214 793 10041
f 3606 3445 5381
f 985 6310 984
f 5131 4989 4990
f 586 7020 2692
f 9115 4361 2699
f 9634 9117 8780
f 5183 7396 1205
f 3599 6453 5871
f 9688 1435 1433
f 6795 9173 5138
f 6351 6352 7179
f 3394 3395 9379
f 8219 9416 8539
f 8587 3392 3712
f 9332 2863 2864
f 1189 2533 2534
f 7345 9725 9088
f 5430 2935 4315
f 6843 7080 568
f 6109 4730 4258
f 10042 8489 8488
f 8320 8266 4665
f 4282 6791 7760
f 6895 9652 5506
f 5507 8582 6896
f 9307 7016 3047
f 9294 5573 8010
f 5761 5759 6345
f 343 344 5408
f 2597 7204 2596
f 4588 7028 9765
f 7958 3830 7131
f 7958 3832 3830
f 6425 7818 3752
f 2205 4496 2204
f 7072 9654 8198
f 4080 5096 4079
f 10041 793 8525
f 386 8674 7644
f 8750 7857 1479
f 3098 4049 8082
f 2983 9859 6716
f 4235 169 4237
f 2419 3178 3179
f 5030 9892 9462
f 7388 4776 5491
f 10043 8205 2749
f 3215 9241 8551
f 8069 3723 6825
f 3699 5224 3698
f 8880 6257 1082
f 7600 7601 7692
f 4856 9818 10044
f 2742 6270 1319
f 6909 10045 6195
f 8068 2915 8067
f 6175 3877 4507
f 2907 6455 6456
f 4443 3359 9908
f 3724 8772 6826
f 9661 4493 5764
f 8346 8045 2734
f 315 313 5462
f 8379 2520 5375
f 3509 6733 5120
f 4912 5603 4911
f 9155 7596 3296
f 2333 6463 2332
f 216 3093 215
f 3679 9166 9418
f 6942 6943 5470
f 3425 7659 3424
f 7280 108 9247
f 5731 4779 5730
f 8888 4055 2824
f 5844 8983 5107
f 1852 4110 1851
f 5717 5520 4428
f 4467 6806 7844
f 4348 5716 5877
f 8267 5993 10046
f 7294 7978 6823
f 9842 9260 10047
f 622 620 7632
f 6879 10048 4270
f 1364 3437 10049
f 10050 7569 6178
f 4998 3385 3489
f 7842 4100 4101
f 2077 5533 7536
f 304 5815 306
f 7461 24 7198
f 7797 7289 6445
f 9179 9180 5692
f 7178 4443 9908
f 8788 7215 9932
f 371 372 5634
f 9560 7851 6065
f 8804 9131 9666
f 3723 7064 7065
f 9188 8034 369
f 4148 9849 8442
f 6912 4542 5286
f 8652 2696 2697
f 7362 3927 3822
f 2201 2375 9548
f 1225 6410 5942
f 7807 6764 6762
f 10051 5466 5467
f 8873 9382 7697
f 9467 8482 9644
f 1607 5288 4260
f 1576 9240 1575
f 8598 7047 2441
f 5121 4674 4675
f 7454 5705 7453
f 6519 1931 9189
f 2242 2930 7323
f 8817 9854 8819
f 9781 587 6970
f 6016 9218 6018
f 134 2785 4791
f 9761 7349 4187
f 1589 3184 1591
f 199 197 5051
f 7898 89 6942
f 7898 88 89
f 4547 2458 8516
f 6078 6076 8020
f 9666 9446 2199
f 4649 1853 7467
f 4122 4123 2526
f 9854 8459 6681
f 9011 3254 3243
f 5360 8247 1817
f 8350 9614 10052
f 874 875 8762
f 2694 9748 2549
f 6288 6067 9254
f 8745 8743 9389
f 728 2664 9262
f 7264 4622 8787
f 5145 547 9866
f 10053 5535 10009
f 1483 8062 8063
f 1483 2691 8062
f 62 6997 1948
f 8565 2959 9430
f 9132 9133 3770
f 4343 2093 2091
f 2749 10054 10043
f 10055 8531 8301
f 2250 1540 6452
f 8638 5853 5851
f 3835 5911 934
f 8588 1123 4580
f 2254 6908 2253
f 2254 4071 6908
f 5378 7886 3759
f 1125 8588 5723
f 10056 5798 7372
f 10056 9831 5798
f 78 76 5445
f 5643 3170 6318
f 3170 5643 2167
f 7727 10057 6661
f 5047 9871 4566
f 8461 8462 6704
f 5300 686 1934
f 8231 9518 4567
f 6961 3994 3117
f 6540 6541 517
f 8123 8637 6792
f 6412 5636 9959
f 4943 4944 9105
f 6963 3598 9712
f 1534 3614 3612
f 30 7934 27
f 4144 1617 8275
f 730 8001 729
f 3157 1978 7407
f 7111 6393 6391
f 1297 9202 10058
f 7668 7669 9375
f 8028 9638 8030
f 2958 8354 4179
f 6884 6780 3371
f 4022 3276 2316
f 3640 5521 3639
f 3256 3254 9011
f 8173 6898 9107
f 1502 5882 4728
f 4056 566 567
f 381 2455 4032
f 9582 7334 5806
f 5617 9412 6803
f 1711 1586 5035
f 5291 8662 7097
f 7008 6559 6560
f 7367 2850 6181
f 6103 4981 2727
f 7819 9024 9675
f 2292 1595 1593
f 5360 8388 9715
f 9332 8229 5982
f 5996 554 555
f 2216 3084 3082
f 8122 8550 5016
f 3027 2877 3026
f 4546 9088 9725
f 7068 7069 7848
f 6968 4104 4696
f 8812 1579 1130
f 218 828 1213
f 3200 3201 9953
f 3864 2359 280
f 7493 7616 3055
f 585 4567 9518
f 9461 2941 2942
f 6744 328 8014
f 1260 1258 7100
f 6135 8111 3044
f 3880 2303 3882
f 8242 1722 9231
f 2293 9227 8389
f 5368 5710 6452
f 8448 929 930
f 8614 4463 8950
f 4749 4330 7500
f 9155 3909 9569
f 8083 10026 2342
f 6304 6302 8700
f 3477 6570 3476
f 713 1397 2814
f 10022 8364 8363
f 8086 1657 4695
f 7827 7949 7633
f 2050 5915 4715
f 6922 5188 5186
f 8247 7214 1816
f 1102 2701 1101
f 3245 1874 5376
f 1597 1415 1596
f 6214 6215 2947
f 8248 6595 2027
f 4421 4422 496
f 5535 10053 8582
f 6419 3129 1158
f 3743 8678 443
f 6417 5707 9302
f 8105 5729 5730
f 10031 6137 9943
f 10031 9516 6137
f 1593 1594 10059
f 4459 2559 2560
f 6559 6726 6609
f 3477 3475 7023
f 8328 2462 2460
f 6801 9005 452
f 8462 3073 6704
f 2161 4608 9549
f 6695 2679 6711
f 8628 5148 5146
f 2737 2988 8148
f 8301 7861 2505
f 6495 7017 9433
f 8991 9934 9920
f 9237 7093 9622
f 6636 7285 530
f 5109 4518 4517
f 1808 8683 1810
f 3102 339 7627
f 8325 2051 8324
f 9091 5602 4613
f 1368 1369 1599
f 7324 852 7326
f 5443 5512 5317
f 1806 885 883
f 8242 6855 7543
f 347 705 4543
f 10060 6464 6465
f 9735 3860 6967
f 634 632 5427
f 4629 6699 7274
f 8133 2894 193
f 645 1833 8511
f 9110 4136 5540
f 1394 9208 1871
f 5870 1750 7049
f 856 935 4562
f 7466 1206 2875
f 4415 9783 2773
f 7899 8918 2094
f 6490 8457 3884
f 3550 5888 4402
f 3142 3985 3141
f 8177 5149 5150
f 7617 4694 3054
f 8445 4669 8940
f 678 2494 677
f 3191 6723 6721
f 8484 7790 1438
f 4739 1053 1819
f 1711 10061 3589
f 148 9404 8398
f 6501 6145 9222
f 8781 8666 1406
f 8207 3135 7878
f 9832 5906 5904
f 7046 599 2322
f 8616 2613 2612
f 1788 1789 3662
f 4173 9280 9281
f 8558 8479 8334
f 5067 7879 5706
f 5533 2077 2075
f 2358 8466 2357
f 9603 7361 4322
f 10015 6758 9550
f 9200 3505 3506
f 3785 5901 8942
f 4863 5946 438
f 9016 8145 9027
f 800 5554 3549
f 3932 3181 3931
f 7095 6093 741
f 7335 5784 5785
f 8530 2980 6454
f 811 5826 5827
f 2784 1084 1085
f 5866 9607 9526
f 7268 8308 4923
f 6316 6317 2638
f 9446 3090 7687
f 10062 6822 6823
f 5523 5524 9482
f 4359 999 7169
f 6488 9318 8457
f 930 7493 7048
f 930 6282 7493
f 2050 4716 6841
f 2050 4715 4716
f 125 1363 10049
f 4255 7623 5787
f 5914 2049 7575
f 5914 2050 2049
f 3819 541 4984
f 3553 9649 3555
f 9385 7394 4238
f 2974 10063 6644
f 2974 5867 10063
f 2620 7666 1731
f 2967 7110 7111
f 7302 928 7565
f 9301 144 4839
f 8376 8377 9888
f 59 1603 5177
f 5935 5990 5440
f 8892 1228 5552
f 9005 2847 2848
f 9770 2462 8328
f 7095 741 359
f 2323 2039 2707
f 10064 9991 10065
f 1328 6783 1993
f 9199 4951 4952
f 8326 9065 5879
f 2545 9152 9904
f 5620 1026 1027
f 5260 2236 7547
f 8989 3362 3363
f 5330 10066 6381
f 7528 4876 3869
f 1810 9979 6588
f 3663 3664 2247
f 7770 6499 9142
f 1021 1019 10067
f 9400 3976 10023
f 3638 2391 8682
f 1975 535 1764
f 228 5999 227
f 10068 10069 9322
f 1215 5770 2807
f 3008 6224 8301
f 5412 278 9401
f 2692 1481 4103
f 5775 9709 7609
f 5249 7612 7610
f 3510 5099 9711
f 4076 5779 8297
f 6155 10070 6154
f 1890 8833 2803
f 9392 9149 4526
f 9019 4792 2113
f 6861 7248 5077
f 3484 3483 5168
f 3965 1731 1732
f 9851 6724 3413
f 7973 7971 10071
f 1569 2807 2808
f 8907 8908 4616
f 2434 2048 2046
f 8099 157 5774
f 6965 7107 7108
f 9534 10072 8327
f 8898 4158 9001
f 6781 9246 7184
f 6030 8449 2710
f 388 389 8005
f 2701 10025 1070
f 9730 6474 9031
f 5373 6649 8729
f 9536 6315 1913
f 7440 3753 8794
f 2119 8386 6241
f 612 61 9147
f 4004 3096 6194
f 8032 6254 8002
f 5776 1605 6169
f 9156 5860 5125
f 9209 9095 7810
f 2739 6187 6909
f 9011 3241 4928
f 7491 6373 6371
f 7637 5586 6703
f 2975 9329 4296
f 809 7332 4795
f 9764 7026 9140
f 8235 7855 8366
f 10073 8216 7061
f 10073 10074 8216
f 6793 8334 8479
f 4357 5342 633
f 8683 1808 9853
f 5349 10076 10075
f 2377 8853 2379
f 9765 6844 4588
f 1936 1154 1155
f 5683 6657 6658
f 1349 2056 3817
f 8379 2519 2520
f 4352 3624 2736
f 3770 9133 3769
f 2517 647 648
f 9740 5607 6456
f 6906 6905 10017
f 2807 641 2809
f 8838 1229 1230
f 7348 9520 8872
f 5343 5344 7701
f 8434 8640 6012
f 8504 9937 7631
f 10077 3485 2590
f 1292 7256 2591
f 7414 7415 8559
f 5140 6471 516
f 4780 1061 4782
f 9328 8310 8735
f 9208 1394 1395
f 8000 7753 7999
f 7763 3762 3303
f 4361 5083 2699
f 7704 8224 7513
f 3687 668 669
f 3093 216 549
f 484 485 6998
f 8684 8621 6401
f 8568 3345 5336
f 8886 9444 8505
f 9582 5806 2151
f 8828 4607 10078
f 1432 4354 4003
f 7038 9488 6579
f 9868 9793 9368
f 7377 4367 8834
f 1518 784 86
f 5446 8616 2612
f 3636 5233 3635
f 8240 4025 4026
f 3887 9213 9825
f 9948 9886 7251
f 787 2122 104
f 8889 9864 10018
f 8918 4240 8146
f 7585 8987 343
f 4267 4056 6766
f 7885 9648 10079
f 915 1528 1529
f 4393 3725 4392
f 4933 6336 6919
f 6966 9607 6965
f 126 127 6394
f 6405 1260 3015
f 9892 5030 5031
f 3169 3167 5668
f 1843 6289 8171
f 7988 956 4030
f 7683 7684 7149
f 9187 10080 6693
f 4974 164 1301
f 9319 6862 9321
f 6737 6738 9493
f 7812 6343 8347
f 7470 3273 3274
f 8118 9516 10032
f 1660 450 3942
f 6503 8688 2211
f 6503 5496 8688
f 3869 5631 5632
f 7643 782 6346
f 8839 3865 7147
f 1008 1689 1007
f 3568 8112 4109
f 10081 10082 6993
f 2805 2806 7488
f 6795 5138 6162
f 7267 6335 8075
f 6494 7674 6615
f 8318 4411 4412
f 9226 149 2448
f 2412 2413 10083
f 5801 5802 6108
f 1691 1689 1008
f 6036 6867 7412
f 3170 1286 6318
f 6139 702 700
f 1462 1463 9828
f 9428 4160 3550
f 8847 1287 4773
f 5832 8292 9906
f 9477 4936 3539
f 9942 8671 7573
f 3221 4633 3220
f 2836 7642 1825
f 4982 2727 4981
f 6666 5975 6665
f 615 1666 1675
f 1722 6714 9231
f 9581 3308 3306
f 7333 7726 3732
f 2479 2477 8098
f 9889 6640 4160
f 9684 9763 6461
f 6461 790 9684
f 6011 5650 5651
f 7237 9271 7578
f 1461 3123 1460
f 3397 8757 8356
f 5710 1957 1958
f 1080 3994 8141
f 3801 1466 3800
f 9432 9654 5361
f 2680 4821 7953
f 9099 4009 4007
f 1563 3490 4626
f 5524 1458 9482
f 3483 7005 4379
f 7846 9058 7611
f 2752 3838 379
f 5857 8514 5859
f 5857 9662 8514
f 8963 7309 5169
f 5188 9085 7707
f 212 6371 6372
f 649 9635 4534
f 9474 7944 7942
f 8377 8993 9888
f 6725 3413 6724
f 2322 5701 1511
f 7697 9382 1904
f 5306 3016 3014
f 5520 8951 4427
f 8765 9000 9076
f 663 664 10084
f 1428 8737 8845
f 1428 1992 8737
f 3746 5882 1500
f 7508 7509 7645
f 6708 3585 3631
f 3508 7646 9695
f 387 2740 5397
f 2192 6266 6267
f 9814 716 714
f 10028 8549 4261
f 8784 727 7296
f 3485 2055 2056
f 1026 7072 1025
f 475 4223 4387
f 1952 3987 9498
f 5489 8170 7163
f 7011 1822 9805
f 3762 5238 3763
f 3762 7763 5238
f 8257 10086 10085
f 9508 1998 5017
f 6786 5200 6612
f 6786 4097 5200
f 2892 4689 2891
f 8700 5098 5878
f 8544 1994 7811
f 9736 3859 3860
f 8772 3724 7553
f 8381 6148 6260
f 3772 3773 10087
f 9345 5459 5460
f 3128 9060 10088
f 4607 8828 2200
f 7744 2265 9618
f 7631 5118 8504
f 7476 7477 3042
f 4497 2205 7672
f 10089 8632 40
f 7550 3121 2915
f 8723 4189 6663
f 9286 7994 9201
f 7962 7710 5167
f 2582 8770 2433
f 9446 9666 3090
f 1430 9864 2319
f 8720 9313 8530
f 3481 4416 4417
f 9175 3627 7884
f 6654 5835 7506
f 287 923 924
f 5538 3210 3211
f 4117 7640 5412
f 738 7247 740
f 7231 7232 8946
f 3429 5846 6908
f 5936 8070 4771
f 9739 10067 1019
f 5256 10090 405
f 6481 1733 5135
f 8898 6467 7622
f 6096 8836 7181
f 7058 6662 7856
f 10091 4823 2881
f 7420 1374 4780
f 2560 7947 9499
f 10067 3263 7013
f 3708 8239 3025
f 4907 4271 4269
f 8784 7297 6037
f 339 3102 338
f 5867 2974 5669
f 8499 5794 5793
f 9602 2334 10092
f 913 514 8012
f 8840 8839 9492
f 6296 6633 6042
f 6778 7936 1534
f 9076 6929 5835
f 8666 8781 9440
f 5461 4638 4970
f 8645 8838 1230
f 8938 1660 3942
f 4353 338 1868
f 8506 8686 8768
f 4204 6828 7652
f 385 3079 384
f 2829 2838 2828
f 4558 8483 8484
f 7614 2939 149
f 7481 5426 632
f 675 349 674
f 4615 5452 3137
f 1300 6431 2858
f 9440 8781 6768
f 2153 9931 9727
f 7135 6402 6258
f 7886 3547 4871
f 4768 10037 10093
f 5232 578 579
f 9043 2511 2509
f 4841 5262 5261
f 470 5386 8037
f 2022 1859 2021
f 8287 7080 4042
f 8131 8232 8130
f 6362 5336 3346
f 4392 3726 4391
f 7261 9384 7260
f 8899 2149 2150
f 4989 5405 5406
f 9092 2675 8783
f 8318 1861 7307
f 3963 3964 4938
f 7009 10094 6565
f 4298 7219 9946
f 377 4344 7090
f 8230 8033 7814
f 6904 9786 7641
f 6126 6995 8253
f 9550 10076 10015
f 8618 2696 7200
f 1175 1173 3795
f 7279 6482 5136
f 6063 9682 2731
f 5781 8896 1325
f 2456 6316 2638
f 9599 3770 557
f 7969 7340 2627
f 110 108 7280
f 7502 8040 3886
f 5508 9971 9610
f 7527 7526 9570
f 445 3960 5129
f 445 7960 3960
f 1808 1809 10095
f 6668 8178 4151
f 9523 3983 2462
f 400 5157 6881
f 4622 7264 1954
f 8621 8684 2760
f 1669 6053 6857
f 8053 9676 9267
f 8609 8608 5069
f 1238 2896 1240
f 9657 2476 5384
f 8314 4820 9137
f 504 505 6382
f 6978 7173 9174
f 4847 2404 2405
f 2295 10097 10096
f 2337 6385 2336
f 9908 3359 3261
f 4944 9551 2388
f 1379 9398 1922
f 9593 2521 5995
f 5151 6157 5409
f 5535 5536 9027
f 2755 398 2754
f 5577 6149 5576
f 8094 7204 942
f 3672 2497 3064
f 8698 9679 5104
f 1541 1542 1527
f 8579 7406 8772
f 8579 7405 7406
f 4295 4296 8816
f 7856 8940 7314
f 7609 9709 6697
f 1236 6054 6055
f 10050 2860 3037
f 6513 10098 6512
f 8256 9642 6621
f 3458 2320 2010
f 478 479 3403
f 2380 2450 8952
f 4994 1409 5979
f 8941 5837 246
f 10083 10002 4114
f 2337 5990 6385
f 5820 4740 4741
f 8297 5777 8296
f 1546 6493 7109
f 2980 5679 4814
f 4971 1726 1727
f 7963 1660 8938
f 3435 6936 329
f 231 819 820
f 4059 4060 4908
f 10099 7407 5335
f 1845 1846 2558
f 8001 7961 729
f 3064 2497 2498
f 5488 3504 4088
f 4369 2426 4368
f 6841 6839 6840
f 5529 5917 5528
f 5604 8109 5605
f 7947 403 1951
f 4908 10100 5560
f 4908 9632 10100
f 7390 5474 3331
f 8172 492 493
f 7227 255 5671
f 8273 8272 8495
f 4972 3031 8061
f 3308 9581 7034
f 3607 5381 1804
f 7893 1590 7892
f 10039 3903 3901
f 9556 3903 10039
f 6987 3518 10101
f 2930 6286 9522
f 5172 638 639
f 3086 7716 3573
f 8725 6193 8724
f 282 6477 284
f 3000 4376 9717
f 3000 4202 4376
f 5316 9319 9320
f 2132 2133 3722
f 5466 10051 9402
f 8592 2244 2245
f 4275 9158 10102
f 4120 6535 6536
f 6651 6535 4120
f 1983 50 1982
f 9092 2674 2675
f 5421 4212 5571
f 1019 9738 9739
f 8457 7503 3884
f 1158 8980 505
f 5018 3356 527
f 5018 7451 3356
f 6011 5773 5771
f 7004 2538 7005
f 5198 3982 9524
f 5525 2732 2733
f 537 8392 4482
f 3176 8704 3175
f 1388 10017 6905
f 5046 5047 4566
f 9084 6 7403
f 6009 2694 2549
f 1979 3081 72
f 4135 4133 2164
f 4949 3219 3218
f 2116 2667 6008
f 5267 5478 5750
f 10103 10104 10042
f 8880 7918 6257
f 4546 9207 6686
f 215 3092 3023
f 3061 9663 9898
f 8969 925 2453
f 3623 5108 9451
f 2813 6211 3670
f 219 828 218
f 488 9768 2876
f 2183 1557 1558
f 4100 7842 165
f 2231 1330 6147
f 15 4378 8228
f 4802 4282 7761
f 3796 9890 10105
f 7343 8743 8744
f 8673 1358 1356
f 6921 8420 3230
f 7161 1749 1762
f 10049 1363 1364
f 9012 3917 8524
f 9236 9235 9362
f 1619 5977 10106
f 9596 6566 7768
f 4870 2282 2283
f 4873 3192 1738
f 5680 7869 8814
f 1654 6003 1653
f 5383 9427 5344
f 7956 6243 6244
f 177 178 5768
f 4725 7120 8714
f 6239 1445 1446
f 10107 10108 3820
f 7158 6058 7849
f 2137 9307 8882
f 9594 6167 8165
f 7224 9710 7223
f 5558 1826 1827
f 8419 8438 9820
f 8191 8783 6130
f 6125 9270 5641
f 8970 6639 6640
f 9507 3226 8602
f 7691 6851 2021
f 6400 5775 7609
f 8425 2864 2862
f 6149 3480 4417
f 8367 833 8366
f 9553 7178 3262
f 5437 10109 9210
f 6577 8291 6576
f 8652 1400 6073
f 5434 3667 8390
f 1985 6798 1987
f 5791 112 5223
f 3489 708 3108
f 6170 6909 6187
f 6170 6171 6909
f 9392 5150 1676
f 6095 7181 616
f 9312 9887 3130
f 1724 4652 1723
f 1570 2326 4233
f 9366 8583 2904
f 9683 1320 510
f 1059 7283 8234
f 4808 1501 10108
f 2590 4641 10077
f 5271 5269 7003
f 7428 6681 8459
f 1009 1007 6662
f 4688 9626 6742
f 9156 10102 9158
f 9044 8965 9456
f 9598 9599 5096
f 9850 10110 8441
f 8652 2697 1400
f 9290 9291 6489
f 5904 9047 8914
f 1946 4819 4817
f 4265 4266 6806
f 3939 2821 6740
f 1383 8912 1382
f 9438 4581 5311
f 10021 7436 7437
f 264 8142 423
f 4583 704 703
f 3889 1835 4148
f 9646 8972 3850
f 5503 7335 5504
f 2549 1596 6009
f 488 6043 1166
f 6581 6100 7448
f 4724 6293 9458
f 214 2817 213
f 7777 9053 3862
f 8029 9946 8028
f 9529 344 345
f 1799 1797 8261
f 5063 2098 740
f 1011 7366 7365
f 10079 9045 7885
f 1851 4110 4111
f 4829 5595 4828
f 3093 8272 8139
f 2055 10077 9947
f 2971 7970 6078
f 9590 9906 6970
f 8308 7269 3160
f 4040 4041 6721
f 9984 10085 9306
f 3466 6701 2843
f 4693 4694 7915
f 9369 28 8906
f 8406 5308 7910
f 9643 5708 5709
f 9958 2386 9922
f 2851 2849 4945
f 8697 6031 2708
f 9223 7374 8961
f 5862 6092 6093
f 7974 8022 9659
f 7974 5675 8022
f 4582 6177 6175
f 7724 9392 1676
f 3988 3989 7984
f 10027 5796 5797
f 2271 9393 2514
f 8128 9709 5775
f 2292 1593 2291
f 7017 9434 9433
f 3353 7474 2627
f 6318 1286 5644
f 9181 5923 3351
f 10091 2881 4521
f 4258 4256 6108
f 7025 4176 6065
f 10111 9503 9504
f 5855 4473 7136
f 2414 680 8496
f 1603 7607 1602
f 1763 7160 7161
f 234 7539 233
f 8812 9281 1578
f 5244 10112 6868
f 4886 4657 5649
f 8917 7537 8288
f 9582 4985 7145
f 9331 3361 2495
f 4827 5135 4829
f 2761 2762 5774
f 7424 9639 6967
f 1214 8187 6655
f 3946 6203 6204
f 8907 8793 8794
f 9146 4366 4367
f 5567 7015 7823
f 549 8495 8272
f 3987 3988 9901
f 5320 6574 5319
f 1360 5071 124
f 534 115 5284
f 109 4451 108
f 9712 7709 7480
f 559 7429 7678
f 196 4580 1123
f 3374 9618 9522
f 2709 2710 9789
f 4598 7010 6852
f 6679 2894 8133
f 6838 8451 6837
f 9978 7225 4634
f 10113 10114 9992
f 8150 7298 6390
f 8937 6085 7256
f 6325 8218 8423
f 5139 516 517
f 3598 3599 9712
f 5531 8753 5530
f 9838 9839 3797
f 10058 4050 3099
f 929 1750 1751
f 6183 7288 886
f 9657 4569 2476
f 9773 7361 8024
f 8875 8876 7737
f 871 8566 7205
f 5012 3610 7262
f 9389 4536 4534
f 9955 5763 8476
f 2828 3369 3367
f 4460 5999 3700
f 720 721 3686
f 9590 6969 9778
f 3394 8221 7357
f 245 10048 9883
f 6717 9269 9268
f 8770 9937 3526
f 3874 659 5833
f 8135 8997 8516
f 9353 9764 9140
f 9665 4789 5392
f 1952 9498 1951
f 5387 880 881
f 9985 7652 9833
f 2396 7319 1357
f 1708 1709 3248
f 2504 2531 3251
f 4663 2457 4664
f 9282 6749 6750
f 6860 5077 5648
f 1552 2199 9446
f 1882 6962 3117
f 8429 8430 6825
f 8009 1049 8510
f 9467 5907 5908
f 7026 7027 8078
f 302 303 6275
f 6159 9780 1251
f 9909 4042 4040
f 2439 7944 9474
f 739 2097 8910
f 4955 8202 5894
f 9492 9696 7363
f 4822 4823 10091
f 9691 2150 1826
f 3625 8930 6240
f 8926 1382 7989
f 3076 165 7842
f 7781 7782 4777
f 8183 2696 8652
f 5569 350 351
f 7670 2392 8472
f 10082 10081 10115
f 143 144 9301
f 4481 3304 2769
f 193 8630 8134
f 8468 1469 1467
f 5326 9481 7890
f 1214 2807 1569
f 4798 570 8287
f 493 897 2672
f 1705 1535 1704
f 6447 1211 334
f 3795 3872 3797
f 6198 7816 6200
f 5162 7490 8838
f 8253 1232 485
f 9130 7000 1076
f 847 6416 9720
f 3089 6562 8870
f 1561 1559 3348
f 6935 1743 6810
f 8513 9296 8512
f 5616 5235 3632
f 7011 1821 1822
f 1033 229 2108
f 6727 8549 10028
f 8948 8947 6875
f 4398 4399 6083
f 2249 5795 9487
f 5232 579 9983
f 423 10116 264
f 1337 1338 2934
f 4498 4499 9457
f 99 7564 101
f 99 7565 7564
f 2068 547 5145
f 3814 7199 9159
f 1462 9828 8899
f 7402 7689 9435
f 600 7914 2322
f 9693 1623 7133
f 8531 10055 8532
f 5141 9407 3492
f 6904 9886 6070
f 3396 6978 3395
f 442 6644 2447
f 2513 7460 4744
f 2100 2101 9409
f 7669 9981 8258
f 1724 2629 4242
f 8280 9198 8468
f 10117 9779 10118
f 4107 9243 8929
f 7572 7573 9060
f 9336 7019 6495
f 8762 4502 874
f 9197 8055 8056
f 9774 644 8591
f 9965 5843 7220
f 8003 5981 2901
f 3464 4298 8029
f 9895 7254 9436
f 5465 10119 3203
f 6259 7263 6291
f 6259 6258 7263
f 7805 7806 9273
f 8839 8524 9696
f 5422 6184 8786
f 9928 9419 8523
f 6176 6177 988
f 9685 4134 7731
f 4437 2334 9602
f 8012 3499 913
f 9864 1430 1431
f 2640 5249 2639
f 9394 1312 7075
f 9973 5329 8967
f 1909 4249 8795
f 9709 8128 5874
f 7111 6391 7434
f 945 6980 8303
f 9091 9109 5539
f 7799 6659 9624
f 7555 4964 1525
f 7623 8898 7622
f 5198 3748 3982
f 3311 10120 9916
f 1042 456 5108
f 9451 9093 5264
f 9714 9692 9713
f 2390 7153 2389
f 1057 2364 2365
f 2474 5384 2476
f 1787 9556 10039
f 2134 3844 5604
f 2844 6792 6425
f 9953 9810 9901
f 3077 6085 9879
f 7835 9759 7837
f 6408 3543 3541
f 8877 9497 3799
f 10009 6071 8277
f 9725 8855 2989
f 4183 8672 1700
f 322 637 635
f 5438 3603 3602
f 7399 5044 1256
f 3473 7151 3474
f 1526 1527 1542
f 6792 3150 8123
f 7577 5409 8137
f 429 2805 428
f 5442 9528 5443
f 2345 8662 590
f 9068 7905 6541
f 3807 6549 2897
f 4731 7907 4730
f 7664 3224 8264
f 8583 9366 4943
f 4842 8832 4106
f 1174 7099 8949
f 8665 7308 8846
f 8180 5967 8179
f 7584 500 3186
f 10109 9786 6903
f 4635 9857 4634
f 9648 1859 10079
f 1470 94 3624
f 7436 8897 6305
f 6629 6627 9462
f 9651 3718 9220
f 847 5289 846
f 860 861 9344
f 6998 7664 8264
f 6998 6999 7664
f 8903 3440 8058
f 9293 753 754
f 867 4797 8287
f 7079 74 75
f 4357 8344 5382
f 6955 9751 5483
f 1618 7974 9659
f 8566 8567 7205
f 3577 258 6767
f 432 4622 1955
f 5587 5586 4909
f 2477 6239 4629
f 5367 4590 7284
f 8221 4895 6450
f 4665 5468 8320
f 6969 587 588
f 8587 8981 3392
f 1448 4127 1447
f 3807 7770 9142
f 5418 7557 5394
f 8338 7207 3018
f 7433 10097 9161
f 2552 1476 3892
f 2242 2929 2930
f 8362 9612 6715
f 9560 6065 8493
f 4424 7237 7576
f 8137 4424 7576
f 9500 5078 8911
f 6081 4206 9778
f 9537 4143 8445
f 8856 594 595
f 7521 7156 7478
f 9289 1506 8623
f 2771 7672 2205
f 9574 5314 3433
f 9617 10121 9916
f 3286 3186 498
f 1898 1896 3869
f 7426 9422 7427
f 9877 1063 9852
f 9945 531 8894
f 6696 8295 9651
f 4393 3467 3725
f 4146 4147 6534
f 7193 2249 894
f 2064 9935 7713
f 2064 2065 9935
f 8553 6219 8300
f 757 8006 8007
f 757 8007 3226
f 3074 6704 3073
f 7687 4634 9446
f 4180 6410 9454
f 7789 7604 5456
f 9740 6456 2979
f 634 5427 7511
f 4505 8469 7271
f 8829 7582 4288
f 2748 7055 6104
f 2748 6104 1614
f 2550 2551 4645
f 6928 8381 3802
f 6887 1686 9770
f 5783 5782 8377
f 4384 5079 4385
f 1628 3704 6943
f 7558 6687 2145
f 4774 2698 2699
f 8902 9303 6747
f 8422 9821 9107
f 7933 4669 4670
f 9607 9608 6965
f 2069 2070 2987
f 7752 9671 9345
f 9808 9809 9667
f 1654 4202 6003
f 6320 8149 9072
f 8093 5322 8092
f 9610 9605 6317
f 467 7618 5922
f 3349 8717 3348
f 8342 8343 8716
f 7349 9521 7348
f 2266 1266 2502
f 9572 9570 4326
f 3719 372 4966
f 3719 3720 372
f 4465 2080 2079
f 8336 8337 10004
f 7911 6083 4297
f 1242 2343 2632
f 8865 2749 2747
f 9393 9437 4786
f 2604 1408 642
f 8788 9932 9846
f 3166 3164 7318
f 10054 7567 5163
f 2262 7011 2261
f 2016 3590 8647
f 6194 4668 4004
f 473 474 8416
f 10048 6032 4270
f 6032 10048 245
f 4696 4104 7262
f 8907 1166 8793
f 3167 3292 5668
f 6249 9738 1019
f 765 8259 5909
f 3097 3098 8945
f 544 3609 2258
f 1723 3957 4469
f 3988 3200 9953
f 5865 4373 7139
f 816 819 5
f 9700 8294 2865
f 9063 8906 4765
f 5665 5603 3876
f 5938 5939 7875
f 3124 9766 8357
f 10122 9885 5398
f 3227 8658 4455
f 6527 6525 10123
f 1170 1171 3863
f 4464 9929 5095
f 1107 8088 1423
f 1333 2696 8183
f 1333 7201 2696
f 1127 8113 926
f 1991 1428 1426
f 6589 7276 8520
f 8396 1140 7896
f 7454 8921 8433
f 8932 3620 3618
f 7604 8577 6613
f 1311 1309 4784
f 9207 710 6685
f 7889 3679 9418
f 5121 4675 5785
f 8794 8283 7440
f 156 8127 155
f 4110 8927 4109
f 4994 4995 6616
f 6485 6483 8435
f 1719 6939 1718
f 5488 5489 3503
f 7805 9290 4085
f 4165 5696 7441
f 8820 6281 6523
f 9891 8470 1299
f 4140 10023 560
f 7707 1992 563
f 9957 5347 5348
f 3291 3292 3167
f 6245 9716 9214
f 6777 3612 1055
f 14 902 903
f 3305 2846 3751
f 8919 9701 8305
f 6823 7979 10062
f 3513 4028 4029
f 10074 10073 10111
f 5857 5858 9631
f 8648 9250 8274
f 4603 5149 7811
f 4682 5450 8971
f 7680 5477 152
f 6390 3827 3828
f 2998 2996 6190
f 3898 3896 7087
f 1357 97 98
f 10058 9202 4050
f 4913 3878 4912
f 2325 2705 1736
f 8677 7575 7202
f 1049 8009 1048
f 7390 3332 6684
f 7874 7545 5225
f 4358 8969 2942
f 9422 6349 4844
f 7245 4743 9252
f 1836 2615 4148
f 299 6822 6508
f 7538 8288 7537
f 9483 10007 2926
f 2145 10124 8358
f 6995 4399 4334
f 5506 1865 1866
f 3512 83 8786
f 3756 6537 5301
f 9729 9643 8220
f 8070 5936 5441
f 1702 2966 9710
f 1786 1841 1785
f 2359 6541 7906
f 9910 1096 1225
f 7496 2840 8551
f 4402 4400 7935
f 511 9683 510
f 7877 8568 3885
f 6153 3840 3131
f 2452 1310 4209
f 5497 5899 8021
f 3379 3460 3461
f 111 7452 3366
f 5041 1465 1234
f 1156 5151 204
f 2285 4318 8709
f 8581 8582 5507
f 9903 10125 10030
f 8104 6542 4423
f 9251 8403 8841
f 6742 5185 4688
f 251 252 7697
f 7003 6592 8234
f 9971 6142 8323
f 6163 9814 2544
f 9384 2019 2789
f 4500 4420 4421
f 8742 6137 9515
f 6952 7430 4225
f 6952 75 7430
f 3568 4109 100
f 7212 3162 3820
f 8706 10126 1769
f 8639 6439 5853
f 8591 644 8511
f 7043 4927 7287
f 7156 7521 3188
f 8195 5312 8413
f 4482 8392 8215
f 6198 6222 7816
f 1625 3673 1028
f 143 8465 145
f 8670 8669 4861
f 4607 2200 4608
f 3861 8808 3860
f 8777 5637 5635
f 65 6773 7238
f 1690 7873 8472
f 3888 3889 8442
f 8120 5360 1817
f 3586 7281 3585
f 235 8660 237
f 9455 8555 7273
f 1729 2519 8379
f 9538 5842 1209
f 5928 8725 8726
f 7990 9147 1988
f 10127 7306 9655
f 1595 4132 1594
f 4101 9520 7150
f 9547 9687 8961
f 8774 1115 1116
f 7583 4999 4997
f 522 4932 9229
f 7615 5788 9045
f 9385 9007 7394
f 5975 5976 9035
f 7114 8622 3954
f 6764 7805 9533
f 1056 8478 408
f 4183 3259 8672
f 7486 6732 4194
f 8357 2912 9200
f 4134 4709 9598
f 4707 5952 4907
f 3950 9777 6555
f 9570 9571 6790
f 5410 5409 6971
f 6679 8732 5546
f 3270 6743 3269
f 37 6417 9302
f 7224 1702 9710
f 271 272 9103
f 9547 8961 5879
f 7325 7326 2250
f 2251 2250 10128
f 1027 7443 6125
f 6804 2537 2535
f 679 1819 1053
f 2866 3297 7931
f 8925 9312 9311
f 7508 2645 2646
f 1538 1539 5536
f 1120 4904 8800
f 3452 5908 3103
f 8636 3050 8635
f 312 10039 3901
f 7189 5618 7415
f 5389 881 4702
f 1179 419 2237
f 8343 858 10118
f 3937 4759 10124
f 8683 1718 9980
f 8624 7709 9712
f 9456 9986 4058
f 296 1111 6851
f 341 342 6112
f 6835 5156 6614
f 3979 2453 8113
f 5231 7007 8039
f 5977 1619 5976
f 582 3453 6977
f 7668 2383 4396
f 10129 7009 9021
f 10130 9776 5495
f 10131 2279 4277
f 7000 10068 5155
f 51 3340 50
f 7485 7788 2814
f 9466 2030 675
f 8704 9639 9167
f 8869 10024 8113
f 8944 6080 9950
f 9610 9972 9605
f 4219 4217 4528
f 4967 7265 7231
f 5912 1494 3948
f 9198 1469 8468
f 7149 7684 9143
f 2200 9548 4608
f 6337 6582 922
f 7368 7367 2936
f 8304 9178 4332
f 194 195 4579
f 7257 10064 10065
f 3799 3798 4381
f 2010 9201 1430
f 9415 2092 6961
f 7936 1536 1534
f 7687 3090 1078
f 5561 10056 7372
f 7625 8716 7675
f 6002 4200 2685
f 9148 3380 7621
f 5026 3768 3766
f 3715 5527 3714
f 6015 3771 6014
f 2964 883 884
f 4203 9223 9689
f 9565 9868 6321
f 2485 2486 1699
f 2819 887 888
f 3649 7644 3651
f 5576 4417 4415
f 6821 6376 6375
f 5730 6520 2310
f 8550 9900 5016
f 6373 7567 10054
f 7562 8567 7561
f 3135 5075 7879
f 845 6416 847
f 5413 3682 5415
f 7236 4231 4301
f 4240 2895 8146
f 8666 7945 6199
f 8195 8413 8690
f 8147 2988 2989
f 2456 2638 2639
f 5729 2086 6534
f 6480 5131 3368
f 10078 9148 8828
f 8278 8279 2862
f 8569 4173 4174
f 2192 2190 6266
f 7939 5094 8430
f 5048 3374 3375
f 1067 4395 4532
f 9726 8967 5329
f 8311 2471 8217
f 8628 6618 7982
f 7981 8836 9394
f 9603 5448 5449
f 9510 9225 4181
f 3859 9883 6879
f 5775 8857 5774
f 9600 5834 3406
f 3589 10035 3588
f 4102 9520 4101
f 6305 9702 7437
f 9313 3279 8530
f 7426 5801 6108
f 2032 8596 2031
f 3580 3577 6460
f 4940 5759 5760
f 698 5331 7841
f 7039 7091 263
f 8518 972 1456
f 7477 8152 6553
f 6259 6291 6292
f 8613 4922 10132
f 290 9363 4836
f 8209 4362 8210
f 8209 5057 4362
f 9134 1863 9381
f 6221 27 7934
f 6221 26 27
f 1041 3621 5064
f 9514 1121 8050
f 3360 6079 3359
f 6692 1953 4364
f 4853 7459 4922
f 1664 6933 9026
f 2000 1633 3855
f 9780 9536 1913
f 2889 1539 3492
f 7731 3688 9685
f 10133 6471 5140
f 1572 5983 1571
f 5711 2399 8589
f 5099 3510 5098
f 8373 8372 7044
f 4764 7912 9146
f 8087 10026 649
f 10134 6556 3051
f 7745 8452 7746
f 2523 9098 2522
f 9931 1195 8455
f 5854 7977 4934
f 5112 9718 6276
f 9760 4619 5072
f 9023 9024 6243
f 6743 3270 6745
f 2428 9260 9842
f 8614 2075 2076
f 6644 442 2974
f 7406 7404 4737
f 7204 8374 6067
f 3134 9431 7423
f 5706 3583 5069
f 7398 7397 10135
f 2863 9332 1572
f 4383 8934 1450
f 2779 809 810
f 8533 5082 5601
f 2788 7704 4313
f 3268 6740 941
f 3268 3939 6740
f 1502 4727 9090
f 5739 8507 9059
f 7894 8080 1205
f 2880 5423 5424
f 9052 793 2948
f 5914 7575 5948
f 4831 9453 9994
f 8895 1641 8785
f 5404 284 5407
f 4899 9754 4898
f 10136 10137 7185
f 5175 5505 5174
f 3287 3188 3186
f 2384 9922 2386
f 1115 6889 298
f 1736 1737 6894
f 5157 636 1726
f 8617 2613 8616
f 7166 4507 3877
f 1537 3492 1539
f 6907 4960 9477
f 3804 9074 9954
f 9298 199 626
f 1324 9185 5321
f 7645 61 8371
f 1998 9508 5797
f 9926 9619 4683
f 9810 9403 8799
f 5501 3383 3384
f 9193 3306 3381
f 7195 5158 7194
f 7883 9404 6976
f 9930 9436 9386
f 7024 7414 8559
f 4318 2286 8659
f 8804 8245 8246
f 7996 10138 8748
f 7240 7241 7277
f 5699 6527 9154
f 3028 3819 4984
f 5294 5134 9056
f 9355 6656 4382
f 1059 8234 6592
f 865 863 5864
f 6889 1115 4680
f 237 8680 10119
f 9618 2265 8733
f 4231 7236 1746
f 1951 404 1950
f 8626 9020 7010
f 7135 4473 6404
f 178 176 6725
f 6886 1012 10007
f 6710 6378 6379
f 499 500 1100
f 3767 4946 10139
f 9120 8265 4845
f 7542 1721 8973
f 9522 7323 2930
f 4256 4347 1508
f 2307 9861 4528
f 7290 3899 7327
f 4709 3770 9599
f 7921 9897 7920
f 3476 8050 3475
f 7969 2627 2628
f 861 9036 9344
f 9654 2648 5361
f 3359 4443 3358
f 8011 5203 1308
f 8375 997 4729
f 9439 6975 434
f 5130 8538 9416
f 2611 1987 6798
f 5507 6896 6895
f 7944 5674 5675
f 10090 404 405
f 8140 9265 1434
f 7464 6040 7465
f 7449 7548 7448
f 10140 5140 5138
f 850 4798 849
f 7966 6691 6606
f 3774 4537 8556
f 7979 553 6834
f 4042 7080 7379
f 2775 9783 10141
f 4072 7693 1745
f 7823 8849 5567
f 6210 7827 3651
f 10002 10003 10142
f 1175 9488 7099
f 4441 4336 4337
f 9115 7812 8347
f 4782 1061 1062
f 7246 9527 10006
f 1945 4817 9838
f 2146 9512 3506
f 4568 8426 4567
f 8499 3697 5794
f 2485 7385 8574
f 8005 4185 388
f 6949 9434 9568
f 3851 7014 8276
f 6719 8756 1834
f 6552 3260 4932
f 5274 8071 10143
f 4135 4016 5903
f 9225 4686 4181
f 7883 8398 9404
f 8132 3587 3588
f 8809 7028 4589
f 7427 2675 2676
f 1254 7838 7836
f 1254 1255 7838
f 7416 7189 7415
f 9211 9190 7084
f 10008 4102 4100
f 4384 437 179
f 4864 9004 4863
f 8749 379 3838
f 8240 8238 8631
f 9099 4008 4009
f 8599 5984 9181
f 7860 1461 7076
f 8311 5986 5985
f 1242 4219 4624
f 10144 7688 1304
f 5351 10146 10145
f 5599 6370 7228
f 8638 6225 3967
f 707 705 3811
f 8332 3039 2789
f 7434 2967 7111
f 449 10147 10107
f 3231 9473 7942
f 9291 3856 10114
f 9291 3858 3856
f 7778 6330 3810
f 728 9262 730
f 2265 2263 6422
f 2554 4022 2432
f 3260 3261 9086
f 6333 7955 6332
f 589 6150 153
f 5298 9838 3797
f 9647 1735 5516
f 3849 3850 3229
f 8425 2862 8279
f 4410 9910 3643
f 1042 1040 7687
f 9277 1672 5276
f 9002 11 9003
f 8843 404 10090
f 10118 9779 8343
f 9282 9283 6749
f 1907 4128 4129
f 8102 8100 9775
f 4931 7589 8687
f 8706 4152 9829
f 2969 7379 7380
f 7877 7876 2191
f 9272 4922 8613
f 8822 8827 6918
f 7502 6047 8040
f 9959 2376 1553
f 9258 6767 256
f 8443 3502 10
f 57 55 1385
f 10140 1900 10133
f 8802 6869 6870
f 9285 5115 9475
f 1731 7666 1733
f 8961 9687 9223
f 5697 5696 4166
f 1655 2847 4376
f 7818 8117 9513
f 5171 1163 1164
f 6448 5876 8438
f 8387 8386 8439
f 10089 10148 8051
f 7381 5516 5515
f 1844 6067 6288
f 6222 6223 8277
f 7049 1750 8448
f 7147 7148 9327
f 5900 8663 9925
f 10024 7949 3968
f 7530 2110 5201
f 1229 2816 5132
f 7940 9848 5743
f 5589 10149 5591
f 9673 663 9597
f 9164 7713 9935
f 3100 7711 8385
f 9719 4397 9982
f 9588 7924 1610
f 7976 7998 7975
f 7976 8557 7998
f 9671 6794 5459
f 9213 3887 3888
f 10150 7830 2185
f 9747 9994 9453
f 6800 7090 4416
f 7527 9570 4557
f 811 136 9019
f 9537 2572 2573
f 4455 891 4456
f 4455 890 891
f 10097 7433 7434
f 6854 2442 6853
f 7307 6550 5511
f 7765 4049 9202
f 8989 5010 9194
f 1767 1358 7751
f 1144 3515 1375
f 6465 6462 3562
f 9131 8246 10069
f 735 9015 5103
f 9830 10056 8905
f 9830 9831 10056
f 9627 10121 9617
f 9552 2763 4342
f 8021 6228 6226
f 4464 2616 7032
f 7668 9375 9376
f 5131 6480 6478
f 7177 7178 9553
f 7852 7853 6499
f 6957 8027 671
f 2936 2934 7368
f 4168 7487 311
f 10151 9674 9048
f 6157 8197 4551
f 3343 5802 6472
f 7701 5344 9427
f 9298 9014 7189
f 9411 6749 9283
f 2299 8182 2296
f 2006 2004 9527
f 9387 9018 5780
f 4146 1877 6116
f 9583 4073 1528
f 1262 4501 1264
f 8084 7929 1659
f 1493 8954 519
f 3073 8548 5261
f 9143 8832 9082
f 9805 5121 5122
f 9862 7066 6118
f 7356 5684 7355
f 288 7279 5137
f 1208 1209 4478
f 8317 1370 8316
f 8773 1588 9988
f 7454 7452 8921
f 6393 4978 1918
f 5120 6733 5122
f 8348 7214 7215
f 1853 4649 1852
f 8832 7684 4105
f 7067 7326 853
f 7595 8622 9616
f 6892 3153 8692
f 6748 9753 5289
f 4849 2567 5468
f 721 6229 2380
f 6094 3132 9756
f 7199 6089 9159
f 3812 7030 8702
f 928 6756 7565
f 671 672 2038
f 9639 8704 9735
f 9482 2926 2927
f 1193 4407 5411
f 4840 9158 4839
f 5310 7989 8088
f 2511 9043 8996
f 9174 7173 7172
f 2703 7735 2701
f 5729 8105 2087
f 7768 6564 9974
f 7475 8010 6077
f 2954 9330 1154
f 6505 317 318
f 10054 2749 8865
f 10152 3594 10149
f 5132 5239 1229
f 9731 2390 9732
f 3627 9175 6468
f 8622 7595 3953
f 9294 7275 5895
f 9548 2200 2201
f 6242 9024 7819
f 8994 6034 1454
f 9325 1544 1578
f 10028 6729 6727
f 4977 7785 2916
f 9002 10 11
f 1582 3194 1581
f 3194 1582 4364
f 8599 8175 8176
f 5424 5425 4910
f 5767 2870 731
f 2676 2929 296
f 1207 6705 9538
f 8357 9766 3282
f 9769 8627 8628
f 9842 1298 8470
f 1472 8501 2429
f 651 6510 141
f 9355 4047 2204
f 9792 8309 6622
f 5706 7879 8330
f 2212 3423 2211
f 4016 4135 7401
f 3587 8130 5509
f 2162 3783 10078
f 1722 1720 6715
f 3570 6275 3386
f 5944 5357 1700
f 8897 6602 1089
f 7663 6716 3522
f 1602 7607 7608
f 1300 7982 6431
f 6206 1967 4630
f 3253 6208 1886
f 1 2 82
f 9745 9515 9516
f 5612 7423 9431
f 657 8463 8382
f 8446 8447 8119
f 9717 6801 453
f 9427 826 7701
f 5590 9511 5589
f 7841 5331 7676
f 6746 976 977
f 1945 4742 1944
f 10121 3310 3311
f 731 5656 5767
f 5887 9600 8106
f 10035 10066 5328
f 7955 4585 2651
f 6461 9241 7328
f 1011 7365 1010
f 7521 7478 7520
f 8850 4052 4053
f 9371 341 2747
f 212 6372 4068
f 10098 9486 9575
f 855 856 4562
f 9803 8140 4441
f 5030 8161 9792
f 1131 8812 8813
f 1566 5793 1565
f 9706 5845 3430
f 2113 7356 7354
f 658 1217 6386
f 9903 10030 8241
f 7584 9457 9412
f 4926 4998 4999
f 7018 8903 7017
f 5707 2219 4426
f 4508 6175 4507
f 6167 6168 9093
f 5454 5510 9699
f 487 9870 486
f 8815 6242 73
f 4338 1887 1888
f 9919 6721 4041
f 9919 3190 6721
f 8953 5722 8592
f 1429 6808 5686
f 5683 1785 5828
f 3373 4653 9421
f 2733 2734 3933
f 101 6930 3567
f 6185 983 6187
f 10095 9410 1808
f 124 9194 123
f 9081 8832 4842
f 3134 9278 9431
f 2704 2684 2685
f 3767 10139 4175
f 6738 5859 8514
f 2318 3277 5403
f 9941 4992 4993
f 8008 1807 1048
f 4430 7667 7291
f 7493 9871 7616
f 10153 3463 7240
f 9171 848 849
f 5447 5543 2090
f 4598 6852 6853
f 2465 4800 2467
f 7191 9664 7850
f 9461 8211 2941
f 5149 420 418
f 10154 3882 8122
f 7272 5199 8603
f 10155 10122 5398
f 5536 7435 9016
f 7411 3973 461
f 8282 5250 8378
f 4126 555 556
f 8095 1348 3844
f 850 8393 4798
f 3340 5740 50
f 7408 7863 4538
f 7408 8403 7863
f 6499 10157 10156
f 4217 8944 5481
f 3099 3097 3644
f 8881 7903 9847
f 337 975 339
f 8781 5818 6768
f 5657 7154 5659
f 9401 8204 5412
f 5782 8993 8377
f 10158 9250 9248
f 5096 9599 557
f 7243 8291 6577
f 6260 3802 8381
f 8409 8410 3142
f 9595 6166 6167
f 4826 5458 4825
f 6396 6394 9532
f 1840 1841 351
f 8260 8261 1797
f 2297 6711 8887
f 6129 8191 6130
f 5982 1572 9332
f 10154 5016 5017
f 747 748 2917
f 9048 9673 9597
f 5539 4409 4410
f 7881 7055 577
f 5032 9758 5031
f 9795 9476 4679
f 4778 7781 4777
f 8496 9138 2413
f 1690 3208 1689
f 5384 5385 9657
f 3192 2712 2713
f 8303 5737 5738
f 9886 9948 4521
f 5515 4769 7381
f 5292 7097 799
f 1983 3468 49
f 7953 4821 9172
f 9057 2668 2669
f 1878 8399 8398
f 9659 8022 8251
f 7064 3723 9929
f 8774 4680 1115
f 9501 5950 9732
f 9737 4848 4849
f 6136 6137 8955
f 8800 1039 6872
f 4502 8549 7804
f 9733 8200 2040
f 2332 10092 2334
f 1900 6470 10133
f 1204 4156 2876
f 9568 8058 8512
f 7642 7252 7641
f 8632 5669 2973
f 4922 7460 10132
f 1137 5594 1139
f 9142 10156 6980
f 9142 6499 10156
f 8324 9734 9972
f 2743 6817 9441
f 1144 1755 1143
f 4576 4575 4039
f 2549 325 1596
f 9615 6235 9627
f 3524 3525 8598
f 3993 3991 2830
f 184 3454 3455
f 9384 2789 7260
f 5724 3439 1362
f 7351 9741 8923
f 7351 7959 9741
f 9180 328 6745
f 4614 9708 9110
f 4858 7624 6781
f 6428 350 5569
f 5778 8943 7792
f 3690 6578 3236
f 7661 7606 5929
f 2714 4725 7777
f 8301 2505 10055
f 7043 7286 7042
f 9443 9734 1412
f 3473 5270 7151
f 10027 9508 9509
f 4726 3269 4725
f 9716 6246 5425
f 3171 1609 1610
f 3539 9583 9584
f 8803 9964 9742
f 5228 1580 1581
f 57 9159 56
f 2928 6449 7840
f 4829 7666 2620
f 4551 4424 8137
f 4582 8355 4581
f 1919 5116 5117
f 1458 6886 9483
f 1295 9620 1686
f 8389 2292 2293
f 9911 5382 5383
f 8557 7976 1093
f 3432 7602 8752
f 7951 1479 1480
f 6845 9293 3178
f 922 923 6920
f 9951 9954 9074
f 4306 58 2188
f 5803 5804 10005
f 6584 8684 6610
f 8116 1004 1005
f 8305 7771 8919
f 7349 9761 9521
f 6744 6745 328
f 6513 9280 10098
f 6048 6049 9351
f 1077 1078 3090
f 1670 1668 5726
f 6928 3802 3800
f 7379 7080 6843
f 9317 5927 6050
f 7129 5385 3232
f 7789 8181 7604
f 9792 8936 5032
f 7304 1445 6239
f 2188 4305 4306
f 9717 4376 6801
f 8225 4438 5395
f 2120 10005 5804
f 245 3176 244
f 6883 2375 9145
f 2539 2920 4378
f 6974 8254 10017
f 9162 9928 5622
f 10106 6575 7943
f 4578 9781 6018
f 8231 8131 9518
f 2405 1135 4846
f 9549 4608 9548
f 4937 4938 8374
f 3756 3757 6537
f 4067 6112 7649
f 4906 9816 9801
f 1735 9337 1737
f 9537 8445 8138
f 8965 8963 9897
f 8057 7210 5242
f 8273 7757 7887
f 6660 7728 6661
f 6799 5848 7090
f 3223 6148 3592
f 6614 2288 9542
f 2078 9263 1941
f 5054 5055 8341
f 2082 848 9171
f 1704 7936 4520
f 8294 10146 9368
f 1505 4060 1507
f 1708 2919 4627
f 9177 9930 10006
f 9005 6801 2847
f 7218 7216 7774
f 5497 4633 7315
f 2092 9415 4959
f 398 2755 3963
f 7695 9924 10159
f 7949 5703 7633
f 191 2895 4241
f 6378 1299 2856
f 1961 430 6797
f 2580 5988 5566
f 3980 6639 8970
f 7963 5086 1661
f 101 3568 100
f 7026 9764 7028
f 7880 237 8661
f 4078 4076 8948
f 658 6386 8463
f 1268 8461 5586
f 5884 7034 9581
f 9619 4685 4683
f 4592 4593 5389
f 1387 2014 2012
f 1387 6905 2014
f 10092 9552 9602
f 4653 9898 4652
f 2485 9958 2487
f 7305 9958 2485
f 6483 4449 6897
f 1757 4308 1756
f 7913 9210 6156
f 7966 10160 9144
f 5098 8700 5100
f 5463 5588 315
f 9782 9831 9784
f 9975 1997 9104
f 2725 10059 1594
f 1710 3805 1712
f 2049 2035 2036
f 3055 7616 3054
f 7587 6355 5742
f 2983 3445 9859
f 9435 7859 9796
f 2574 9678 5147
f 2574 4312 9678
f 4432 8719 9794
f 8431 8915 9699
f 1111 296 294
f 1582 1580 6133
f 8540 8179 8539
f 9827 5308 9698
f 9827 5310 5308
f 3990 9669 9743
f 2285 5809 5807
f 8170 2385 2386
f 1198 6653 8416
f 9655 7306 7776
f 7320 7329 9242
f 2274 5280 5278
f 746 5557 7081
f 4706 7209 1212
f 1870 4504 1872
f 5370 1794 6350
f 6256 10161 7736
f 9762 3375 3376
f 5421 351 1786
f 6861 6859 8933
f 9166 9585 9418
f 6775 3212 3210
f 9989 8641 1693
f 5324 7904 8759
f 3029 965 541
f 4947 4948 9563
f 236 5466 9402
f 9356 5756 8335
f 2214 9813 8653
f 8947 9863 6307
f 8911 738 739
f 9403 4935 4934
f 522 9229 8721
f 10116 4118 5058
f 10162 6544 7579
f 4297 2976 4296
f 1349 2590 3485
f 6097 1312 6096
f 4839 144 6625
f 6097 2818 1314
f 1626 1624 4670
f 6944 5341 9176
f 7558 4747 6687
f 5708 962 5710
f 6744 8014 7653
f 8372 4927 7043
f 5023 585 9518
f 3366 7453 5076
f 8667 8450 3840
f 9735 3176 9736
f 1317 1318 4220
f 894 5257 7193
f 8973 1722 8242
f 9771 6711 2297
f 9596 7768 7766
f 5635 5636 8776
f 8661 237 8660
f 6259 6292 8581
f 10163 7107 7728
f 5118 1091 1092
f 7800 3171 7801
f 7800 3172 3171
f 2393 2391 7031
f 5448 9603 4559
f 8338 4867 2423
f 243 241 807
f 3282 2914 2912
f 8335 8844 9356
f 8335 7993 8844
f 5134 9116 9114
f 9505 6706 6545
f 9124 9269 3606
f 8465 7705 8689
f 6655 6654 1213
f 570 7080 8287
f 8329 8485 4304
f 1135 2405 2815
f 2943 9001 4159
f 1214 1215 2807
f 7007 5231 9983
f 8469 2716 2715
f 8576 7617 7616
f 4991 1137 1138
f 10020 3115 10019
f 8987 7586 9670
f 4433 9620 1295
f 2054 2055 40
f 6537 8755 8756
f 3336 8244 8243
f 7180 6753 7812
f 6100 8233 7450
f 1306 1307 10123
f 6525 1306 10123
f 7683 7150 9761
f 7098 3805 5804
f 9047 5905 8798
f 7180 9116 5294
f 8814 7869 4781
f 5264 8166 3623
f 1878 7883 8483
f 5777 8297 5779
f 5031 9758 9905
f 5307 8528 7991
f 9271 8196 7578
f 3685 7623 1747
f 3868 10077 4641
f 9932 9658 9846
f 6665 5975 9035
f 4259 8521 865
f 4793 6558 4792
f 4793 1085 6558
f 3821 7362 3822
f 8782 8971 5450
f 5158 5159 7194
f 2782 3330 6637
f 6750 3337 9282
f 6709 6422 9621
f 5232 9983 5231
f 3310 9627 9984
f 5123 3177 2956
f 2087 8399 1876
f 1716 2711 1656
f 9462 9204 6629
f 4326 3669 6521
f 8130 8232 4676
f 6533 7042 7286
f 4873 2712 3192
f 3056 3054 8624
f 644 645 8511
f 9986 8965 7921
f 480 6619 2328
f 4496 4497 1784
f 6038 3401 6650
f 6465 3562 308
f 1393 8535 10045
f 9199 2183 4920
f 4491 5450 6432
f 8422 8218 9821
f 3786 6922 5186
f 9030 8392 538
f 4698 1740 6186
f 7337 5153 5154
f 8340 260 8590
f 7102 6666 7101
f 8618 7200 8619
f 7993 8843 8844
f 6879 7053 3859
f 7031 2391 7030
f 3519 9211 10101
f 6658 7799 5682
f 2273 2512 9244
f 8707 2282 9367
f 10164 10110 1717
f 6463 7789 6462
f 2203 2564 9762
f 9816 4906 8754
f 7506 8578 6654
f 6312 3947 6769
f 5764 5236 8476
f 2860 10050 3733
f 9060 8321 9875
f 1076 1077 9130
f 5636 9145 9959
f 502 4504 6029
f 9174 6205 3395
f 7660 5290 7846
f 5382 5342 4357
f 7471 7472 5323
f 6769 9440 6768
f 4323 3495 512
f 7171 3949 1320
f 3587 9988 1588
f 10165 9056 5134
f 4055 9915 5164
f 5846 829 8938
f 10151 9974 10166
f 5985 2471 8311
f 7762 4480 3360
f 2403 2668 5133
f 2556 9726 2558
f 2314 2092 1521
f 3237 1465 5041
f 4493 5236 5764
f 4416 7901 4415
f 346 151 7033
f 9757 5881 9905
f 4776 5203 2110
f 5569 5570 9267
f 9867 7322 6677
f 9975 9104 7192
f 9540 9813 2214
f 8658 3227 9029
f 1296 8604 7738
f 6416 1924 3400
f 10167 3448 9802
f 9563 6303 8326
f 5105 5843 5844
f 5142 6291 10168
f 1199 1200 6179
f 3632 5235 8928
f 4727 2832 2524
f 1896 6383 6384
f 2287 7439 2289
f 2287 4063 7439
f 6349 9422 6108
f 6422 2263 9442
f 9399 8651 9182
f 8276 3329 2780
f 633 634 927
f 3937 6687 3936
f 9936 8774 7529
f 1872 4504 4505
f 4502 8762 4501
f 2218 2327 4426
f 8969 6640 9889
f 7347 3112 9952
f 9259 2387 4245
f 3414 177 6322
f 6593 9137 1058
f 497 1607 4421
f 6736 1302 7866
f 8992 9410 10095
f 7791 6028 9208
f 1769 2602 889
f 7996 8746 8548
f 9756 3132 7056
f 1725 2518 7894
f 9588 1610 6396
f 9167 6482 8704
f 464 465 3711
f 7532 2438 9473
f 9394 7075 1459
f 9394 1459 7981
f 17 9502 2984
f 972 8518 5070
f 5722 5723 8592
f 8288 7538 5799
f 6750 1332 3339
f 5541 8648 8274
f 9412 9457 4499
f 6159 8742 8740
f 3820 10108 1501
f 5982 8229 5925
f 9255 4326 9570
f 2404 8576 5047
f 4176 7025 6678
f 6203 8566 8323
f 6880 6881 1726
f 10169 5080 4658
f 8780 9118 5113
f 382 45 5158
f 2491 4238 8523
f 7069 9067 9701
f 986 6974 1389
f 4153 9435 4152
f 5301 8756 6719
f 6696 9651 9220
f 3961 8854 5129
f 3961 5822 8854
f 5755 10170 8527
f 7594 9616 9617
f 3554 1791 3553
f 4658 6035 10169
f 8274 10158 6351
f 4979 3541 7563
f 8429 4737 4736
f 9250 10158 8274
f 9446 7225 1552
f 1618 9659 8252
f 2243 9808 9667
f 4315 4316 2460
f 6015 6807 3771
f 9070 9373 2711
f 2601 10126 5658
f 7102 3233 10106
f 187 1615 2427
f 522 1869 5066
f 7211 8230 7814
f 9258 5873 6767
f 6857 5458 4826
f 6337 922 6336
f 1301 2799 2800
f 237 5466 236
f 9524 3982 9523
f 2526 4123 7984
f 3935 7840 3486
f 9574 7220 6883
f 4126 3080 555
f 4126 384 3080
f 2941 6059 7463
f 8905 10056 5561
f 5624 5625 3252
f 6969 2767 9778
f 6943 3704 937
f 5952 4707 1514
f 4586 10060 3465
f 6456 2906 2907
f 9660 7956 10003
f 6418 506 2
f 8535 6195 10045
f 10128 3531 3529
f 6600 5888 7444
f 658 1216 1217
f 3404 9350 306
f 9342 4435 2501
f 9342 9343 4435
f 2018 6297 2020
f 3124 1987 2610
f 5349 10015 10076
f 9090 2525 3162
f 4331 4332 9177
f 8239 4026 3027
f 2162 10078 4607
f 9970 8200 7324
f 1129 1130 2158
f 4875 7528 8051
f 3995 8141 3994
f 5564 6832 3052
f 8397 7708 4693
f 9430 1548 8565
f 7933 3293 7718
f 9664 7024 7850
f 9228 2159 8418
f 6882 9549 2375
f 8198 9432 9878
f 4892 8815 74
f 4445 8998 6023
f 5440 5990 5989
f 5605 8109 7630
f 4042 7379 4041
f 6779 9307 3030
f 6778 6779 3030
f 7003 5749 645
f 8876 1652 1650
f 4188 3562 7700
f 5384 2474 8710
f 7806 10171 9273
f 7465 1869 1867
f 4848 9737 8341
f 6627 5030 9462
f 4569 9657 4568
f 8112 4034 4111
f 2378 4498 8826
f 1369 8935 1599
f 6460 3718 9463
f 907 905 8491
f 8979 9754 5738
f 9242 7328 9241
f 8998 4445 8554
f 6227 6228 8871
f 7685 9573 10020
f 10172 1954 7264
f 1714 9070 2711
f 8112 10174 10173
f 491 318 490
f 9517 8131 9973
f 10153 2099 8043
f 8099 9376 9374
f 9863 9209 8185
f 10058 8789 9346
f 4884 886 4883
f 585 5023 5024
f 6827 2780 9468
f 667 665 8765
f 4422 4420 7164
f 596 4347 598
f 9749 5702 9776
f 4107 2213 2211
f 3489 3108 4998
f 8260 1963 1837
f 4288 4287 8829
f 2312 4777 7782
f 2728 9129 6103
f 2050 5914 5915
f 1201 5761 6344
f 5624 3252 4290
f 7217 7218 8958
f 9958 9169 2487
f 2280 8115 7062
f 697 7254 9895
f 26 6221 2965
f 2444 7880 3824
f 3434 9965 3433
f 6133 6605 1582
f 9566 3283 5629
f 8485 3419 1532
f 6508 298 299
f 6911 2063 8270
f 8060 4374 1856
f 8995 8994 692
f 9817 1591 3202
f 3403 3123 3402
f 4747 8480 9033
f 4747 7558 8480
f 8146 2895 9128
f 6479 9640 7387
f 2053 9199 2052
f 5888 6600 6111
f 8424 869 9826
f 3801 6261 1233
f 3841 8667 3840
f 2943 2944 6467
f 2321 3742 2320
f 8593 4580 9785
f 6403 6404 128
f 6742 2454 2455
f 5320 41 42
f 9586 1820 8345
f 9264 666 9170
f 9476 9584 4679
f 9476 3539 9584
f 8829 6814 6815
f 4496 1784 9623
f 10002 10175 9117
f 3544 7510 7103
f 8309 8258 8256
f 2934 1338 1113
f 3590 7156 8647
f 8430 8069 6825
f 3544 7104 1128
f 7925 3128 3052
f 8451 6838 8835
f 1827 6152 7175
f 1020 9236 9361
f 6800 4416 3481
f 7315 1191 629
f 7885 3628 9648
f 9335 7629 2069
f 5819 1152 8073
f 9607 5866 9320
f 8950 9815 5532
f 9368 9917 9868
f 6191 8207 3970
f 9697 4256 1509
f 8360 8177 5150
f 3696 7658 3
f 5336 5337 8568
f 6006 2975 6005
f 10176 5116 10177
f 1459 7075 1461
f 10178 7634 10179
f 8009 8825 8008
f 4595 4068 4066
f 1384 8926 9802
f 1046 7844 6806
f 2530 2212 2531
f 637 1727 636
f 8703 8941 244
f 7808 3505 2913
f 2427 9370 187
f 3407 4286 4861
f 7007 1303 8038
f 9978 1551 7225
f 7988 5132 6017
f 497 4421 496
f 2672 7821 8172
f 9824 5995 9703
f 3021 8644 2687
f 208 3331 3139
f 2447 6644 6645
f 7930 7929 8085
f 10116 5058 263
f 8645 5161 8838
f 9825 10180 3887
f 4078 6297 2018
f 6752 1139 7871
f 1016 3929 1018
f 9189 9334 9191
f 9836 9756 8519
f 8336 3163 3161
f 9136 7775 7776
f 8778 5722 8953
f 6025 9448 7689
f 1927 3423 1926
f 10167 3447 3448
f 3357 7418 3356
f 4738 5768 178
f 7587 6333 5045
f 2066 8878 2065
f 2066 5433 8878
f 2645 7508 2352
f 9094 6805 9412
f 9847 5013 5101
f 8208 7606 7607
f 4652 1724 4242
f 6385 6383 2336
f 3882 2303 2630
f 7043 7287 7286
f 9422 7426 6108
f 143 8467 8465
f 7254 697 7841
f 3136 6405 4081
f 2267 3330 3329
f 3050 8636 3049
f 4996 9485 7980
f 3951 9196 9075
f 8773 1587 1588
f 7462 7890 7154
f 8212 5790 1577
f 5717 4428 3399
f 9675 10103 7115
f 6798 7821 2672
f 8134 8629 3647
f 5606 1378 469
f 5606 5607 1378
f 8237 3401 6038
f 432 1955 10181
f 2251 10128 5946
f 4006 1825 7641
f 837 9122 3421
f 2523 9593 781
f 8405 6660 8407
f 2902 9293 754
f 8043 9552 10153
f 3879 1228 6876
f 2150 8168 8169
f 4942 4943 9366
f 3230 9820 8438
f 4282 8117 6791
f 6646 6647 8890
f 615 4015 614
f 10176 10183 10182
f 9094 6531 6532
f 7381 8597 5516
f 1425 789 2369
f 5733 5734 9203
f 1453 6035 9105
f 8897 7436 6602
f 4843 9018 9192
f 706 690 4917
f 7552 1681 1679
f 1337 1567 1339
f 9817 3202 8681
f 988 989 6176
f 839 4627 9256
f 4198 8909 9577
f 1754 3896 3897
f 1286 9388 9089
f 10130 2547 8227
f 7514 8368 9872
f 8178 6668 6045
f 5125 4274 10102
f 5247 4087 8443
f 5247 4739 4087
f 6611 6294 5921
f 3172 4874 4873
f 7735 1101 2701
f 3937 10124 2145
f 5950 2370 789
f 5079 6121 139
f 8347 6343 8210
f 6838 7181 8835
f 430 5963 9939
f 5618 9014 8571
f 5618 7189 9014
f 1136 2970 7143
f 922 6920 6919
f 5333 6696 5734
f 5992 6756 1751
f 10129 9020 10094
f 10002 10142 4114
f 8997 5056 3920
f 4249 1157 9887
f 304 4599 4597
f 7105 7106 6243
f 7061 9724 10073
f 8437 9880 6960
f 6889 4680 1528
f 9755 9756 7056
f 7637 3075 8542
f 7507 6946 6947
f 4698 2740 4186
f 8193 9102 9103
f 8801 1075 363
f 7785 10162 7579
f 8336 7992 8335
f 4132 4899 9338
f 6935 1745 1743
f 8219 3744 444
f 7113 8695 7819
f 10055 2506 4272
f 5367 3247 9341
f 2350 2348 2352
f 3600 9254 489
f 6500 10157 6499
f 5278 2168 2169
f 3846 1752 3845
f 3447 8406 8407
f 8677 7202 6004
f 6997 63 653
f 8279 1737 9337
f 10184 976 9303
f 9063 4765 9803
f 3036 4544 4545
f 8685 9672 2760
f 4476 6251 1713
f 3013 9844 10072
f 9534 3013 10072
f 8503 10185 8502
f 5990 6384 6385
f 9173 10140 5138
f 6831 9470 6830
f 6267 3345 2192
f 8884 8885 9398
f 7835 7955 9759
f 5622 7086 907
f 9079 7186 7187
f 8060 7139 4373
f 2321 2319 9864
f 9039 4816 6107
f 7626 7627 10184
f 8806 5031 9904
f 8857 2761 5774
f 349 675 8471
f 6340 3830 7903
f 6134 3966 3967
f 7802 8129 6250
f 9175 7884 5789
f 8683 9979 1810
f 2170 2327 3975
f 8532 10055 4272
f 4623 200 203
f 6527 10123 9186
f 9328 9358 9327
f 4552 8645 4553
f 3124 6765 9766
f 1518 6122 784
f 3967 9554 8638
f 2987 9339 10186
f 5083 4361 5082
f 726 8784 5417
f 7502 8529 6046
f 663 9596 9597
f 7932 3295 7597
f 9397 28 5684
f 7772 7101 6666
f 1470 3624 4352
f 2191 10187 2190
f 3851 8276 2780
f 4592 1155 4591
f 3102 7627 3101
f 3367 4163 4164
f 4285 4283 5643
f 6944 6341 6342
f 5012 6522 5013
f 1860 10079 1859
f 9273 3857 3858
f 8169 4446 7592
f 3586 3584 9397
f 4798 8393 8394
f 8323 8566 8325
f 2337 4825 5990
f 6939 8057 7547
f 8979 9967 3918
f 1937 5123 2956
f 6764 9533 6763
f 2296 7222 9161
f 3882 2630 8122
f 5454 9699 2013
f 7253 2272 7255
f 5795 5796 9487
f 2121 2119 9601
f 4959 6389 536
f 6615 7674 9150
f 7402 2165 4527
f 6877 4672 4673
f 10060 10188 3465
f 4173 8569 7036
f 2496 4862 2498
f 8170 7305 7163
f 3616 5940 3615
f 1640 10159 1639
f 7425 7088 304
f 7531 9743 2438
f 3036 6538 3757
f 9690 7772 4205
f 1858 1859 2022
f 3877 3878 7166
f 4309 5318 4794
f 4001 6634 4000
f 3125 2610 7441
f 2874 5306 9987
f 9760 7837 9759
f 1895 6614 1894
f 8320 7082 8266
f 8640 8434 1693
f 1947 4615 3137
f 4878 3355 4877
f 3187 7521 7522
f 3187 3188 7521
f 10027 5797 9508
f 1546 5823 6493
f 3344 3342 3627
f 6314 6312 6769
f 3447 10167 9698
f 8591 6948 6949
f 1349 3817 8537
f 1549 2363 2364
f 3777 1950 3161
f 9614 8350 8351
f 1001 1002 8122
f 8307 9849 4148
f 10097 2295 9161
f 7711 4832 4488
f 4780 3563 1061
f 8506 6185 1741
f 5233 3636 8928
f 7614 2140 2939
f 2030 9834 6673
f 7803 999 3457
f 4901 6055 6056
f 7852 5956 1418
f 8812 1578 1579
f 959 960 802
f 6024 2142 9677
f 4932 4930 6552
f 10096 7434 6391
f 4221 8247 4220
f 4558 1878 8483
f 5595 4829 5597
f 1604 5177 1603
f 4242 4651 4652
f 290 5137 9363
f 8832 9081 9082
f 4593 4591 1404
f 373 5099 5439
f 373 374 5099
f 6868 10112 1916
f 8894 531 532
f 1708 3248 2918
f 9352 9140 9141
f 222 2515 6334
f 9925 1641 1639
f 2414 4664 2366
f 2086 5729 2087
f 7988 9968 956
f 4575 8384 4039
f 9227 3849 8420
f 3258 9212 3257
f 2420 10099 5335
f 2245 10147 5087
f 4514 9665 31
f 8283 6043 5251
f 8598 3525 9287
f 6023 7201 9411
f 5243 5244 6868
f 9913 7364 126
f 1603 619 7607
f 2021 6851 1111
f 639 4338 1888
f 6100 7450 7448
f 4407 9773 4406
f 10060 6465 309
f 1936 2954 1154
f 8162 9931 3285
f 7013 1021 10067
f 6753 6754 7813
f 5836 3566 8993
f 8829 4287 8364
f 8239 3708 5352
f 7416 7024 9664
f 1179 4015 419
f 10145 5893 5353
f 8011 5201 5202
f 8998 8554 7795
f 3420 1527 1525
f 6754 6673 7813
f 365 3219 364
f 4255 5788 4254
f 5140 10140 10133
f 9969 5428 10005
f 2551 3290 3288
f 9341 5811 5812
f 7708 7709 4693
f 6203 7561 8566
f 6255 7706 10189
f 7968 6573 9967
f 4332 7910 8304
f 8756 5301 6537
f 183 6814 182
f 1017 1018 114
f 3721 10149 3594
f 1323 1324 7801
f 3973 9037 2990
f 2994 2829 2827
f 1842 1840 7871
f 10068 9131 10069
f 8713 10190 608
f 3038 8332 7569
f 9718 8031 8316
f 7108 2834 9907
f 7928 9471 9472
f 8876 1740 1652
f 9859 6717 6716
f 10184 7627 976
f 10167 9802 9827
f 8074 859 2809
f 9729 961 9643
f 1657 8086 4191
f 7764 6698 3902
f 2726 5739 5740
f 2653 7239 9604
f 8205 1442 1443
f 9066 8405 8157
f 6669 9292 2622
f 8906 9063 9369
f 1512 4833 3174
f 10069 8246 7619
f 7454 8432 6518
f 2229 9914 2228
f 7637 8543 5586
f 5752 5476 8159
f 9882 8717 3349
f 2309 2307 1210
f 6958 1139 6752
f 1847 3639 9653
f 10061 9927 10035
f 9809 9807 10108
f 10157 10191 5736
f 9779 6617 9150
f 5105 4720 5843
f 1821 7011 7012
f 3432 8752 8982
f 7717 4189 3225
f 432 433 4622
f 6388 4420 4500
f 9924 1663 9925
f 431 432 9266
f 6210 7949 7827
f 3038 10050 3037
f 6682 7084 7526
f 7110 9538 6705
f 10103 7114 7115
f 791 2603 2658
f 9637 9946 7219
f 9629 7278 289
f 5083 4773 4774
f 6239 8215 8392
f 1821 8555 2565
f 4418 7456 3701
f 10087 9994 9747
f 1074 1075 1119
f 6818 9113 6817
f 5388 1402 4604
f 6382 8980 8731
f 1448 9554 6210
f 7249 2435 2433
f 6050 6048 3236
f 7686 1078 1118
f 2743 6819 6817
f 7939 8429 4611
f 2077 9565 2076
f 644 9774 8313
f 8361 1720 9012
f 9940 9128 6071
f 8143 9630 9960
f 4620 4619 9760
f 9027 10009 5535
f 9037 3571 2990
f 7664 6148 3224
f 3476 9514 8050
f 10192 407 408
f 7525 526 2977
f 8197 6157 6158
f 1276 3266 1275
f 7089 9553 1692
f 9003 875 9126
f 1107 10016 9896
f 5658 10126 9829
f 2566 4057 2568
f 9363 6761 4836
f 8037 4659 8039
f 6967 4587 4588
f 4924 4925 9812
f 3908 3909 7876
f 9325 1578 6512
f 1141 5563 10193
f 7729 7889 9417
f 1689 4161 1007
f 6103 1576 6102
f 7783 3969 1163
f 10194 9706 3430
f 10113 9291 10114
f 8401 5952 1514
f 9764 9353 9633
f 7514 9872 2243
f 5645 8930 5647
f 4463 4464 9801
f 10118 858 859
f 6168 6166 5266
f 6184 6182 8255
f 8014 7655 7653
f 3981 8113 10024
f 6486 9184 9492
f 6742 381 6741
f 9901 9810 8799
f 4178 8424 9826
f 8920 1865 8155
f 8254 6974 986
f 4824 4825 2337
f 4276 2357 4275
f 7490 5162 7491
f 8038 8039 7007
f 4172 4173 9281
f 9260 1298 10047
f 4450 4448 2002
f 9146 7912 5258
f 6833 3872 7343
f 8573 7610 9058
f 5503 7101 5784
f 5238 7763 8734
f 3534 3740 2143
f 3034 3035 3296
f 5347 4164 5349
f 1364 3439 3437
f 7774 8727 8728
f 8440 3888 8442
f 6976 5623 7883
f 9062 10180 4882
f 9681 10089 8051
f 3639 5521 5805
f 7226 6133 1580
f 3989 3987 1952
f 7213 5651 9658
f 5422 8786 83
f 2010 1430 3458
f 6420 9408 6421
f 3804 9073 9074
f 1371 1374 1373
f 9962 9321 10057
f 6898 8173 6026
f 8787 8349 8348
f 9304 9984 9306
f 8556 9040 3774
f 9060 3128 7572
f 7322 6676 6677
f 160 4044 159
f 9678 4310 9413
f 9148 7621 8828
f 3133 3134 7422
f 5080 6035 6034
f 7103 9243 9790
f 8339 2917 2915
f 1867 3274 3272
f 6974 10017 1388
f 8959 7217 8958
f 753 6846 2546
f 9888 3013 9534
f 9329 2975 6006
f 2770 2771 9956
f 5015 5016 9900
f 7895 3437 3438
f 5458 7074 4825
f 6354 6509 4163
f 5972 9589 8790
f 5374 7317 6649
f 8718 6810 1743
f 3645 3870 8789
f 8573 6366 5248
f 10176 9475 5116
f 7948 9311 8667
f 8268 6931 6930
f 1431 3528 8505
f 306 9350 9544
f 9139 681 6140
f 10195 9967 5736
f 7455 4867 3019
f 869 9647 8597
f 756 3227 4455
f 10026 648 649
f 9194 5010 123
f 9847 7903 769
f 10101 3518 3519
f 7557 3177 3608
f 8375 4729 6355
f 10117 7041 6617
f 7985 6415 7987
f 7439 1894 2289
f 10089 40 10148
f 3848 5401 9646
f 6648 3451 7071
f 10187 7876 3909
f 7245 7246 4796
f 1141 1142 3852
f 8082 2650 3098
f 1515 7919 8558
f 8680 3203 10119
f 9017 3917 6572
f 6854 6852 2811
f 2713 3862 10022
f 8610 9703 6515
f 9040 8556 8557
f 3281 3282 6204
f 1211 4369 334
f 3885 9750 7877
f 6937 4605 7112
f 8758 9251 8841
f 8410 9168 8356
f 4546 9725 2989
f 5842 9538 7110
f 5216 5217 9406
f 9209 8296 5777
f 3733 10050 6178
f 626 4711 9298
f 3878 4913 7166
f 1544 3425 1543
f 5484 5894 7690
f 5557 1826 5558
f 8656 7663 8750
f 10055 2505 2506
f 478 3402 1642
f 4144 4669 8445
f 3236 6578 6050
f 158 159 4028
f 9002 177 5769
f 9123 1686 7765
f 6987 3220 6989
f 8195 8196 5311
f 1663 6954 5900
f 9326 9061 4880
f 7356 3586 5684
f 275 4091 4092
f 8261 1837 1838
f 9096 9097 9611
f 8132 8130 3587
f 1308 5203 1307
f 9723 9490 5745
f 2514 2512 2273
f 8771 9966 7250
f 7727 7107 9608
f 7822 1999 8691
f 4636 916 2417
f 9679 1253 5541
f 2377 5654 7382
f 2844 3150 6792
f 6453 5531 1761
f 3488 7840 6449
f 2480 7497 9893
f 6991 5324 8759
f 9662 10071 9494
f 5783 8377 7346
f 4090 4409 4089
f 8177 5983 8176
f 7566 6709 9621
f 5955 5956 7852
f 5371 6547 5372
f 6728 8086 4695
f 6088 5232 5230
f 6223 10053 10009
f 479 480 912
f 10129 9021 9020
f 2832 4121 4122
f 9507 3227 3226
f 6608 6724 2356
f 7375 3382 3784
f 120 9567 119
f 1060 1377 2979
f 7739 8497 8658
f 9626 8480 8481
f 2735 2988 2737
f 4526 5150 9392
f 1312 8836 6096
f 4943 6035 4658
f 9646 1089 1087
f 456 457 5108
f 10018 9444 8889
f 10119 5466 237
f 9851 3413 9127
f 9851 9127 2358
f 9781 7988 6017
f 6441 6208 2516
f 3443 4735 5304
f 4117 4118 423
f 9595 4297 4295
f 9595 7911 4297
f 4679 8390 9795
f 2518 4469 2520
f 9957 2828 5347
f 9992 2641 6818
f 9916 10121 3311
f 8023 2032 4406
f 8596 2032 8023
f 4354 4753 4003
f 8080 4157 1205
f 4157 8080 8081
f 6423 6424 4043
f 848 2082 8089
f 9610 2913 5508
f 8710 2474 9426
f 10165 5134 1288
f 8365 8037 8038
f 9270 6125 7443
f 6223 6198 10053
f 5359 5360 8120
f 2238 3253 3209
f 9762 3376 6284
f 6755 9458 748
f 7536 9368 9793
f 272 273 9383
f 5593 4992 9941
f 8833 7073 2527
f 675 8482 9466
f 7180 6958 6753
f 7441 5913 3125
f 1915 6392 1918
f 9280 6513 1578
f 8404 9905 8262
f 8114 9197 6707
f 2564 4414 5048
f 2564 161 4414
f 663 7755 9596
f 9587 3664 8103
f 3242 5731 6533
f 8683 9980 9979
f 8782 4703 4682
f 3768 4946 3767
f 8289 1758 3146
f 6881 5021 400
f 8875 7737 7496
f 2488 10037 9530
f 8595 7106 6278
f 10063 3746 6644
f 8182 7222 2296
f 7265 7266 2355
f 849 4797 9171
f 6488 6489 9291
f 7533 8762 875
f 8449 10180 2710
f 6965 9608 7107
f 8939 1007 4162
f 1749 1750 5871
f 9491 6486 2214
f 2162 4608 2161
f 9471 4953 10000
f 6209 6210 3651
f 6447 2309 1210
f 6256 7391 7392
f 6085 6086 9879
f 1965 6784 6699
f 7468 1641 7467
f 1465 6048 9351
f 5966 6033 5218
f 7624 7673 9535
f 9902 9903 6306
f 9220 3716 9806
f 5006 9934 8991
f 10169 6035 5080
f 2983 1805 1803
f 6084 2458 4547
f 2816 1229 7489
f 196 194 4580
f 8822 6524 10036
f 4538 3774 7408
f 5987 3189 4596
f 9998 3856 2643
f 7281 9890 2717
f 7281 10105 9890
f 3830 6340 7131
f 8395 2139 7613
f 8395 2138 2139
f 1289 10165 1288
f 1289 9881 10165
f 8668 7948 8667
f 8912 9314 9559
f 4704 8864 2033
f 9960 8703 3175
f 2280 2278 8115
f 7205 873 871
f 5484 7690 7598
f 9841 8934 4915
f 6249 9361 7983
f 10142 4116 4114
f 3390 7908 4583
f 4585 9299 1796
f 7554 2660 172
f 9700 10146 8294
f 6481 6482 9167
f 5380 3760 8114
f 3463 3464 7241
f 8796 9047 8798
f 10163 2833 7107
f 6309 6307 5173
f 7464 1867 3272
f 3141 1701 7224
f 469 1378 471
f 7764 9556 8600
f 6041 6042 8499
f 7391 6255 10189
f 6103 8767 1576
f 449 5087 10147
f 4197 9861 2308
f 811 9019 7354
f 9046 5446 2563
f 5060 6469 7548
f 7409 10087 8763
f 9790 10179 9791
f 3052 6827 7925
f 8101 10000 8100
f 3331 5474 3139
f 9995 3372 10196
f 5532 5533 2075
f 8654 813 7892
f 4502 4500 8549
f 8785 1641 8663
f 2545 2546 9152
f 609 184 182
f 8042 357 355
f 2860 3733 2859
f 2631 8521 1003
f 6633 5225 5226
f 8328 6887 9770
f 7356 7282 3586
f 581 8946 6356
f 8967 5022 9973
f 286 287 7699
f 5034 8773 8149
f 2530 2504 2505
f 44 383 4708
f 5125 10102 9156
f 1437 7790 2920
f 2818 5008 1313
f 7940 9963 3219
f 2992 2829 2994
f 9516 8118 9745
f 9418 9585 9586
f 8524 7147 8362
f 2730 4974 2729
f 5737 10157 5736
f 9905 5881 8262
f 8337 10107 10004
f 4358 4356 8969
f 7078 2907 7688
f 1280 4481 2770
f 7114 3954 7113
f 9410 10197 10164
f 8723 7058 7059
f 10190 7653 7654
f 8666 9440 7945
f 8128 5775 155
f 6906 10017 7613
f 7882 8483 7883
f 9322 5154 10068
f 4178 9826 4177
f 6036 7412 6129
f 7017 8903 9434
f 8058 9434 8903
f 5068 5069 8608
f 8908 8909 9976
f 8345 9418 9586
f 2386 9958 8170
f 9006 1065 10104
f 9768 1167 9767
f 4988 8810 9591
f 690 4916 4917
f 9161 7222 7223
f 7782 8458 105
f 10172 969 970
f 6135 1574 751
f 9664 7189 7416
f 2717 2718 3585
f 9910 4410 1096
f 3723 7065 3722
f 8504 3528 9937
f 9820 7485 7155
f 7137 4166 7136
f 2212 2213 5945
f 758 2625 8517
f 8860 3193 8363
f 164 7866 1302
f 1212 7209 9848
f 8820 9579 9580
f 3152 6892 9975
f 4123 9066 3199
f 3370 9160 9869
f 7365 1372 4518
f 6227 8871 6556
f 10111 9724 9503
f 9850 9849 8307
f 10198 6166 4295
f 6116 4145 4146
f 1591 9817 1590
f 7693 7322 1744
f 5430 2461 7303
f 7304 6239 8392
f 4733 4732 7069
f 7491 6371 7512
f 2742 1317 9713
f 9173 1899 10140
f 778 8408 6712
f 649 4535 8087
f 5473 1027 5475
f 7325 9728 7324
f 7221 4721 6882
f 8015 9786 5437
f 9130 10068 7000
f 4922 7459 7460
f 6311 7291 9944
f 6311 6310 7291
f 8309 10040 7669
f 3465 4298 3464
f 6453 1762 5871
f 1237 1235 3821
f 4955 7928 8203
f 5786 5120 5121
f 9407 5141 10168
f 10037 10199 10093
f 4760 3678 6924
f 408 8478 10192
f 10154 3881 3882
f 5369 4585 1796
f 3115 10020 9573
f 1549 2364 7834
f 5316 9320 5315
f 3041 403 7476
f 3380 3381 7336
f 8253 5041 1234
f 6629 156 6628
f 1730 1051 1052
f 5430 4315 2461
f 3957 9663 3956
f 4722 2163 2161
f 4653 7899 9421
f 9239 9240 8768
f 7293 5171 4887
f 3230 8438 6921
f 641 642 8151
f 8743 5189 9389
f 5135 4827 5137
f 2666 4745 3538
f 4331 2004 4330
f 5153 7337 3307
f 3812 3813 3940
f 10200 10081 6993
f 454 452 9126
f 4596 214 212
f 5589 10152 10149
f 4883 887 7410
f 6033 736 9372
f 6891 7022 3743
f 613 2349 8371
f 4008 9099 7586
f 9330 6158 5151
f 9747 4248 10087
f 2441 3523 3524
f 6725 7008 9100
f 6870 8044 9409
f 10031 9943 6960
f 653 9767 6996
f 8764 1136 7143
f 4665 8266 1239
f 8131 8132 6359
f 9041 1183 3387
f 9203 5734 6696
f 6348 9697 9018
f 5957 9966 4564
f 9453 9561 8475
f 9682 2730 2731
f 9825 4882 10180
f 7092 7128 5891
f 1357 98 2396
f 9560 8493 1108
f 8677 5948 7575
f 9231 8241 8242
f 6995 4334 5042
f 3901 5451 312
f 9267 8052 8053
f 9527 4331 9177
f 5786 7772 9690
f 8952 4341 2382
f 9025 9023 7106
f 1319 4222 1318
f 6963 7479 8333
f 1406 9245 1405
f 2119 3806 8439
f 8363 9034 8860
f 7748 9567 120
f 4274 4275 10102
f 9997 5755 5753
f 7084 9255 7526
f 7245 7229 2006
f 4909 8543 4059
f 1680 5261 593
f 6099 6100 6581
f 9200 3506 9512
f 4934 7977 8799
f 6824 9866 547
f 7096 2346 2347
f 1308 9036 8011
f 1308 9344 9036
f 2298 2296 2294
f 8910 8911 739
f 1107 1423 1109
f 9522 3376 3374
f 4077 6271 4076
f 1210 5869 1212
f 9155 2190 3909
f 6319 6320 9072
f 7256 3077 9160
f 1463 3841 2290
f 3517 6519 3519
f 7944 7974 7943
f 7463 8344 4358
f 7352 10008 4100
f 4356 927 925
f 2389 7153 7154
f 1193 9773 4407
f 5782 1684 7238
f 5938 1097 5937
f 715 2171 2232
f 715 2173 2171
f 8516 8997 7290
f 7413 1916 9762
f 9090 4727 2525
f 5083 5081 4773
f 8345 9417 9418
f 9486 9042 9576
f 7003 646 6592
f 5029 7176 8083
f 6024 9677 23
f 6663 8646 1009
f 11 7533 9003
f 2833 9066 4121
f 7102 10106 5977
f 5468 7196 8320
f 962 2250 6452
f 7086 5622 7085
f 3490 8591 2180
f 2097 739 2098
f 8739 7386 8672
f 531 5256 5255
f 4787 9437 7460
f 9417 8345 7729
f 3400 9585 9720
f 5806 3181 3932
f 9644 9121 9122
f 3947 1494 6769
f 2599 364 9963
f 8953 2245 521
f 808 809 4795
f 3465 10188 4298
f 7402 4153 7401
f 6934 9680 8972
f 9297 6671 2724
f 3460 3379 8968
f 716 9814 1143
f 3232 3233 7129
f 6292 8580 8581
f 1931 1929 9334
f 9562 7626 10184
f 8046 3935 2734
f 782 5037 781
f 9146 5258 5259
f 4811 9254 6067
f 9610 6317 7808
f 9193 3382 9985
f 3518 6987 6988
f 1737 8279 6894
f 4429 985 986
f 431 1133 1134
f 9799 8331 2475
f 8945 8944 9950
f 9972 9443 9578
f 6941 7758 5721
f 10010 5500 7068
f 6392 1915 10112
f 5799 5800 8288
f 7665 135 932
f 5743 5741 7940
f 9757 5032 8935
f 1781 3228 9680
f 9965 3434 5843
f 5396 2845 5689
f 1552 2201 2199
f 9819 10044 9818
f 9250 8648 5438
f 10124 4759 8358
f 9985 9035 1620
f 1738 8861 9913
f 2768 6968 572
f 3632 8928 3264
f 9413 5147 9678
f 9026 5227 6571
f 3718 3577 6767
f 6243 9024 6242
f 5201 9164 7530
f 3589 10061 10035
f 6447 4390 2309
f 5352 8202 9592
f 7871 1139 5594
f 3861 5615 8808
f 5746 9402 10051
f 8553 7987 3703
f 2970 1136 9414
f 1443 1305 1303
f 7218 7773 8958
f 8975 3442 10185
f 4470 8957 2890
f 9493 10029 4051
f 8250 9543 3246
f 2965 933 26
f 8582 6198 6896
f 8582 10053 6198
f 3761 7495 3120
f 6321 9566 9565
f 9279 4497 1006
f 6724 9851 2356
f 887 2106 4234
f 1897 1898 6294
f 8527 3166 7318
f 7581 6913 8066
f 7593 7696 7715
f 332 333 1073
f 8744 5196 1151
f 4478 1209 8300
f 8885 8883 9707
f 5314 5315 7603
f 386 7644 6346
f 3213 2602 2600
f 7569 6789 6653
f 8676 4200 4201
f 3717 5874 8127
f 5843 4720 4721
f 6424 6709 1860
f 8945 2650 2128
f 9619 9926 5648
f 8428 6793 6201
f 8687 6551 4930
f 8422 8423 8218
f 3446 3447 8407
f 2867 2865 5533
f 817 6 9084
f 44 4708 5838
f 6799 7090 6800
f 7409 8763 7927
f 4881 9921 8536
f 9718 8316 4001
f 1070 3416 2701
f 5546 8732 3647
f 6667 6665 9833
f 2002 6327 5841
f 6380 2857 8201
f 494 492 1186
f 551 287 285
f 7971 7972 4051
f 6983 6981 9961
f 5955 7770 6701
f 10122 10155 5579
f 6618 9413 4232
f 1443 579 8205
f 8102 10130 8227
f 8480 2146 3506
f 8488 6235 9615
f 777 778 6712
f 5758 1604 1602
f 5878 3511 5880
f 10168 4602 9407
f 6859 6862 6411
f 6163 1143 9814
f 275 10201 5676
f 8867 4419 3702
f 7100 9878 1260
f 5181 9578 102
f 6308 6875 8947
f 4565 8062 7870
f 1134 8402 2255
f 6205 7172 6206
f 9973 8131 6359
f 8935 1369 9757
f 8045 9482 2927
f 5030 9792 5032
f 5375 4469 8562
f 8132 3588 6359
f 6763 9533 5337
f 9457 8077 4498
f 7478 6062 7520
f 4612 2037 672
f 4250 9429 9430
f 4464 4462 9929
f 9326 4880 4753
f 8974 1082 6257
f 9686 1999 3881
f 5908 9834 9467
f 10154 5017 9686
f 8544 8599 1996
f 6073 5809 8183
f 9511 5831 10186
f 2385 8447 2384
f 6594 6595 6932
f 387 4186 2740
f 9655 8636 10127
f 9881 6746 9840
f 9927 8269 8160
f 2359 7906 279
f 2160 2159 2158
f 7545 8619 7795
f 6600 2750 6111
f 4047 9355 524
f 4248 8763 10087
f 8093 7472 3775
f 9995 8144 3372
f 6761 4828 5595
f 10083 2413 9138
f 10125 9903 9348
f 8272 3093 549
f 9784 10202 9783
f 1171 2359 3863
f 8797 2642 8914
f 2391 3638 7030
f 2003 5267 5152
f 544 542 879
f 10040 9374 9375
f 1870 6029 4504
f 5701 5699 7165
f 10128 2250 3531
f 2875 2876 654
f 8930 5645 6240
f 1438 6116 4558
f 9931 8162 9727
f 10203 9357 7398
f 4785 8678 7022
f 4899 2725 9338
f 1962 8260 8977
f 9221 2901 5981
f 3659 5054 3990
f 10174 8112 3569
f 7719 3895 8940
f 7173 6978 175
f 9190 4327 7084
f 9821 6500 4976
f 2199 2200 8804
f 150 5050 7614
f 1877 4558 6116
f 3310 10121 9627
f 1611 6395 1610
f 829 1929 831
f 8544 8175 8599
f 9695 2354 3508
f 3653 1801 1802
f 3653 9380 1801
f 3015 3151 3014
f 10043 1442 8205
f 8419 9820 7155
f 4613 9109 9091
f 1673 1671 6623
f 9465 2155 2153
f 9881 9056 10165
f 8806 9152 8805
f 2006 7229 2005
f 5021 6881 6052
f 9019 136 4792
f 4007 6527 9099
f 6552 9553 3260
f 8185 9993 9863
f 8185 8186 9993
f 5067 1165 3970
f 2462 1687 9523
f 5650 5771 5772
f 1676 4015 615
f 4759 492 8172
f 9504 10074 10111
f 4175 10139 3783
f 6106 2923 2924
f 1650 8517 2625
f 5151 1156 9330
f 7772 5784 7101
f 412 5674 2439
f 7563 8597 7381
f 6565 7756 10204
f 9135 9136 7776
f 6915 6913 8960
f 1951 9498 9499
f 8174 8173 9107
f 744 8554 8168
f 4252 2599 9963
f 4347 4257 598
f 315 5462 5463
f 1097 1098 3246
f 3035 3036 8236
f 7846 5289 9753
f 8940 4669 7719
f 10035 9927 10066
f 9647 5516 8597
f 9909 4040 2871
f 9699 8636 8431
f 6671 6856 6672
f 8643 7031 5093
f 5423 9716 5425
f 7745 6570 3280
f 1787 9558 9556
f 8212 1425 2369
f 9734 8324 2051
f 2503 3141 3985
f 4905 4906 7032
f 9892 8807 9462
f 6656 9355 6659
f 9567 7748 7749
f 1892 944 1891
f 10157 6500 10160
f 2481 206 3138
f 2811 2442 6854
f 6240 8386 6320
f 4920 2183 1824
f 6988 6688 3007
f 6988 7749 6688
f 9519 5309 8088
f 8822 10036 9480
f 8142 5391 4790
f 1157 3130 9887
f 5891 5892 7348
f 2455 381 6742
f 5079 180 6121
f 5869 1210 2307
f 337 1450 975
f 9348 2723 10125
f 2441 7047 2440
f 2795 7809 8873
f 1765 1766 468
f 2402 9852 1063
f 8017 4190 8723
f 8613 10132 9437
f 5951 9731 5950
f 5511 8318 7307
f 7846 5290 323
f 9853 1717 8683
f 5647 8930 8929
f 6227 9875 9876
f 2290 3840 6153
f 7110 6705 4978
f 8194 9988 5509
f 6475 4437 5062
f 5392 703 33
f 2441 2442 3523
f 8986 6484 7927
f 8002 8317 8031
f 6824 6822 9866
f 7938 9850 9860
f 5114 6276 6277
f 7858 7689 7462
f 5097 2143 4133
f 2191 7876 10187
f 6338 439 437
f 2834 4728 9907
f 1947 3137 1949
f 8203 9592 8202
f 3090 9666 3091
f 4222 6270 9441
f 2257 1127 1128
f 6421 8460 1269
f 7093 9237 9238
f 3894 3291 3167
f 6682 3789 3790
f 5870 9712 3599
f 4728 2832 4727
f 3765 9918 1561
f 7801 7924 5644
f 4442 8476 8474
f 8210 6341 7040
f 99 1705 1706
f 3062 9663 3061
f 148 3556 9404
f 375 9996 374
f 1165 5068 1164
f 7677 8695 3954
f 9541 8653 9813
f 9252 4743 4853
f 3591 8381 9009
f 1194 3495 4323
f 2477 7274 8098
f 4630 1446 6206
f 9896 10016 697
f 2902 754 2901
f 1921 7923 9564
f 5112 7706 9718
f 9381 8873 7809
f 9134 9381 7809
f 1152 5819 5820
f 2971 6078 2972
f 10205 10098 9575
f 8225 5393 5144
f 9452 6860 5648
f 9205 7617 8575
f 6340 8881 6339
f 406 3351 7820
f 1793 1791 9125
f 6662 1007 7856
f 5625 3251 3252
f 17 2983 16
f 9879 6086 10010
f 9857 9978 4634
f 4696 7262 3610
f 5847 5845 9334
f 9125 3554 8373
f 655 653 63
f 1534 8927 3614
f 5738 5736 8979
f 6401 8621 6400
f 826 1820 8237
f 6187 2739 6186
f 9808 8368 9807
f 7819 9675 7113
f 1326 1524 1812
f 8373 3554 48
f 548 5284 118
f 10146 5351 9368
f 2475 8331 9426
f 5390 2866 2867
f 5602 2585 4613
f 9809 10107 9667
f 4794 4795 4309
f 6252 5981 8003
f 9482 9483 2926
f 9718 4001 4002
f 407 10192 8477
f 10206 9700 7931
f 7336 7337 5154
f 8569 9645 8570
f 8940 7856 8939
f 3595 3721 3594
f 1548 9722 9278
f 9248 6353 10158
f 9563 4948 6303
f 10188 309 2028
f 9216 6451 973
f 9216 3971 6451
f 3347 3345 6267
f 9017 3927 7363
f 3820 1501 7212
f 1723 4652 9898
f 2965 3560 6246
f 5811 9341 3247
f 7088 7177 7089
f 7259 3039 3037
f 5893 10206 7932
f 5258 2874 7192
f 1312 6097 1314
f 5437 9786 10109
f 1118 1078 1074
f 5164 3632 3633
f 7602 7603 5315
f 558 3769 7519
f 488 4156 487
f 10006 9527 9177
f 6253 9812 6252
f 5947 438 5946
f 3166 10207 3165
f 4032 2456 2639
f 9456 8965 9986
f 9043 5055 8996
f 6276 5114 5112
f 9721 9720 9585
f 9616 7594 7595
f 10007 9483 6886
f 6956 9569 6955
f 7472 5322 5323
f 7472 8092 5322
f 10193 1140 1141
f 9577 8909 8907
f 10127 6550 7306
f 7442 805 806
f 6993 6992 10208
f 7209 4706 6350
f 9257 4304 9059
f 8462 8548 3073
f 8201 6430 4254
f 9316 10136 9408
f 6555 3949 3950
f 3234 3682 5413
f 2258 2259 9198
f 8751 8831 1813
f 8751 6075 8831
f 8685 6584 6585
f 9987 5306 3014
f 7956 7105 6243
f 5136 6481 5135
f 2070 9077 2987
f 2427 1615 1616
f 10105 7282 2114
f 9496 9192 9387
f 4309 7332 4308
f 7811 1994 9407
f 9386 7255 9244
f 6549 6980 6548
f 1158 506 6419
f 2632 3688 1242
f 5866 10001 5867
f 3569 3567 10174
f 10025 2701 1102
f 8044 8689 2765
f 9765 7028 9764
f 8882 8675 2137
f 5790 8213 5792
f 6028 6029 1870
f 3387 1183 1181
f 4288 1646 980
f 10209 7572 10210
f 5309 9178 8304
f 1721 7542 1720
f 7161 1762 1763
f 7798 5943 5919
f 2556 9693 7133
f 9312 8925 9887
f 3567 6931 10174
f 8640 10211 5773
f 5768 5769 177
f 928 6283 930
f 6897 2034 8319
f 2696 8618 2695
f 5487 2385 8170
f 8637 7760 6791
f 9551 4942 9501
f 3528 3526 9937
f 6812 8952 2937
f 4342 9602 9552
f 2698 1288 2700
f 1297 10058 9346
f 5550 6689 7748
f 3718 6767 3717
f 5938 8525 1224
f 7160 5413 5414
f 1651 1652 4185
f 8741 8742 9515
f 7564 8268 6930
f 75 6950 7079
f 707 3812 8702
f 7567 6373 7491
f 8079 8809 5615
f 3291 7719 3293
f 4979 7563 7381
f 851 9733 3545
f 4190 8264 3225
f 4450 2002 5152
f 4339 639 640
f 1393 10045 4020
f 2489 10038 2488
f 8111 5910 7900
f 1820 3400 3401
f 2616 9445 2615
f 4996 9340 9485
f 6875 6308 8415
f 2126 5481 2128
f 3984 2461 2462
f 7930 8085 9106
f 7151 7003 8234
f 3948 9766 6765
f 8893 9545 9546
f 946 947 6921
f 2642 8797 9112
f 6853 2440 4597
f 434 6975 436
f 3334 8244 3336
f 9269 3445 3606
f 10014 8546 4841
f 8963 5169 5170
f 3787 3785 8942
f 9749 5483 9751
f 3584 8906 9397
f 1995 407 8477
f 6702 7158 7849
f 3950 3951 9075
f 7037 3787 7077
f 4764 9804 4763
f 9856 6815 183
f 4141 7679 6474
f 5700 7914 2500
f 2420 7407 10099
f 6158 2955 8197
f 6291 4602 10168
f 829 5847 1929
f 9890 9839 7725
f 7871 8526 6754
f 4576 4386 4489
f 4990 3367 3368
f 5625 4273 3251
f 1411 1412 9734
f 2080 4466 3208
f 3166 8527 10170
f 9180 5691 5692
f 1349 8109 5604
f 5838 4269 6032
f 7392 9118 9912
f 5315 5867 7602
f 3128 10210 7572
f 10042 8488 10103
f 7466 2875 6945
f 5537 4645 2551
f 247 3740 3534
f 9734 9443 9972
f 977 9840 6746
f 8692 9975 6892
f 8745 9389 4534
f 2830 2831 6811
f 3298 9121 3299
f 5349 4164 10015
f 4942 9366 9365
f 7298 2661 7299
f 3262 9908 3261
f 9360 4104 7400
f 8501 35 2429
f 2838 7586 9099
f 6502 5029 1365
f 6502 7176 5029
f 2957 4250 2959
f 1000 7869 4691
f 7387 9186 6478
f 5053 460 4559
f 1564 6994 4037
f 5686 1431 1429
f 6124 2341 8510
f 9465 3283 1504
f 10081 10209 10212
f 6327 8486 8986
f 1741 6186 1740
f 3684 1444 1445
f 4448 4449 8486
f 3327 2234 2235
f 3765 8717 10213
f 6255 6253 6254
f 7697 209 550
f 1712 9927 10061
f 9571 9572 7712
f 9179 984 330
f 7379 2969 4041
f 10214 2034 4450
f 9136 7809 7810
f 6525 4436 4435
f 6525 6526 4436
f 8319 2035 2050
f 5256 531 8843
f 9625 1968 6921
f 7555 7786 7554
f 287 551 5718
f 6551 1692 9553
f 7687 1040 4634
f 470 8037 8365
f 7839 5092 8760
f 9967 6573 3918
f 4207 9590 9778
f 4207 9906 9590
f 10215 5015 9900
f 8662 2345 2346
f 8802 6870 3809
f 8044 2100 9409
f 9119 4663 2412
f 5800 5798 9831
f 5975 7102 5977
f 2123 5911 3833
f 7296 727 1344
f 5703 7949 5704
f 4979 7541 3541
f 7023 3475 4691
f 8923 8924 9622
f 8735 8310 5596
f 8102 8226 8101
f 6530 5514 6532
f 4068 6372 4067
f 7145 7501 2005
f 8700 5878 9065
f 7995 7996 8548
f 6366 8573 9165
f 7466 6945 5184
f 10062 7979 6834
f 62 1988 9147
f 3134 1550 9278
f 5013 9847 769
f 8440 8441 10197
f 9979 2234 6588
f 8807 8805 8167
f 6572 3917 3918
f 2813 1781 1782
f 1673 5649 4657
f 4524 4573 8234
f 10175 10083 9138
f 9232 10216 7437
f 47 48 1246
f 2033 8956 2032
f 8628 5146 6618
f 3297 3295 7931
f 9213 8991 9920
f 9832 5904 8914
f 2297 8887 2299
f 9800 9113 6818
f 6477 1115 8811
f 8904 5561 8932
f 5163 5160 10043
f 7503 9318 7502
f 8277 6071 2894
f 4401 2751 6924
f 6014 3771 354
f 7473 9583 3539
f 7473 7471 9583
f 9357 10203 10217
f 8533 9364 5477
f 4597 4598 6853
f 4838 8802 9050
f 1783 6213 6211
f 5188 8103 9085
f 648 10026 8083
f 4674 5121 9805
f 5983 5984 8176
f 7149 9143 7843
f 10095 1809 5006
f 8871 6228 8021
f 8199 9746 6427
f 1084 8825 1086
f 1822 1823 8194
f 3636 8033 415
f 3785 8877 8664
f 1658 876 4695
f 475 4386 477
f 2938 6811 6812
f 2234 9979 2236
f 2026 2027 6594
f 6795 6162 5204
f 7844 1046 22
f 4019 10045 6909
f 5440 5441 5934
f 2225 2226 5040
f 9240 1576 8767
f 5160 5161 7688
f 7467 4034 7469
f 7464 4606 2613
f 9966 5957 9541
f 633 5342 7481
f 7535 7534 8503
f 6794 9671 4273
f 5858 6230 9632
f 2711 4201 1656
f 375 5989 9464
f 7566 7456 6710
f 5982 5983 1572
f 4664 5638 2366
f 6781 7624 9535
f 5524 5525 1457
f 1004 4211 4212
f 3509 5120 6787
f 8283 8794 6043
f 3590 2016 8980
f 631 629 10193
f 6359 3588 5328
f 1593 6305 2291
f 128 6095 6403
f 8345 1820 824
f 4763 9803 4765
f 7583 7357 8221
f 6711 6712 8887
f 8858 9344 9342
f 8356 5312 8355
f 5116 1919 10177
f 3739 4704 5690
f 2094 2095 7899
f 8005 389 8007
f 9800 9112 9113
f 9597 7766 9048
f 5712 7961 5711
f 1718 2236 9980
f 452 9005 2358
f 2568 1515 8824
f 9353 8322 2968
f 6320 8387 8149
f 8908 9976 5453
f 9883 10048 6879
f 2491 9385 4238
f 6155 10109 10070
f 1261 3503 1263
f 9806 156 6629
f 6633 6296 5225
f 4870 8789 3870
f 7164 6388 4501
f 7164 4420 6388
f 9025 9006 9024
f 10195 7968 9967
f 7967 10195 10191
f 1793 7044 9933
f 7952 6080 7682
f 4256 6349 6108
f 9753 9058 7846
f 3439 1364 1362
f 6562 1605 8870
f 2995 1034 8093
f 7118 1170 3863
f 7790 8484 7882
f 8263 8003 754
f 9186 10123 1307
f 9905 8404 2545
f 7755 7756 6566
f 8211 4402 7935
f 8236 3036 4545
f 2854 1671 9277
f 8784 726 727
f 9710 2966 7433
f 9442 8300 6219
f 859 10117 10118
f 5383 5344 9911
f 9948 10091 4521
f 4890 7309 7308
f 2881 2882 9069
f 2136 2137 8675
f 5849 4066 8522
f 2033 8862 8956
f 10005 2121 9969
f 8281 1850 1161
f 10004 10107 3820
f 5304 2175 8013
f 5236 8473 8474
f 5859 6230 5858
f 3296 6802 9155
f 1712 10061 1711
f 1950 3778 1952
f 1865 8920 5696
f 5043 7588 5045
f 2379 4499 2378
f 5629 5630 2076
f 10163 8405 9066
f 4862 1615 5698
f 5406 8810 4988
f 6495 9433 6494
f 7390 7442 5474
f 2713 10022 8363
f 10030 10125 2723
f 9153 8167 8805
f 2622 6670 6669
f 2622 3883 6670
f 5512 9528 4411
f 1860 7615 10079
f 3752 7818 9513
f 9430 9722 1548
f 2245 9667 10147
f 4019 6171 6562
f 9103 272 8192
f 9607 9320 9609
f 5593 9941 5683
f 7548 7449 8456
f 7501 2004 2005
f 7997 9079 10138
f 9502 8560 8561
f 6521 2064 9572
f 2114 3796 10105
f 2663 1621 1819
f 7755 10084 7754
f 46 4927 8372
f 6278 9634 6277
f 8312 5803 9822
f 2037 7298 8150
f 3104 3105 6323
f 9876 8321 6226
f 8506 8768 6185
f 8598 2441 3524
f 7006 5840 1287
f 5494 7661 9317
f 3862 9053 10022
f 1910 2742 9713
f 9872 8368 9808
f 8137 5409 6157
f 5946 10128 3529
f 10050 3038 7569
f 5331 227 7676
f 2427 9842 9370
f 10094 7009 10129
f 10217 9564 7923
f 8677 6216 5948
f 3961 3959 5822
f 7526 9255 9570
f 5016 10154 8122
f 653 6996 6997
f 9416 444 5130
f 2256 7104 9790
f 4697 1058 9137
f 9731 7329 2390
f 1443 7007 9983
f 10018 9864 1431
f 2262 9996 7012
f 45 383 44
f 6915 8054 7170
f 9591 6509 6354
f 10187 3909 2190
f 7520 8077 7522
f 10110 10164 10197
f 8005 5735 4185
f 4808 10108 9807
f 6681 7428 6683
f 3520 1340 5991
f 6534 5731 5729
f 9912 6140 1890
f 8627 2428 1616
f 1759 7090 4344
f 9841 9840 8934
f 8705 8427 9874
f 5081 8847 4773
f 4846 1135 8764
f 8785 8663 8664
f 7257 7258 10064
f 7335 9230 5504
f 4528 4624 4219
f 524 8722 4047
f 9138 9117 10175
f 10218 9784 9830
f 3954 8695 7113
f 63 61 7509
f 10131 2540 2279
f 8882 8881 8675
f 5772 7264 5650
f 7171 3951 3949
f 5772 5773 10211
f 8845 8737 9085
f 9924 1662 1663
f 569 8394 9167
f 6966 9526 9607
f 5137 4827 9363
f 10164 9853 9410
f 6082 6126 2976
f 9017 9696 3917
f 3679 3680 9166
f 9661 9349 9288
f 7996 7997 10138
f 1302 9879 2799
f 7938 10110 9850
f 9260 7982 1298
f 4115 4116 2510
f 9947 10148 2055
f 9653 6732 7486
f 1614 9371 2748
f 9985 7376 7652
f 7847 6963 8333
f 3397 7393 5717
f 8877 3786 9497
f 9703 8610 9824
f 5312 4581 8355
f 4531 6655 6436
f 5882 1502 1500
f 46 8372 48
f 4949 1176 3496
f 9366 2904 6517
f 463 2827 9957
f 10024 3968 3966
f 5786 5121 5785
f 1381 1379 1922
f 2301 1130 1543
f 7999 10084 10207
f 9460 9951 9197
f 3745 2446 6645
f 7407 2420 3157
f 1260 6405 1259
f 1999 1997 8692
f 5879 9377 8326
f 3593 7670 3223
f 10161 6256 9912
f 7614 7613 2139
f 7878 3970 8207
f 9117 9634 9660
f 4179 2957 2958
f 6392 6393 1918
f 9581 8251 5884
f 6208 3253 2516
f 2800 2729 1301
f 8879 9107 6898
f 9513 1005 7672
f 1818 8349 1817
f 8798 5905 7773
f 7352 4100 166
f 524 9355 4382
f 7811 5149 8177
f 7810 2795 8185
f 7162 6941 6939
f 6214 2947 2948
f 793 6214 2948
f 4442 5926 3358
f 1189 3936 6687
f 4241 7396 5183
f 10077 2055 3485
f 9477 3539 9476
f 8063 9798 1482
f 3160 4036 8308
f 4418 8470 9891
f 1721 1722 8973
f 7576 7577 8137
f 9782 4415 7901
f 3285 9931 8455
f 8271 9746 9729
f 3591 9163 7331
f 6433 459 7759
f 6433 458 459
f 3217 2762 2760
f 7723 8026 8027
f 2866 5390 3297
f 4831 9562 9453
f 7904 5322 6554
f 841 5862 6093
f 1666 8620 7723
f 5881 8317 8263
f 7095 359 2346
f 8576 2404 4847
f 8876 1650 2625
f 1690 1691 7872
f 6150 589 1517
f 10178 4108 8688
f 5928 6049 5927
f 5611 5610 7321
f 8811 298 9591
f 5652 5650 7264
f 5570 4213 4281
f 5674 7944 2439
f 5348 5349 10075
f 5522 8160 8269
f 1944 4742 4740
f 6782 3006 5551
f 8088 5309 5310
f 2235 5241 6519
f 8145 9016 2096
f 9178 5309 9519
f 8934 977 1450
f 5149 4603 420
f 8707 1770 8498
f 9033 4688 766
f 3795 3796 2114
f 9215 290 4956
f 4284 9588 6396
f 7107 2833 2834
f 9875 10088 9060
f 9875 3051 10088
f 27 6772 29
f 1798 1799 8321
f 4996 4994 9340
f 2149 2290 2148
f 4229 6886 1456
f 4282 7760 7761
f 10172 970 1954
f 4934 3355 5854
f 4251 9431 9429
f 698 7841 697
f 2278 2279 9862
f 3432 3433 7603
f 5918 8614 5630
f 8783 6265 5417
f 4742 1945 3871
f 8872 9520 4102
f 8199 8200 9970
f 4389 7786 7555
f 4389 1526 7786
f 9800 2642 9112
f 1093 7976 1095
f 8920 7441 5696
f 5197 8744 9635
f 897 898 129
f 4049 3098 3099
f 9964 9920 9742
f 299 9866 6822
f 5521 8269 7098
f 1312 6068 7075
f 6921 8438 9625
f 7890 9481 2389
f 8841 7927 6829
f 9715 8388 9714
f 4462 4463 8614
f 6118 7067 853
f 10080 2301 6693
f 4871 3758 7886
f 10066 9927 8160
f 3897 4239 1753
f 6284 3376 6286
f 10196 7843 9143
f 7165 5699 9154
f 9746 7324 9728
f 2771 2206 9956
f 2771 2205 2206
f 9584 1528 4679
f 3848 9646 3850
f 10067 9739 1267
f 7377 9265 4367
f 9219 6018 9218
f 3343 6109 5802
f 8649 8605 584
f 8940 8138 8445
f 8030 3338 9874
f 4685 6720 4684
f 2392 8682 2391
f 9135 7776 9233
f 7902 9246 9247
f 5924 8701 5923
f 8268 8267 6931
f 10181 1094 1095
f 2166 2167 5643
f 2101 3809 9409
f 9450 9399 9182
f 3706 4319 3705
f 4753 7964 4003
f 9627 9617 9615
f 3774 9040 3773
f 457 9093 5108
f 8562 8563 10012
f 10117 8074 7041
f 10117 859 8074
f 6545 6706 8960
f 6502 1365 1557
f 5510 6550 9699
f 6660 10163 7728
f 7460 9437 10132
f 1370 8317 5881
f 7782 105 2312
f 9750 9751 7877
f 6935 2008 4072
f 4570 7284 4590
f 9843 9707 8513
f 5959 5960 5986
f 5898 630 2686
f 9322 10069 7619
f 9480 8126 5654
f 9193 9985 1620
f 3350 6271 2018
f 102 9578 9443
f 5436 5437 9210
f 9964 8803 8536
f 1331 6749 9411
f 7398 2986 5829
f 3731 8007 3730
f 9153 8805 9152
f 3130 8450 9312
f 9995 9143 9082
f 2190 9155 6266
f 8271 9729 8220
f 9701 8919 7069
f 10152 3596 3594
f 5831 5829 2987
f 5107 8983 8051
f 1705 99 100
f 9208 1870 1871
f 4993 9056 9840
f 3479 3656 7651
f 5189 7343 3872
f 9904 5031 9905
f 506 504 2
f 5550 7748 120
f 593 5261 595
f 6989 3220 4633
f 3364 3362 8518
f 3790 9211 7084
f 9062 2710 10180
f 2731 8306 6587
f 5355 8664 8877
f 4602 6291 4601
f 6570 3477 5681
f 5002 5495 5702
f 9627 9628 9984
f 6508 10062 6834
f 7206 8567 9845
f 5917 9929 5918
f 5721 7758 1125
f 6102 5791 4981
f 7672 1006 4497
f 4283 2166 5643
f 4831 3101 7626
f 3186 3286 3287
f 7449 7450 5896
f 8901 1287 5840
f 1340 9268 2664
f 9491 9184 6486
f 73 7430 75
f 8791 6620 10034
f 7973 10204 7756
f 3726 5429 7303
f 2041 9954 4871
f 2721 8021 2720
f 9171 638 5172
f 10013 10014 4408
f 4490 8782 4491
f 9789 2710 9062
f 5848 377 7090
f 6616 6617 7041
f 4884 4851 6183
f 4205 4203 9690
f 4463 9801 9815
f 1791 4082 3333
f 9190 9706 4327
f 4576 2562 477
f 9331 4738 178
f 9326 9787 9061
f 6399 6400 7609
f 9379 3395 6205
f 9358 7147 9327
f 3668 3430 3431
f 355 2932 8042
f 8296 9863 8947
f 3101 4831 3100
f 8899 7312 1462
f 2802 2803 2527
f 10057 7727 9962
f 7634 9791 10179
f 8382 3839 657
f 6630 7730 4218
f 102 1257 104
f 4322 4559 9603
f 5425 9323 4910
f 945 8988 947
f 3053 5563 5564
f 7886 7062 3547
f 9665 33 31
f 1181 5302 3388
f 3030 7936 6778
f 5328 10066 5330
f 9148 10078 3783
f 6353 6351 10158
f 3555 9894 1245
f 2765 8689 7705
f 1827 7175 7657
f 2142 3740 9677
f 9470 9471 6830
f 7462 7689 9448
f 3928 6604 8541
f 8380 5783 7345
f 9631 2812 5857
f 8042 72 3081
f 7507 7508 2646
f 7145 7146 7334
f 4869 3870 6668
f 743 6092 5860
f 7536 9565 2077
f 9468 2781 7925
f 8539 9416 8538
f 7128 6932 7127
f 1868 1869 4353
f 6456 6454 2979
f 9367 4151 4152
f 9792 8161 9374
f 4758 4759 8172
f 4261 8549 4500
f 10107 8337 449
f 307 2027 309
f 4926 3385 4998
f 3623 1041 5108
f 1618 1619 7974
f 7033 5518 5897
f 1508 1509 4256
f 8941 246 244
f 584 585 5024
f 8886 1090 5155
f 7718 7719 4669
f 8534 3010 8532
f 1786 1784 9279
f 4466 2080 4465
f 8195 5311 5312
f 9012 7542 3917
f 2207 7399 1256
f 9917 9368 5351
f 8481 3507 8738
f 5646 5647 10219
f 8781 4740 5818
f 9501 2370 5950
f 1706 1704 4520
f 9975 7192 3152
f 2162 2163 4175
f 4406 9773 8024
f 7260 3039 7259
f 6971 1184 5410
f 1283 9496 1286
f 8834 4365 9606
f 4939 4937 5554
f 1799 8019 2721
f 10028 6154 6729
f 4046 1282 4048
f 7123 3525 3523
f 10000 8101 6830
f 10145 10206 5893
f 7357 3396 3394
f 6932 7128 9238
f 6580 8100 4953
f 9666 9131 3091
f 1477 3417 1476
f 9389 1174 8949
f 4163 285 286
f 8552 9006 8595
f 5906 9274 8417
f 5844 8982 8983
f 2920 8491 8228
f 6136 8792 6138
f 6155 9210 10109
f 7983 9361 9854
f 4464 5095 2616
f 1152 6833 1151
f 9914 499 9915
f 8753 7847 6951
f 2675 7427 9120
f 1717 9853 10164
f 3758 9460 3760
f 4448 6327 2002
f 9929 4462 5918
f 6558 6557 8048
f 5481 8945 2128
f 430 428 6797
f 5500 6086 2179
f 924 6758 10015
f 1534 3612 6778
f 5967 8180 5966
f 9452 9321 6862
f 9452 10057 9321
f 9175 5789 5787
f 7510 3544 634
f 10140 1899 1900
f 859 857 2809
f 6258 6402 3302
f 9662 8515 8514
f 1871 3791 1394
f 9457 7584 7522
f 3189 214 4596
f 120 3024 9276
f 6846 8167 9153
f 3201 4749 9810
f 7221 5843 4721
f 10189 7706 5112
f 5996 5997 554
f 2789 2020 2791
f 9969 7511 5427
f 4369 9848 3219
f 2472 3639 5805
f 1861 1903 1863
f 3734 3216 7515
f 8944 4217 6080
f 3790 3222 10101
f 2280 4277 2279
f 9556 7764 3903
f 1232 6999 485
f 6082 4297 6083
f 4278 10131 4277
f 4247 8986 4246
f 1599 8935 6620
f 8102 9775 9776
f 319 8478 321
f 6507 551 285
f 6507 6834 551
f 8373 1793 9125
f 1065 1063 9877
f 8662 2346 360
f 2135 9798 8061
f 7720 9739 7515
f 10095 5006 8991
f 9978 7247 7248
f 3405 9349 3404
f 1689 3207 4161
f 8395 10017 8254
f 4589 4587 8809
f 6512 10098 10205
f 4118 10116 423
f 6930 101 7564
f 1057 2365 2910
f 2489 7635 9961
f 7000 362 1075
f 1601 5151 5409
f 8496 2413 2414
f 5949 6216 1713
f 2663 8966 7134
f 8504 1092 8505
f 3503 12 3502
f 3091 9130 1077
f 5900 9925 1663
f 8212 2369 8214
f 169 8158 6643
f 9311 8924 8925
f 8656 8750 9694
f 8396 1020 1021
f 1863 1903 9381
f 8213 8921 5792
f 7375 7376 3382
f 4557 9570 6790
f 7586 2992 9545
f 257 3958 5164
f 4984 541 8222
f 2841 3215 2840
f 2924 8203 7928
f 2600 7320 3213
f 6883 7220 6882
f 4800 2465 4799
f 1795 7587 1794
f 9573 9761 4187
f 3190 9414 5856
f 2083 4112 2541
f 4127 386 384
f 6135 5910 8111
f 6737 4280 9217
f 8595 6278 8594
f 1370 1368 4001
f 7835 7838 6332
f 4151 9367 4869
f 7388 5491 6478
f 988 6177 4582
f 3773 9994 10087
f 8960 6706 6707
f 8659 2101 4317
f 6236 9308 6235
f 9993 6307 9863
f 664 662 3165
f 2964 884 7665
f 9360 586 2692
f 160 4861 4286
f 6572 6573 7458
f 10145 10146 10206
f 5971 3803 2042
f 1118 1119 456
f 6409 8086 10070
f 4291 4561 7273
f 8491 905 8228
f 4772 5936 4771
f 3612 6777 6778
f 2099 7277 2101
f 5631 1896 4770
f 9155 9569 7596
f 7464 3272 4606
f 8192 7682 4218
f 3213 7320 9242
f 925 8969 4356
f 1954 970 1094
f 10007 1013 4926
f 8525 5938 10041
f 1663 1664 6954
f 432 10181 1095
f 8664 5901 3785
f 4304 9257 4306
f 6636 530 6637
f 7891 867 640
f 7589 6506 8615
f 4231 6431 4230
f 2332 3463 10092
f 4944 9481 9105
f 9314 7191 8837
f 9168 8414 8412
f 10038 2489 9977
f 1337 2934 5429
f 9256 4627 2919
f 9723 5745 5746
f 7060 6005 7059
f 8848 5986 8312
f 1569 2808 1568
f 6889 297 298
f 8907 8794 9577
f 9307 3047 8882
f 4145 9933 4147
f 7263 4601 6291
f 7688 10144 5160
f 9159 482 56
f 8993 5782 6774
f 7668 9376 5774
f 7434 10096 10097
f 2785 1085 4793
f 5468 5469 4849
f 4647 9684 788
f 9697 6349 4256
f 6006 3168 6173
f 6254 8032 7706
f 7193 9104 2249
f 5277 8719 4433
f 9783 2775 2773
f 4290 9996 9464
f 9781 9968 7988
f 3376 9522 6286
f 124 5071 9194
f 5892 7126 1221
f 3238 9270 3837
f 7483 7730 7731
f 9104 5797 5795
f 1370 4001 8316
f 9804 8140 9803
f 6845 3178 2419
f 8452 6954 1664
f 9932 7213 9658
f 1119 1075 8801
f 9234 2358 9005
f 9117 9138 9139
f 2620 5597 4829
f 4108 9243 4107
f 4108 9790 9243
f 10021 7437 10216
f 10139 3782 3783
f 2987 9077 9339
f 7385 4422 8574
f 5107 5105 5844
f 4481 2769 2770
f 9811 3372 9869
f 9116 7812 9115
f 6665 9035 9833
f 3448 1384 9802
f 7866 3076 6736
f 9958 7305 8170
f 7752 8532 9671
f 9809 10108 10107
f 7696 7594 9916
f 8538 8854 8540
f 10058 3099 8789
f 2990 3571 1014
f 7702 5343 7701
f 10151 7767 9974
f 5550 5551 6689
f 4014 5149 418
f 6752 6753 6958
f 10059 2725 9902
f 5313 836 3421
f 10220 10221 7185
f 5301 6719 5303
f 536 3675 538
f 10141 10202 10218
f 6729 6154 10070
f 9697 1509 1510
f 5308 8304 7910
f 7542 9012 1720
f 9195 9407 1994
f 8867 6414 8868
f 5831 9217 5830
f 9619 9500 4685
f 7717 7872 8646
f 8896 8490 9185
f 10093 4767 4768
f 9268 1340 3520
f 9465 2153 9727
f 612 613 8371
f 9440 1495 7945
f 2521 8913 5997
f 1107 1108 8493
f 8977 8671 10208
f 4436 6526 2500
f 10135 4053 7257
f 2138 3478 6811
f 7246 10006 7383
f 10087 7409 3772
f 1891 7736 10161
f 3311 3309 10120
f 7189 7190 9298
f 3596 10136 9316
f 9322 7619 7620
f 3758 4871 9954
f 10090 5256 8843
f 10 3502 12
f 8512 9295 9568
f 6126 6082 6995
f 5812 8244 9341
f 5025 4946 3768
f 9644 3299 9121
f 9644 8482 3299
f 412 2438 9744
f 5078 738 8911
f 8633 4961 1216
f 9686 3881 10154
f 8333 8428 7847
f 5161 5162 8838
f 5987 6099 2609
f 782 7643 5037
f 427 7159 2831
f 8670 9084 7403
f 4944 2389 9481
f 9185 8490 3270
f 9662 5857 2810
f 876 453 454
f 9670 7586 9545
f 868 869 8597
f 4218 7730 8192
f 8532 4272 9671
f 9881 1289 6746
f 3127 4766 9858
f 976 339 975
f 1846 2557 2558
f 7529 1117 282
f 330 328 9180
f 7134 8967 2556
f 9292 8019 8261
f 6253 6256 7736
f 6989 9567 7749
f 3939 2820 2821
f 3971 461 3973
f 3748 5198 3750
f 8480 7558 2146
f 6608 2356 2357
f 10024 3966 3981
f 5099 374 9711
f 4204 4205 6828
f 9849 8441 8442
f 4249 9741 8795
f 6437 3826 3824
f 5586 8543 4909
f 9898 9663 3957
f 1183 9704 7036
f 617 7607 619
f 5867 10001 10063
f 9444 8984 8505
f 6814 8829 9053
f 5737 10156 10157
f 2020 2789 2019
f 4596 212 4068
f 8787 8788 9846
f 10144 1442 10043
f 2282 8707 2281
f 9702 6306 9903
f 7548 8456 5060
f 3782 10139 4947
f 9788 9062 9061
f 7126 5892 5890
f 10030 2723 6672
f 2809 1568 2808
f 484 8017 7059
f 183 3455 9856
f 8607 198 5063
f 7579 6544 7581
f 6068 7076 7075
f 2184 4767 2186
f 4817 4818 9838
f 3232 7532 3231
f 2615 9445 8307
f 6843 6844 7380
f 9347 2919 2918
f 8863 8864 3737
f 8310 9327 7148
f 213 7489 7512
f 5093 7031 3940
f 9782 7901 9831
f 2310 8105 5730
f 2310 2311 8105
f 9613 5666 8136
f 9613 9393 5666
f 7990 1988 4081
f 8278 2863 1573
f 7060 3168 6005
f 5488 4088 9151
f 3226 8007 3731
f 2143 2141 4133
f 2828 3367 5347
f 2075 8950 5532
f 3142 8757 3398
f 8091 3043 5393
f 9893 3555 9649
f 9789 9062 9788
f 6951 6952 5530
f 10095 8991 8992
f 4646 8506 1741
f 10064 9990 9991
f 772 5359 771
f 7292 7331 7293
f 8672 3259 3257
f 1062 8814 4782
f 10181 1955 1094
f 9319 8776 6411
f 7245 4796 4743
f 2904 3582 6517
f 4561 4289 1554
f 5473 5474 7442
f 4141 561 559
f 5113 10189 5112
f 4105 7685 10020
f 7148 3865 3866
f 8641 9989 8687
f 2052 9199 4920
f 2909 3060 321
f 1165 1163 3969
f 6671 2723 2724
f 10103 9675 10104
f 7125 2027 307
f 9928 3898 7085
f 1834 8756 8754
f 7884 3627 3628
f 8264 3224 3225
f 4798 8287 4797
f 8265 9422 4844
f 9667 10107 10147
f 9455 7273 4561
f 3405 9287 9349
f 7808 6317 3507
f 8835 8836 7981
f 3953 9449 9032
f 9837 2351 9839
f 6637 530 2781
f 1153 9845 8073
f 8414 9168 8408
f 9815 8950 4463
f 8054 8055 3951
f 3018 3019 8338
f 7204 8094 2596
f 1287 8901 6747
f 7685 7683 9761
f 7923 5117 8611
f 8630 6945 6946
f 3865 9184 3867
f 7280 9434 6949
f 7757 8495 1202
f 6889 6888 297
f 8963 8964 7309
f 391 5583 8688
f 5508 6142 9971
f 5732 6718 6643
f 1964 8977 6992
f 4198 5005 1247
f 7309 4890 5169
f 9883 9736 3176
f 9938 7480 7708
f 2986 2987 5829
f 10101 9211 3790
f 1728 9870 487
f 1616 1617 4142
f 8030 9874 8427
f 7511 9555 5646
f 3789 6683 7428
f 3789 6682 6683
f 5682 7799 9623
f 6508 6822 10062
f 1232 1233 6999
f 9569 6956 7598
f 7530 282 283
f 10104 1065 8489
f 8217 5803 8312
f 4959 9415 4958
f 9775 8100 6580
f 8704 8249 3175
f 9950 3097 8945
f 5230 5231 4659
f 7595 7715 9449
f 7801 5644 9089
f 6483 8486 4449
f 1223 3562 4187
f 9470 6831 9390
f 8901 8902 6747
f 2876 9768 654
f 9774 9183 8315
f 6856 6671 7543
f 3355 3353 4877
f 6927 7783 6926
f 9852 6237 9877
f 9852 6236 6237
f 5753 5754 7301
f 5518 7033 9226
f 2557 9693 2556
f 5351 10145 5353
f 9269 6717 3445
f 10183 10176 4854
f 2428 8627 9769
f 8321 9060 8671
f 7044 1793 8373
f 7448 7548 6470
f 5064 3621 8607
f 9962 9609 9321
f 9361 6249 1020
f 8688 5583 10178
f 9508 5017 5015
f 1694 6551 9989
f 926 1126 1127
f 8957 8761 2890
f 4058 2566 4848
f 8332 2790 6789
f 5738 8302 8303
f 981 5776 6169
f 1946 1405 7817
f 2185 7830 2184
f 9513 2771 3752
f 5682 5683 6658
f 7122 9631 9632
f 3048 9095 5777
f 10092 10153 9552
f 6676 43 5839
f 7788 3228 1781
f 5072 4316 9760
f 4821 9214 9716
f 5342 9911 5344
f 5478 8533 5477
f 9987 3014 3152
f 843 9750 3885
f 3049 9095 3048
f 4853 4743 4744
f 5339 4624 9861
f 1845 2558 6381
f 3752 3751 6425
f 2887 2888 320
f 5396 4704 4705
f 7882 5623 8491
f 6237 8489 9877
f 1788 1467 1468
f 9034 2360 5327
f 926 8113 2453
f 7094 4102 10008
f 9724 5378 5379
f 4590 3240 4570
f 8649 5024 2663
f 6493 6960 9943
f 4633 5497 9071
f 8570 6268 4545
f 4786 9437 4787
f 5981 4923 8308
f 2909 3062 3060
f 9984 9304 3310
f 6118 3546 9862
f 10068 5154 5155
f 10105 7281 7282
f 5289 7846 323
f 7912 7350 2873
f 5197 5196 8744
f 10160 7966 7967
f 1061 3563 7366
f 6967 9639 9735
f 1798 8321 8671
f 5361 8691 9432
f 7889 6060 6923
f 4116 10142 10003
f 6653 8415 8416
f 10117 6617 9779
f 5971 8199 8053
f 7753 8821 7756
f 6331 8802 3810
f 9396 1893 4837
f 4108 10178 10179
f 8520 6591 6589
f 3263 10067 1267
f 6630 3688 7730
f 9746 8199 9970
f 1620 3306 9193
f 8324 9971 8323
f 7032 4906 9801
f 4060 4061 8547
f 6484 6829 7927
f 6774 5836 8993
f 3199 8157 3201
f 6169 983 981
f 9660 10002 9117
f 2887 320 2095
f 5534 1537 1538
f 5597 6123 9479
f 6106 2924 7928
f 4300 10188 2028
f 2976 4297 6082
f 8056 8960 6707
f 8056 6915 8960
f 9923 529 7285
f 1451 4353 523
f 7545 7874 7544
f 10009 9940 6071
f 145 8689 6625
f 2744 8529 2743
f 1301 2729 4974
f 1442 10144 5998
f 7035 8570 1182
f 2473 2471 6731
f 9523 1687 4434
f 109 110 6910
f 6988 4388 3518
f 9563 9378 4947
f 6555 8052 5570
f 3 7656 7174
f 9973 5023 9517
f 3697 8499 6042
f 3567 3568 101
f 2795 8873 550
f 9006 10104 9675
f 10052 4832 4830
f 10052 9614 4832
f 9962 9608 9609
f 274 4354 1432
f 4927 4928 7287
f 10178 5583 7634
f 2028 309 2027
f 3969 7783 7784
f 8212 1575 1425
f 1126 927 3544
f 8436 8906 3584
f 10218 10202 9784
f 324 846 5289
f 9287 9288 9349
f 3112 1487 1488
f 9388 1323 9089
f 1150 3687 6773
f 8920 8155 1496
f 4869 4870 3870
f 9918 10213 10222
f 10094 6564 6565
f 4969 4005 1390
f 9732 2390 2388
f 1090 8886 1092
f 9128 2893 6071
f 10197 9410 8440
f 8251 6091 5885
f 8580 5535 8582
f 1729 487 8081
f 5970 9777 3803
f 7932 10206 7931
f 8914 5916 9832
f 9212 5020 7574
f 8503 7534 9484
f 5313 3421 3422
f 5883 10063 9999
f 9591 298 6508
f 4987 6701 7770
f 4861 160 158
f 9812 5981 6252
f 1794 5743 6350
f 5449 8023 8024
f 4992 5594 1137
f 9616 8622 10103
f 771 4621 433
f 2970 9919 2969
f 6246 3560 9323
f 453 2999 9717
f 6421 7995 8462
f 9867 9630 1744
f 9492 8839 9696
f 9378 3782 4947
f 2954 2955 9330
f 5737 8303 10156
f 8194 8773 9988
f 6604 3928 6607
f 6307 6308 8947
f 3461 2637 3379
f 8412 8356 9168
f 9251 8226 1486
f 4021 4019 2407
f 3668 3669 10194
f 10185 3442 8502
f 5819 8073 8004
f 5611 7321 7082
f 9822 5803 5428
f 8425 9337 8424
f 10001 5866 9526
f 3717 8127 156
f 7214 8247 4221
f 10032 9880 8118
f 5989 375 373
f 1236 1237 8761
f 663 10084 7755
f 8818 8819 9235
f 7679 7677 6474
f 5758 1602 5817
f 6237 6235 8488
f 9628 9642 8257
f 7639 4105 10019
f 1089 9646 5401
f 6829 6485 6831
f 4432 9794 3227
f 7468 1640 1641
f 10088 3052 3128
f 7199 6088 6089
f 5579 9885 10122
f 7260 2789 3039
f 9108 2370 9501
f 7000 1090 362
f 10085 9984 8257
f 8317 8002 8263
f 58 59 2187
f 1662 9924 7695
f 9924 1639 10159
f 1619 10106 7943
f 6668 9101 9102
f 10173 4034 8112
f 10173 7469 4034
f 7874 5225 6296
f 8933 7248 6861
f 2901 754 8003
f 7185 7186 10136
f 1891 944 8171
f 6427 6428 9676
f 6864 7350 7912
f 9600 6890 4
f 7892 9817 8654
f 1835 3889 3887
f 5171 6926 1163
f 4685 1383 6720
f 9739 7720 1267
f 2300 2160 1130
f 809 2779 2172
f 8912 9559 1422
f 1599 8791 1598
f 8232 8231 9230
f 5816 5817 1602
f 6657 5683 4914
f 956 9968 8292
f 6077 7970 7475
f 5822 3959 724
f 8056 6707 9197
f 1083 7112 4605
f 1710 5035 3806
f 1156 1154 9330
f 9386 10006 9930
f 1916 10112 1915
f 3532 7298 4612
f 9776 10130 8102
f 5078 9619 5648
f 6861 5077 6860
f 7127 6595 8248
f 10213 9918 3765
f 59 60 619
f 3153 3151 9432
f 696 10016 8493
f 676 6426 4656
f 676 674 6426
f 10167 9827 9698
f 1741 1742 4646
f 1287 2698 4773
f 5816 1602 7608
f 10221 7187 7185
f 8019 1799 8261
f 5915 2522 4715
f 3634 7814 8033
f 4766 529 9530
f 522 8721 524
f 9279 1006 5421
f 5514 5513 6532
f 4683 4684 6660
f 8863 3737 8473
f 553 1467 552
f 4387 4488 4386
f 3734 9738 6249
f 2547 10130 5495
f 1503 9566 6321
f 396 8649 677
f 1556 3626 1555
f 9335 9357 7923
f 6852 7009 10223
f 6547 6782 5551
f 4697 954 1058
f 7077 6454 6455
f 6737 9217 5591
f 9214 4821 2680
f 4057 9986 7921
f 2181 2672 129
f 4109 8927 1535
f 9339 10137 10186
f 8818 9054 8817
f 869 870 9826
f 9995 10196 9143
f 2994 463 5527
f 7363 7362 6487
f 7952 9950 6080
f 5339 6567 4624
f 5716 1968 9625
f 9899 10046 5993
f 4837 7439 5960
f 2304 2301 8411
f 699 2772 195
f 5982 5925 5984
f 4596 4595 8233
f 2125 3833 7793
f 1893 8154 1895
f 1893 9949 8154
f 4921 4922 9272
f 2847 1655 2764
f 7191 9314 8910
f 4450 5033 10214
f 5700 6526 5699
f 9890 3796 9839
f 5771 5650 6011
f 5469 9737 4849
f 4456 891 2841
f 1865 5697 1864
f 8977 10208 6992
f 2473 6732 9653
f 5483 9749 5482
f 6265 8783 2675
f 7890 2389 7154
f 184 3455 183
f 7191 7850 8837
f 8850 10135 7397
f 1336 8528 2872
f 5343 5426 7481
f 886 7288 7289
f 10014 4841 4571
f 9030 3674 3684
f 6471 6469 1592
f 6268 8570 6267
f 8816 10198 4295
f 10040 9375 7669
f 9842 10047 1298
f 9292 6669 8019
f 10127 9699 6550
f 9721 9166 9165
f 4684 3446 8407
f 9456 9043 9044
f 5989 4825 7074
f 5871 5870 3599
f 289 9395 9629
f 932 933 2964
f 8713 608 609
f 10133 6470 6471
f 9815 8755 6538
f 5101 8675 9847
f 10089 9681 8632
f 2910 9836 2909
f 7249 8771 7250
f 4745 2667 2116
f 8901 5841 8900
f 8720 7077 9313
f 3350 3348 1559
f 5719 6920 923
f 2358 9126 452
f 5750 5478 5476
f 9426 2474 2475
f 4083 8643 5093
f 8099 5774 9376
f 4247 8902 8900
f 9889 4160 9428
f 5193 508 509
f 9616 10103 8488
f 9343 1308 4435
f 9700 10206 10146
f 8987 7585 7586
f 8258 10033 8257
f 3763 5238 3739
f 6333 1795 9299
f 8663 5900 5901
f 8668 1464 7313
f 9706 9190 9191
f 7678 7679 559
f 3231 7532 9473
f 6611 1897 6294
f 3525 9289 9287
f 3525 7123 9289
f 8592 2245 8953
f 9500 8911 1383
f 6038 7701 8237
f 9829 10126 8706
f 1945 3873 3871
f 6949 9774 8591
f 9374 10040 9792
f 4615 4616 8908
f 7060 7059 7057
f 6509 6507 285
f 6917 6918 8827
f 193 191 5184
f 5509 8130 4676
f 355 356 2933
f 425 6759 4452
f 8924 6632 9622
f 2118 6395 1611
f 7731 4017 7483
f 8740 6315 9536
f 4772 1896 6384
f 5659 7320 2600
f 6106 4716 2923
f 186 187 9370
f 5398 2306 10155
f 9689 5120 9690
f 7341 7585 5408
f 10215 9509 5015
f 9689 6787 5120
f 9267 9676 5569
f 8369 9807 8368
f 4841 1681 4571
f 8928 5235 5233
f 10224 5754 5755
f 9642 9641 10034
f 7120 6744 7653
f 2399 5711 8001
f 6561 9347 6560
f 4326 6521 9572
f 3725 3726 4392
f 5129 8538 5130
f 1271 4492 8851
f 4497 9279 1784
f 4752 4753 4354
f 7077 8942 5902
f 4586 6464 10060
f 9471 10000 6830
f 937 5470 6943
f 8602 9523 4434
f 4893 8512 8058
f 8447 2385 9151
f 9363 4827 4828
f 6791 6792 8637
f 8481 8738 9626
f 7405 8270 2063
f 8402 1134 7863
f 9985 9833 9035
f 6084 2457 2458
f 5565 3928 8541
f 9452 9926 10057
f 9218 2668 9057
f 9868 9917 3708
f 3169 6173 3168
f 9638 4447 9283
f 7563 2202 8597
f 2076 9565 5629
f 4415 9782 9783
f 8983 8752 9681
f 4853 4744 7459
f 9948 4822 10091
f 9348 9902 2725
f 9976 7497 5453
f 7158 597 6058
f 8496 681 9139
f 4005 5435 1390
f 8257 10033 10086
f 1767 7751 5038
f 4593 1404 5388
f 6285 8711 8191
f 9856 9359 9855
f 465 9957 5348
f 5399 9187 2305
f 10070 10109 6409
f 8663 1641 9925
f 2675 9120 6264
f 3220 6987 3222
f 8165 1768 7911
f 3907 3908 7877
f 5906 8417 8959
f 876 454 875
f 7756 8821 7973
f 2509 7309 8964
f 5022 5023 9973
f 8608 1164 5068
f 10134 6227 6556
f 4606 3272 3273
f 1012 1013 10007
f 4855 10183 4854
f 5152 5750 5751
f 2161 4721 4722
f 5883 9907 5882
f 7677 3952 6474
f 7790 8491 2920
f 2402 8791 9309
f 4720 5105 3766
f 9055 1190 8459
f 9824 9593 5995
f 2055 10148 40
f 8015 7641 9786
f 8140 9804 9265
f 3968 6210 9554
f 10001 9999 10063
f 3597 5531 6453
f 3597 8753 5531
f 5120 5786 9690
f 4020 10045 4019
f 2867 5532 8866
f 8713 7120 7653
f 1616 4142 8627
f 2698 1287 1288
f 9377 7375 3782
f 2021 1859 9648
f 9752 4697 9137
f 3716 9220 3718
f 7301 5754 9991
f 748 749 4724
f 10009 9027 9940
f 362 1090 1091
f 363 361 1768
f 7971 10029 9493
f 7649 8522 4066
f 1880 3410 3411
f 7702 5959 5986
f 1252 9679 6160
f 2444 10225 7880
f 4586 3465 3463
f 1268 1269 8461
f 9054 629 1190
f 10219 7103 7510
f 6333 5044 5045
f 7240 7277 2099
f 4847 8575 8576
f 3413 6322 9127
f 8099 9374 8161
f 4147 7044 7042
f 4147 9933 7044
f 7812 9116 7180
f 6306 10059 9902
f 10143 9819 9885
f 1890 1891 10161
f 10054 5163 10043
f 8078 9141 7026
f 6217 465 10075
f 8600 9557 6586
f 8600 9556 9557
f 10052 9994 3773
f 7024 6065 7851
f 4736 4611 8429
f 5847 829 5846
f 6465 308 309
f 8025 8846 2510
f 5141 5142 10168
f 517 518 6540
f 9968 6970 9906
f 4199 1247 9894
f 2661 6390 7299
f 7012 8555 1821
f 10075 465 5348
f 8127 8128 155
f 8636 9699 10127
f 1089 6602 1088
f 232 9600 4
f 5637 6883 5636
f 1717 10110 3046
f 1664 9026 8452
f 9428 9461 2942
f 7875 10041 5938
f 8498 2281 8707
f 4221 4222 6817
f 9028 9365 6517
f 9028 9108 9365
f 1686 5073 7765
f 4280 4052 9217
f 7285 1512 3173
f 9455 4561 1555
f 7350 6865 1335
f 9030 538 3674
f 4061 8543 8542
f 8761 1237 2890
f 9860 7939 7938
f 3646 7952 7682
f 10093 10199 4767
f 6087 6085 2922
f 5400 1089 5401
f 697 10016 696
f 3853 3851 2780
f 7652 6828 9833
f 8986 8486 6484
f 8213 5790 8212
f 662 10226 3164
f 5241 1930 1931
f 5970 6555 9777
f 6621 10034 6620
f 2466 23 9677
f 3951 7170 8054
f 8917 8916 7537
f 8435 9390 6831
f 1923 9752 9137
f 7036 8569 7035
f 3151 3152 3014
f 4055 8888 9915
f 3361 6560 2918
f 1693 7088 1692
f 1870 9208 6028
f 7583 8221 6450
f 7858 5657 7859
f 8003 6254 6252
f 10042 10104 8489
f 5428 5426 9822
f 5891 8872 7092
f 5343 8848 5426
f 8945 3098 2650
f 5849 5896 5850
f 819 231 5
f 9184 3865 8840
f 9640 6479 6480
f 2499 9880 8437
f 7566 9621 9442
f 7927 4246 8986
f 401 2961 2960
f 8004 8073 9845
f 3785 3786 8877
f 3742 2321 5885
f 4676 9230 4675
f 9561 9303 8902
f 10073 9724 10111
f 10227 6585 6586
f 7673 6494 9433
f 3890 8852 8587
f 4818 9837 9838
f 8298 1424 9239
f 4969 1390 4968
f 7232 7230 9695
f 2641 9800 6818
f 4281 4213 4211
f 9370 8470 4419
f 8519 9755 8520
f 4018 9102 8193
f 3546 2278 9862
f 2895 2893 9128
f 4758 1985 1986
f 9966 8771 4564
f 9797 7897 629
f 7773 7774 8728
f 3492 9195 2888
f 8887 8409 3140
f 9145 2376 9959
f 2970 3190 9919
f 7767 10151 9048
f 8695 7677 7431
f 4135 5903 4134
f 4745 2117 3538
f 1361 974 5070
f 10186 10137 10136
f 2204 4048 2206
f 8071 10044 10143
f 10037 4768 9530
f 10116 263 264
f 6787 9689 9687
f 7258 9990 10064
f 10119 5465 5466
f 7807 7805 6764
f 9697 6348 6349
f 2307 4529 5869
f 6558 8048 2112
f 9212 7574 3257
f 8701 6110 7820
f 1946 1944 1405
f 7953 2682 2680
f 6488 10113 9318
f 9239 1425 1575
f 10084 3165 10207
f 8183 8709 1332
f 10043 5160 10144
f 8289 8917 8288
f 9406 5217 9873
f 7923 9357 10217
f 8861 1362 9913
f 1128 7104 2256
f 9848 4369 1211
f 9045 10079 7615
f 7691 7183 6851
f 5859 10149 6230
f 916 3900 918
f 10098 9280 9704
f 6721 3190 3191
f 4114 9119 10083
f 8082 4049 2652
f 5971 2042 2040
f 2053 4950 4951
f 7123 1506 9289
f 457 6167 9093
f 969 10172 7264
f 206 9893 9649
f 8671 9942 10208
f 9331 2495 678
f 9974 6564 9020
f 4167 4165 2611
f 5266 10198 8816
f 10083 9119 2412
f 9107 9821 4976
f 8257 9642 8256
f 7443 1027 5473
f 3773 9040 10052
f 9918 3119 1561
f 4289 4561 4291
f 8408 778 8414
f 6586 9557 10227
f 6235 9308 9627
f 9195 3492 9407
f 4291 7012 9996
f 5375 10012 8379
f 7702 5986 8848
f 7645 2352 7508
f 7527 4557 7983
f 10114 3856 9998
f 9751 3907 7877
f 9571 7712 6790
f 10110 10197 8441
f 6530 8853 5514
f 8774 1117 7529
f 8774 1116 1117
f 2993 9545 2992
f 3222 6987 10101
f 10015 7699 924
f 851 8200 9733
f 2456 2454 8738
f 3560 2965 6221
f 2720 6226 1799
f 2720 8021 6226
f 7543 8973 8242
f 1699 1700 8672
f 10171 9274 9273
f 8300 9442 2263
f 6586 6584 6610
f 8139 1831 1829
f 1299 7456 9891
f 3129 3130 1157
f 5537 4250 2957
f 8742 8955 6137
f 9489 1489 3113
f 9821 9144 10160
f 1425 9239 1424
f 6608 2357 4276
f 9555 9969 9601
f 6043 8793 1166
f 9928 8523 4239
f 6354 4988 9591
f 10201 275 9952
f 7742 1087 5973
f 6197 3940 3941
f 9630 8143 7278
f 7842 9811 3078
f 9835 9158 4840
f 9089 1323 7801
f 6643 8158 5732
f 2505 7861 1926
f 6613 8444 7604
f 6284 7413 9762
f 10191 10195 5736
f 6830 8101 8758
f 10137 10220 7185
f 8284 8285 8558
f 5951 7329 9731
f 9706 10194 4327
f 1744 7322 9867
f 10143 10044 9819
f 8086 6729 10070
f 5973 1087 1088
f 6483 6484 8486
f 9408 7995 6421
f 9604 3335 3336
f 488 1167 9768
f 9218 5133 2668
f 9883 3859 9736
f 7441 8920 5913
f 4748 3201 8157
f 9632 1505 7123
f 5589 9511 10152
f 7807 8418 2300
f 9263 7704 1941
f 5750 5152 5267
f 7216 8729 8727
f 8612 5117 5115
f 889 1771 1769
f 6152 6153 6418
f 7749 6988 6989
f 3430 3668 10194
f 1897 2336 6383
f 989 9613 8136
f 1153 6959 9845
f 8774 8878 8391
f 5840 5841 8901
f 6733 9711 2261
f 4802 1322 3949
f 8536 4003 7964
f 3164 10226 7318
f 9758 9757 9905
f 30 28 9369
f 9832 3857 9274
f 10054 8865 6373
f 4637 4920 1824
f 9801 9816 9815
f 10110 7938 3046
f 6547 9742 6782
f 5094 7939 9445
f 6086 5500 10010
f 6120 8545 4408
f 3883 9071 6670
f 1687 2462 9770
f 5188 6922 9587
f 10003 7956 7957
f 3821 6487 7362
f 4153 4151 8178
f 2566 2567 4849
f 10220 10137 9339
f 2040 2041 9733
f 3173 9923 7285
f 10177 4854 10176
f 3233 6575 10106
f 9826 4645 4177
f 10189 5113 7391
f 8066 8067 7580
f 7105 9634 6278
f 10032 9516 10031
f 7010 9021 7009
f 289 5958 9395
f 6921 4351 946
f 2097 7191 8910
f 7832 7830 10150
f 7306 7307 9233
f 4328 2825 2323
f 6120 7862 4245
f 8713 7653 10190
f 5082 8533 5268
f 1795 6333 7587
f 9419 9928 9162
f 7143 8322 7142
f 1890 10161 9912
f 3269 6743 4725
f 297 9866 299
f 6524 8126 10036
f 8305 9067 9579
f 7604 8444 5456
f 9656 4507 7166
f 1266 2266 1265
f 3034 5390 8866
f 7515 9738 3734
f 8630 5184 6945
f 5106 5107 7528
f 8341 8035 4848
f 3436 5986 5960
f 5113 5114 8780
f 3892 1476 3417
f 1822 8194 4674
f 6712 8408 8409
f 2979 1377 9740
f 9234 7705 8465
f 4672 7792 8943
f 8820 6918 9579
f 6538 8755 6537
f 9169 9922 5919
f 8011 6790 7712
f 9885 9819 7698
f 5647 7103 10219
f 9119 2459 2457
f 8344 7463 7729
f 7683 7149 7150
f 5371 8803 6547
f 6285 7413 6284
f 2185 10228 10150
f 2071 9284 9285
f 5298 3797 3872
f 9963 364 3219
f 2661 2662 9097
f 8545 8546 10014
f 9362 9854 9361
f 7939 9860 9445
f 2663 7134 1621
f 7494 9318 10113
f 2667 4745 2666
f 4955 5894 4954
f 6959 7206 9845
f 9365 9501 4942
f 5998 10144 1304
f 3647 8629 2644
f 4281 4282 6555
f 8313 9774 8315
f 6947 655 7509
f 5744 235 236
f 5744 9490 235
f 4818 6329 9837
f 9724 5379 9503
f 8032 8002 8031
f 2923 9098 2925
f 6844 9633 7380
f 10177 1919 5373
f 9192 9018 9387
f 10113 6488 9291
f 5075 8330 7879
f 8546 3075 5262
f 3296 3035 6802
f 3115 3914 3114
f 3168 7060 3894
f 10212 7831 7832
f 9683 7170 7171
f 9926 4683 6661
f 8916 7881 7537
f 9686 1998 1999
f 9916 10120 7696
f 8897 1089 5400
f 9636 4606 3273
f 10192 8478 8477
f 8350 10052 9040
f 8626 8434 6010
f 8626 1693 8434
f 6902 7692 7601
f 374 2261 9711
f 9499 4459 2560
f 757 758 5735
f 9742 9934 5006
f 5488 3503 3504
f 4412 6751 1861
f 8149 8387 5034
f 7093 9238 7092
f 8396 7896 9236
f 9992 9998 2641
f 3926 6607 3928
f 9622 6632 6932
f 8863 7862 8862
f 5883 9525 9907
f 5624 4290 9464
f 9923 3174 529
f 5845 5846 3430
f 9070 2882 8059
f 5048 2264 7744
f 2541 6121 9862
f 8160 6381 10066
f 9545 8893 9670
f 7708 5952 9938
f 7770 5955 7852
f 8527 10224 5755
f 7409 3774 3772
f 9054 8818 9797
f 5702 5495 9776
f 3822 3927 5565
f 6719 1835 8449
f 5925 5923 9181
f 6411 6862 9319
f 781 9593 9824
f 3950 9073 9777
f 9880 10031 6960
f 9493 4280 6737
f 178 9100 9331
f 10080 7806 2300
f 6580 4953 4954
f 9241 8110 8551
f 9241 9763 8110
f 5902 9313 7077
f 9938 5953 7479
f 7284 6161 8250
f 10188 4300 4298
f 8913 5949 554
f 2747 6112 6113
f 2747 341 6112
f 7254 7255 9386
f 4064 4065 9425
f 10081 10200 7571
f 9893 7497 9894
f 2675 6264 6265
f 4254 1746 1747
f 9383 7682 272
f 1126 926 927
f 4019 6563 2407
f 8819 9854 9362
f 5828 1785 1841
f 3306 3307 3381
f 2209 1662 7695
f 9378 8326 9377
f 6444 6382 6446
f 3746 10063 5883
f 10034 6621 9642
f 9158 4275 9301
f 7678 7431 7677
f 560 3976 559
f 570 8394 569
f 9259 4245 7862
f 8787 4622 4621
f 2113 7282 7356
f 8364 1645 2362
f 9913 126 2118
f 10156 8303 6980
f 10057 9926 6661
f 8857 6400 8621
f 9910 1225 5942
f 4327 10194 3669
f 2121 9601 9969
f 1278 6398 1277
f 7382 7492 2377
f 2306 8411 10155
f 6713 7992 3161
f 9131 10068 9130
f 530 7285 529
f 8305 9579 6587
f 7025 7024 8559
f 6156 4262 7913
f 2646 6946 7507
f 10160 7967 10191
f 8360 5150 4526
f 9535 7280 9246
f 8902 4247 9561
f 8420 947 8988
f 2771 9513 7672
f 8862 7862 2032
f 8887 8182 2299
f 2300 2301 10080
f 309 10188 10060
f 8052 6555 5970
f 4855 4856 10229
f 5319 4540 3817
f 42 40 8632
f 10088 3051 3052
f 8801 1768 8164
f 9177 9178 9930
f 3129 1157 1158
f 10012 5375 8562
f 5536 1539 7435
f 10071 7971 9494
f 3503 1261 12
f 6989 9071 9567
f 284 5404 283
f 5367 3246 3247
f 1407 1944 4740
f 2354 9695 7230
f 7374 9223 4204
f 4143 9668 4142
f 3126 3127 9858
f 7316 1920 9564
f 1577 1575 8212
f 3658 7531 9426
f 1320 3949 1322
f 6053 5038 6858
f 5073 4619 7765
f 4875 10148 9947
f 6481 8394 1732
f 3708 6321 9868
f 7991 3016 5306
f 7257 10203 10135
f 8103 3664 6013
f 9239 8768 8686
f 7688 8645 7078
f 9411 9283 4447
f 3334 4590 5366
f 3782 7375 3784
f 7240 2099 10153
f 4469 3955 8562
f 9867 9960 9630
f 9232 9231 10216
f 10077 3868 9947
f 10210 3128 3126
f 2944 7907 4731
f 10212 7832 10150
f 1869 523 4353
f 7934 4335 3559
f 5606 8038 1303
f 2801 7848 7771
f 7830 7831 9858
f 8462 7995 8548
f 4954 5484 5482
f 337 338 4353
f 8248 7125 7126
f 4845 6264 9120
f 7533 875 9003
f 3061 9898 4653
f 8025 7957 8846
f 6915 7170 6914
f 9698 8406 3447
f 3404 9349 9350
f 8051 10148 4875
f 3626 8930 3625
f 9957 2827 2828
f 9118 9117 9139
f 6012 5773 6011
f 7025 8559 6678
f 2499 526 7525
f 1640 7468 10011
f 5242 5241 5260
f 9827 9802 7989
f 7738 7739 9029
f 155 5775 157
f 5841 2001 2002
f 9812 4925 5981
f 8570 4545 1182
f 7967 7968 10195
f 3857 5916 3856
f 975 1450 977
f 9650 8557 1093
f 9650 8350 8557
f 8640 7589 10211
f 7149 7843 4101
f 10081 10212 10115
f 9561 9562 10184
f 8517 1651 5735
f 6588 2234 3326
f 9993 8186 6972
f 7122 2812 9631
f 8848 8312 9822
f 10175 10002 10083
f 10143 9885 5579
f 9519 9895 9930
f 2700 9114 2699
f 9445 9860 8307
f 1309 1310 10019
f 9580 9067 6281
f 654 9768 653
f 8657 7244 7487
f 1506 7123 1505
f 2385 5487 5488
f 10103 8622 7114
f 10044 10229 4856
f 10225 8655 8680
f 3556 4879 3558
f 3400 1820 9586
f 6484 6485 6829
f 3345 3346 5336
f 6963 9712 7480
f 2810 5857 2812
f 3696 1 83
f 8547 8545 4245
f 7509 655 63
f 1266 7721 860
f 3758 9954 9460
f 8645 4552 7078
f 4205 7772 6667
f 8467 4275 2357
f 10149 3721 6230
f 3339 9874 3338
f 2993 2994 5527
f 8816 5265 5266
f 1309 10019 3115
f 9704 9486 10098
f 4108 10179 9790
f 2282 4869 9367
f 7875 6214 10041
f 4855 10229 10182
f 3127 3128 7925
f 8868 4507 9656
f 3197 3436 7439
f 5565 7732 3822
f 5593 5594 4992
f 8375 6355 7588
f 9632 7123 7122
f 4870 9346 8789
f 4870 2283 9346
f 10163 6660 8405
f 6500 9821 10160
f 1131 8813 1130
f 4914 5683 9941
f 9955 4442 4443
f 7320 2390 7329
f 9870 1728 5250
f 6431 7982 4230
f 9879 10010 2799
f 9513 8117 8116
f 9486 9704 1183
f 10141 9783 10202
f 7413 6868 1916
f 7603 3433 5314
f 10135 10203 7398
f 7987 6415 3703
f 5645 9555 9601
f 5754 10065 9991
f 6498 4976 6500
f 412 9744 5469
f 6048 1465 3236
f 10052 4830 9994
f 3051 9875 6227
f 2537 6532 5513
f 5560 10100 6230
f 8396 9236 1020
f 1818 1816 7214
f 9572 2064 7712
f 2442 2811 3523
f 2420 5733 6845
f 10109 6903 6409
f 7257 10065 10203
f 7078 4552 7077
f 5427 5428 9969
f 6518 5705 7454
f 10180 8449 3887
f 10222 9469 9918
f 7511 10219 7510
f 7511 5646 10219
f 2905 8609 3583
f 1430 9201 1429
f 4908 4060 1505
f 9656 186 8868
f 9045 5789 7885
f 7494 10113 9992
f 1346 4737 3655
f 7919 7920 8558
f 10212 10228 10115
f 10094 9020 6564
f 9525 5883 9999
f 3208 4083 2080
f 1536 7936 1704
f 5705 6518 3583
f 2120 2121 10005
f 8858 1266 860
f 6945 2875 655
f 9978 9857 7247
f 3346 3347 8569
f 2535 2536 3635
f 9990 7300 7301
f 8491 7790 7882
f 429 430 9939
f 1507 4060 4245
f 5236 8474 8476
f 4538 7863 1132
f 9561 4247 8475
f 9238 7128 7092
f 7348 9521 9520
f 4674 9805 1822
f 8292 9968 9906
f 3095 8536 8803
f 8184 1744 9630
f 9496 9388 1286
f 9930 9895 9436
f 4356 633 927
f 3127 528 4766
f 7605 6002 5240
f 9825 9213 9921
f 9797 8818 7897
f 10170 5755 9997
f 10193 7897 1140
f 6226 6227 9876
f 6166 10198 5266
f 4279 4280 9493
f 9525 6966 6964
f 631 10193 5563
f 10210 3126 7831
f 2351 9837 6329
f 4357 4358 8344
f 8667 3841 1464
f 5579 5274 10143
f 4193 2384 8447
f 10207 3166 10170
f 10059 6306 1593
f 7497 2480 5452
f 2392 3593 7330
f 9917 5351 5352
f 1690 7872 7873
f 4221 6817 10166
f 5459 9345 9671
f 5484 4954 5894
f 9066 2833 10163
f 7968 6606 6607
f 8029 4298 9946
f 6227 10134 3051
f 3015 1260 3151
f 554 5997 8913
f 4179 8353 4178
f 9990 7258 7972
f 1172 1170 5138
f 4753 4880 7964
f 7598 6956 5484
f 8517 5735 758
f 4134 9685 4709
f 1431 8984 10018
f 2796 8185 2795
f 7480 9938 7479
f 629 7897 10193
f 4042 9909 867
f 9995 6884 8144
f 8909 4199 9976
f 8728 6649 7317
f 7124 1543 9049
f 1826 2150 2148
f 4676 8232 9230
f 455 8801 8164
f 5386 1815 3023
f 7571 10209 10081
f 4946 4947 10139
f 10223 10204 2810
f 4053 10135 8850
f 9055 9854 8817
f 10019 1310 7639
f 7925 2781 530
f 7732 2892 2890
f 1817 8349 8120
f 9997 7300 7999
f 7806 10080 10171
f 667 8765 1102
f 4732 6281 9067
f 5488 9151 2385
f 3372 9811 10196
f 7807 2300 7806
f 9539 9546 7965
f 8542 8547 4061
f 9568 9434 8058
f 7213 7214 10166
f 6171 4019 6909
f 4708 4707 4907
f 10225 8680 237
f 7626 9562 4831
f 8049 8047 4535
f 4693 7709 8624
f 9884 5398 9885
f 7775 9095 3049
f 3053 5564 3052
f 8156 8157 8405
f 6945 655 6947
f 756 757 3227
f 10171 10080 9187
f 1183 7036 1182
f 2905 2903 4886
f 8529 7502 7494
f 7771 7848 8919
f 8770 8771 7249
f 4811 3962 489
f 4127 6209 386
f 5240 8577 7605
f 9775 6580 5482
f 3361 7008 6560
f 7264 8787 9846
f 7088 1693 4599
f 9001 2943 6467
f 5563 1141 5562
f 7009 6565 10204
f 9952 3112 1488
f 4290 4291 9996
f 5069 5067 5706
f 9751 6955 3907
f 5303 6719 8449
f 10126 2601 1769
f 7341 4008 7585
f 10153 10092 3463
f 7928 9472 6106
f 9098 2523 2925
f 4703 2033 4682
f 9609 9320 9321
f 6450 6516 6449
f 8654 9817 8681
f 1267 7721 1266
f 10214 5033 2034
f 6852 10223 2811
f 2810 10071 9662
f 8967 7134 8966
f 10228 10212 10150
f 2120 3805 3806
f 7843 10196 9811
f 5467 6993 10082
f 2904 8583 2903
f 2033 4703 4704
f 5652 7264 9846
f 6603 1088 6602
f 7589 8641 8687
f 664 3165 10084
f 7880 10225 237
f 8199 6427 8053
f 9561 10184 9303
f 10226 7317 7318
f 4854 10177 8729
f 1931 6519 5241
f 9989 6551 8687
f 4855 10182 10183
f 7925 530 528
f 9799 6290 3919
f 8655 8681 8680
f 8547 4245 4060
f 10209 10210 7831
f 10114 9998 9992
f 8460 8461 1269
f 9668 2573 5148
f 9020 8626 6011
f 8000 7300 7753
f 5586 8461 6703
f 10226 7773 8728
f 8546 5262 4841
f 8654 8681 8655
f 10186 5831 2987
f 2444 8655 10225
f 8846 7957 8665
f 4768 4766 9530
f 4908 1505 9632
f 9674 9111 8798
f 7316 10224 8527
f 7571 7572 10209
f 9187 5399 8417
f 6230 10100 9632
f 10224 7316 9564
f 10204 10223 7009
f 10208 10200 6993
f 10208 9942 10200
f 7216 8417 9884
f 2811 2812 3523
f 9046 5772 5446
f 10200 9942 7571
f 10155 8411 1543
f 7754 7999 7753
f 4840 8286 9106
f 8959 8417 7217
f 7999 7754 10084
f 10166 9974 9020
f 8626 4598 4599
f 9997 10207 10170
f 10220 9339 9078
f 9674 662 663
f 9511 3596 10152
f 9858 7831 3126
f 9475 10176 10182
f 8626 4599 1693
f 2186 4767 10199
f 10221 10220 9078
f 10071 10204 7973
f 7995 10136 7186
f 10157 10160 10191
f 5754 10203 10065
f 1543 7124 5579
f 8729 10177 5373
f 7214 4221 10166
f 10209 7831 10212
f 10226 8728 7317
f 5754 9564 10217
f 9274 10171 9187
f 8247 5360 9715
f 10182 9285 9475
f 1543 8411 2301
f 9884 5399 5398
f 10155 1543 5579
f 10166 9674 10151
f 4220 8247 9715
f 9997 7999 10207
f 10203 5754 10217
f 7300 8821 7753
f 9274 9187 8417
f 10136 9511 10186
f 10051 5467 10082
f 8821 7300 7972
f 9511 10136 3596
f 5591 5859 6737
f 7995 9408 10136
f 10166 6817 9111
f 9564 5754 10224
f 8729 7698 4854
f 7213 10166 9020
f 5772 10211 5446
f 5399 9884 8417
f 9884 8729 7216
f 10211 7589 5446
f 9674 10226 662
f 10204 10071 2810
f 7773 10226 9674
f 9674 10166 9111
f 9020 6011 7213
f 7972 7300 9990
f 2810 2811 10223
f 7698 8729 9884
f 5591 10149 5859
